id_anuncio,titulo,precio_usd,moneda_original,ubicacion,municipio,campos_faltantes,motivo,clase_motivo,url_busqueda,url_anuncio
56407423,Bicicleta eléctrica escooter de tres ruedas,950.0,USD,La Habana,Marianao,,exclusion: 3 ruedas,exclusion,https://www.revolico.com/search?q=bici+electrica&page=2,https://www.revolico.com/item/bicicleta-electrica-ecooter-de-tres-ruedas-56407423
57523033,"AV- 🛞 VENTA DE GOMAS Y NEUMÁTICOS 🛞, 38 USD",38.0,USD,La Habana,Diez de Octubre,,exclusion: accesorios/recuestos,exclusion,https://www.revolico.com/search?q=bici+electrica&page=3,https://www.revolico.com/item/av-venta-de-gomas-y-neumaticos-38-usd-57523033
56493523,Accesorios de motos 2do catálogo leer en la descripción somos del Vedado,1.0,USD,La Habana,Plaza,,exclusion: accesorios/recuestos,exclusion,https://www.revolico.com/search?q=bici+electrica&page=3,https://www.revolico.com/item/accesorios-de-motos-2do-catalogo-leer-en-la-descripcion-somos-del-vedado-56493523
57598185,GOMAS Y NEUMÁTICOS,1.0,USD,La Habana,Playa,,exclusion: accesorios/recuestos,exclusion,https://www.revolico.com/search?q=bici+electrica&page=3,https://www.revolico.com/item/gomas-y-neumaticos-57598185
57579884,GOMAS Y NEUMÁTICOS,50.0,USD,La Habana,Diez de Octubre,,exclusion: accesorios/recuestos,exclusion,https://www.revolico.com/search?q=bici+electrica&page=3,https://www.revolico.com/item/gomas-y-neumaticos-57579884
55846116,"Taller de Motos, piezas y accesorios",13.0,USD,La Habana,Diez de Octubre,,exclusion: accesorios/recuestos,exclusion,https://www.revolico.com/search?q=bici+electrica&page=3,https://www.revolico.com/item/taller-de-motos-piezas-y-accesorios-55846116
56351252,Taller de motos eléctricas y Accesorios,14.0,USD,La Habana,Diez de Octubre,,exclusion: accesorios/recuestos,exclusion,https://www.revolico.com/search?q=bici+electrica&page=3,https://www.revolico.com/item/taller-de-motos-electricas-y-accesorios-56351252
57630063,VENTA DE GOMAS Y NEUMÁTICOS,55.0,USD,La Habana,Cerro,,exclusion: accesorios/recuestos,exclusion,https://www.revolico.com/search?q=bici+electrica&page=3,https://www.revolico.com/item/venta-de-gomas-y-neumaticos-57630063
57567028,VENTA DE GOMAS Y NEUMÁTICOS,,,La Habana,Arroyo Naranjo,,exclusion: accesorios/recuestos,exclusion,https://www.revolico.com/search?q=bici+electrica&page=3,https://www.revolico.com/item/venta-de-gomas-y-neumaticos-57567028
57630325,Venta de Gomas y Neumáticos,35.0,USD,La Habana,Playa,,exclusion: accesorios/recuestos,exclusion,https://www.revolico.com/search?q=bici+electrica&page=3,https://www.revolico.com/item/venta-de-gomas-y-neumaticos-57630325
57630323,Venta de Gomas y Neumáticos,35.0,USD,La Habana,Playa,,exclusion: accesorios/recuestos,exclusion,https://www.revolico.com/search?q=bici+electrica&page=3,https://www.revolico.com/item/venta-de-gomas-y-neumaticos-57630323
57502721,Venta de gomas y neumáticos,1.0,USD,La Habana,Diez de Octubre,,exclusion: accesorios/recuestos,exclusion,https://www.revolico.com/search?q=bici+electrica&page=3,https://www.revolico.com/item/venta-de-gomas-y-neumaticos-57502721
57532804,Ventas de gomas y neumáticos,11.0,USD,La Habana,Centro Habana,,exclusion: accesorios/recuestos,exclusion,https://www.revolico.com/search?q=bici+electrica&page=3,https://www.revolico.com/item/ventas-de-gomas-y-neumaticos-57532804
57523271,🛞 VENTA DE GOMAS Y NEUMÁTICOS 🛞,40.0,USD,La Habana,Centro Habana,,exclusion: accesorios/recuestos,exclusion,https://www.revolico.com/search?q=bici+electrica&page=3,https://www.revolico.com/item/venta-de-gomas-y-neumaticos-57523271
57606211,🛞 VENTA DE GOMAS Y NEUMÁTICOS 🛞,1.0,USD,La Habana,Playa,,exclusion: accesorios/recuestos,exclusion,https://www.revolico.com/search?q=bici+electrica&page=3,https://www.revolico.com/item/venta-de-gomas-y-neumaticos-57606211
57665043,Gomas Motos,1.0,USD,La Habana,Cerro,,exclusion: moto,exclusion,https://www.revolico.com/search?q=bici+electrica&page=3,https://www.revolico.com/item/gomas-motos-57665043
56627088,MOTO ELECTRICA BUCATTY,2000.0,USD,La Habana,Habana del Este,,exclusion: moto,exclusion,https://www.revolico.com/search?q=bici+electrica&page=2,https://www.revolico.com/item/moto-electrica-bucatty-56627088
56876503,MOTO ELÉCTRICA KASAK 707,2980.0,USD,La Habana,Habana Vieja,,exclusion: moto,exclusion,https://www.revolico.com/search?q=bici+electrica&page=2,https://www.revolico.com/item/moto-electrica-kasak-707-56876503
55845953,Taller de Motos Eléctricas,2.0,USD,La Habana,Diez de Octubre,,exclusion: moto,exclusion,https://www.revolico.com/search?q=bici+electrica&page=3,https://www.revolico.com/item/taller-de-motos-electricas-55845953
56636613,Taller de Motos Eléctricas 🏍,6.0,USD,La Habana,Diez de Octubre,,exclusion: moto,exclusion,https://www.revolico.com/search?q=bici+electrica&page=3,https://www.revolico.com/item/taller-de-motos-electricas-56636613
56630423,"Taller de Motos Eléctricas 🛺 ☎️ 50127151 ☎️ 📮Dirección: Mayia Rodriguez # 234 / Milagros y Jonson, Sa",3.0,USD,La Habana,Diez de Octubre,,exclusion: moto,exclusion,https://www.revolico.com/search?q=bici+electrica&page=3,https://www.revolico.com/item/taller-de-motos-electricas-50127151-direccion-mayia-rodriguez-234-milagros-y-jonson-sa-56630423
56636580,Taller de motos eléctricas 🏍,4.0,USD,La Habana,Diez de Octubre,,exclusion: moto,exclusion,https://www.revolico.com/search?q=bici+electrica&page=3,https://www.revolico.com/item/taller-de-motos-electricas-56636580
57039121,🔥 ¡SUPER MOTO ELÉCTRICA ESTILO FAT BIKE - A ESTRENAR! 🔥,1400.0,USD,La Habana,San Miguel del Padrón,,exclusion: moto,exclusion,https://www.revolico.com/search?q=e-bike&page=2,https://www.revolico.com/item/super-moto-electrica-estilo-fat-bike-a-estrenar-57039121
57025782,🔥 ¡SUPER MOTO ELÉCTRICA ESTILO FAT BIKE - A ESTRENAR! 🔥,1400.0,USD,La Habana,La Lisa,,exclusion: moto,exclusion,https://www.revolico.com/search?q=e-bike&page=2,https://www.revolico.com/item/super-moto-electrica-estilo-fat-bike-a-estrenar-57025782
57514911,Bicimoto / Ciclomotor / Bici con motor / Bicicleta eléctrica / Bici eléctrica / Motocicleta ligera,650.0,USD,La Habana,Centro Habana,,exclusion: moto de combustib. / no es e-bike,exclusion,https://www.revolico.com/search?q=bicimoto&page=9,https://www.revolico.com/item/bicimoto-ciclomotor-bici-con-motor-bicicleta-electrica-bici-electrica-motocicleta-ligera-57514911
56982298,FAFREES F700M Electric Road Bike 250W 36V 700C*42C Commuter E-Bike Moped 9 Speed,380.0,USD,La Habana,Playa,,exclusion: moto de combustib. / no es e-bike,exclusion,https://www.revolico.com/search?q=e-bike&page=3,https://www.revolico.com/item/fafrees-f700m-electric-road-bike-250w-36v-700c42c-commuter-e-bike-moped-9-speed-56982298
48653221,"Pstineta electrica ,scooter nueva en su caja .",320.0,USD,La Habana,Cerro,,exclusion: patineta/scooter,exclusion,https://www.revolico.com/search?q=bici+electrica&page=2,https://www.revolico.com/item/taller-de-bici-latepdalcascos-gomas-candados-luces-bombascamaras-rayos-y-mas-te-esperamos-48653221
56481395,Scooter Eléctrico Plegable ⚡,540.0,USD,La Habana,Plaza,,exclusion: patineta/scooter,exclusion,https://www.revolico.com/search?q=e-bike&page=4,https://www.revolico.com/item/scooter-electrico-plegable-t1-56481395
57266060,"Aire acondicionado portátil, bici eléctrica, triciclos, ecoflou y más ... precios en las fotos",1.0,USD,La Habana,Playa,,exclusion: triciclo,exclusion,https://www.revolico.com/search?q=bici+electrica&page=1,https://www.revolico.com/item/aire-acondicionado-portatil-bici-electrica-triciclos-ecoflou-y-mas-precios-en-las-fotos-57266060
55481134,"Alarma antirrobo para moto, bicimoto, motorina, triciclo. Bicicleta eléctrica. Mando a distancia . 107 decibeles.",35.0,USD,La Habana,Plaza,,exclusion: triciclo,exclusion,https://www.revolico.com/search?q=bicimoto+electrica&page=6,https://www.revolico.com/item/alarma-antirrobo-para-moto-bicimoto-motorina-triciclo-bicicleta-electrica-mando-a-distancia-107-decibeles-55481134
55922204,"Alarmas de moto eléctrica, bicimoto y triciclos Yoazaky",10.0,USD,La Habana,Marianao,,exclusion: triciclo,exclusion,https://www.revolico.com/search?q=bicimoto+electrica&page=5,https://www.revolico.com/item/alarmas-de-moto-electrica-bicimoto-y-triciclos-yoazaky-55922204
55922093,"Alarmas de moto eléctrica, bicimoto y triciclos marca Yoazaky",10.0,USD,La Habana,Marianao,,exclusion: triciclo,exclusion,https://www.revolico.com/search?q=bicimoto+electrica&page=5,https://www.revolico.com/item/alarmas-de-moto-electrica-bicimoto-y-triciclos-marca-yoazaky-55922093
56796378,BICIMOTOS Y TRICICLO,111.0,USD,La Habana,Habana Vieja,,exclusion: triciclo,exclusion,https://www.revolico.com/search?q=bici+electrica&page=3,https://www.revolico.com/item/bicimotos-y-triciclo-56796378
55769280,Bicicletas Eléctricas y Triciclos – Varios modelos,,,La Habana,Centro Habana,,exclusion: triciclo,exclusion,https://www.revolico.com/search?q=bici+electrica&page=3,https://www.revolico.com/item/bicicletas-electricas-y-triciclos-varios-modelos-55769280
57695992,"Caja reguladora triciclo, moto y bici eléctrica",220.0,USD,La Habana,San Miguel del Padrón,,exclusion: triciclo,exclusion,https://www.revolico.com/search?q=bici+electrica&page=1,https://www.revolico.com/item/caja-reguladora-triciclo-moto-y-bici-electrica-57695992
56853794,Cambio vedca de un año y bicicleta eléctrica x6 haciendo todos sus km nueva en caja por toqman o triciclo pequeño,1.0,USD,La Habana,Plaza,,exclusion: triciclo,exclusion,https://www.revolico.com/search?q=bici+electrica&page=3,https://www.revolico.com/item/cambio-vedca-de-un-ano-y-bicicleta-electrica-x6-haciendo-todos-sus-km-nueva-en-caja-por-toqman-o-triciclo-pequeno-56853794
57577591,GOMAS - NEUMÁTICOS - Moto eléctrica - Triciclo - Bicimoto - Scooter ✴️ Medidas y precios en la descripción,1.0,USD,La Habana,Plaza,,exclusion: triciclo,exclusion,https://www.revolico.com/search?q=bicimoto+electrica&page=5,https://www.revolico.com/item/gomas-neumaticos-moto-electrica-triciclo-bicimoto-scooter-medidas-y-precios-en-la-descripcion-57577591
57475296,GOMAS NUEVAS//NEUMÁTICOS//TRICICLO//MOTO//MOTORINA//SCOOTER//GOMAS DE MOTO NUEVAS...,11.1,USD,La Habana,Plaza,,exclusion: triciclo,exclusion,https://www.revolico.com/search?q=bici+electrica&page=3,https://www.revolico.com/item/gomas-nuevasneumaticostriciclomotomotorinascootergomas-de-moto-nuevas-57475296
57468868,Gomas Para motos bicimotos y triciclos,1.0,USD,La Habana,Arroyo Naranjo,,exclusion: triciclo,exclusion,https://www.revolico.com/search?q=bici+electrica&page=3,https://www.revolico.com/item/gomas-para-motos-bicimotos-y-triciclos-57468868
57598421,Gomas de triciclos y motos,1.0,USD,La Habana,Playa,,exclusion: triciclo,exclusion,https://www.revolico.com/search?q=bici+electrica&page=3,https://www.revolico.com/item/gomas-de-triciclos-y-motos-57598421
57513041,"Gomas nuevas para motos eléctricas, scooters, motos automáticas, triciclos y bici-motos. Diferentes medidas",40.0,USD,La Habana,Plaza,,exclusion: triciclo,exclusion,https://www.revolico.com/search?q=bici+electrica&page=3,https://www.revolico.com/item/gomas-nuevas-para-motos-electricas-scooters-motos-automaticas-triciclos-y-bici-motos-diferentes-medidas-57513041
57522063,"Gomas nuevas para motos eléctricas, scooters, motos automáticas, triciclos y bici-motos. Diferentes medidas disponibles",1.0,USD,La Habana,Centro Habana,,exclusion: triciclo,exclusion,https://www.revolico.com/search?q=bici+electrica&page=3,https://www.revolico.com/item/gomas-nuevas-para-motos-electricas-scooters-motos-automaticas-triciclos-y-bici-motos-diferentes-medidas-disponibles-57522063
57511519,"Gomas o neumáticos para triciclos, motos eléctricas y automáticas",30.0,USD,La Habana,Boyeros,,exclusion: triciclo,exclusion,https://www.revolico.com/search?q=bici+electrica&page=3,https://www.revolico.com/item/gomas-o-neumaticos-para-triciclos-motos-electricas-y-automaticas-57511519
57513547,Gomas y neumaticos de balón para motos y triciclos,40.0,USD,La Habana,Playa,,exclusion: triciclo,exclusion,https://www.revolico.com/search?q=bici+electrica&page=3,https://www.revolico.com/item/gomas-y-neumaticos-de-balon-para-motos-y-triciclos-57513547
56128068,"Moto, bicimoto y triciclo y mucho más MOTO DE COMBUSTIÓN, ELÉCTRICA, TRICICLO Y AUTOS. Wa.me/53307798 Puede añadir a fa",1.0,USD,La Habana,Marianao,,exclusion: triciclo,exclusion,https://www.revolico.com/search?q=bicimoto+electrica&page=6,https://www.revolico.com/item/moto-bicimoto-y-triciclo-y-mucho-mas-moto-de-combustion-electrica-triciclo-y-autos-wame53307798-puede-anadir-a-fa-56128068
57511574,Neumáticos para sus Triciclos,40.0,USD,La Habana,Boyeros,,exclusion: triciclo,exclusion,https://www.revolico.com/search?q=bici+electrica&page=3,https://www.revolico.com/item/neumaticos-para-sus-triciclos-57511574
57064284,Puño acelerador de 3 velocidades con reversa moto electrica Bicimoto triciclo,12.0,USD,La Habana,Plaza,,exclusion: triciclo,exclusion,https://www.revolico.com/search?q=bicimoto+electrica&page=5,https://www.revolico.com/item/puno-acelerador-de-3-velocidades-con-reversa-moto-electrica-bicimoto-triciclo-57064284
57576041,TRICICLO,5100.0,USD,La Habana,Playa,,exclusion: triciclo,exclusion,https://www.revolico.com/search?q=e-bike&page=3,https://www.revolico.com/item/triciclo-57576041
57492555,TRICICLO MAGIC BIKE DOBLE,4700.0,USD,La Habana,Habana del Este,,exclusion: triciclo,exclusion,https://www.revolico.com/search?q=e-bike&page=1,https://www.revolico.com/item/triciclo-magic-bike-doble-57492555
57106554,TRICICLO MAGIC BIKE DOBLE,5100.0,USD,La Habana,Plaza,,exclusion: triciclo,exclusion,https://www.revolico.com/search?q=e-bike&page=1,https://www.revolico.com/item/triciclo-magic-bike-doble-57106554
56818874,TRICICLO MAGIC BIKE DOBLE – CABINA + CAMA DE CARGA,5200.0,USD,La Habana,Plaza,,exclusion: triciclo,exclusion,https://www.revolico.com/search?q=e-bike&page=1,https://www.revolico.com/item/triciclo-magic-bike-doble-cabina-cama-de-carga-56818874
57201599,"TRICICLO MAGIC BIKE DOBLE – CABINA + CAMA DE CARGA Comodidad, potencia y capacidad para trabajo y transporte$5100",5100.0,USD,La Habana,Centro Habana,,exclusion: triciclo,exclusion,https://www.revolico.com/search?q=e-bike&page=1,https://www.revolico.com/item/triciclo-magic-bike-doble-cabina-cama-de-carga-comodidad-potencia-y-capacidad-para-trabajo-y-transporte5100-57201599
56842861,TRICICLO MAGIC BIKE DOBLE – CABINA + CAMA DE CARGA E3,5300.0,USD,La Habana,San Miguel del Padrón,,exclusion: triciclo,exclusion,https://www.revolico.com/search?q=e-bike&page=1,https://www.revolico.com/item/triciclo-magic-bike-doble-cabina-cama-de-carga-e3-56842861
56757824,TRICICLO MAGIC BIKE DOBLE – CABINA + CAMA DE CARGA 🔥,5270.0,USD,La Habana,Marianao,,exclusion: triciclo,exclusion,https://www.revolico.com/search?q=e-bike&page=1,https://www.revolico.com/item/triciclo-magic-bike-doble-cabina-cama-de-carga-56757824
56699921,"TRICICLO MAGIC BIKE DOBLE – CABINA + CAMA DE CARGA 🔥 💪 Comodidad, potencia y capacidad para",5350.0,USD,La Habana,Centro Habana,,exclusion: triciclo,exclusion,https://www.revolico.com/search?q=e-bike&page=1,https://www.revolico.com/item/triciclo-magic-bike-doble-cabina-cama-de-carga-comodidad-potencia-y-capacidad-para-56699921
56796472,TRICICLO Y BICIMOTO,111.0,USD,La Habana,La Lisa,,exclusion: triciclo,exclusion,https://www.revolico.com/search?q=bici+electrica&page=3,https://www.revolico.com/item/triciclo-y-bicimoto-56796472
56672727,TRICICLOS MAGIC BIKE COM DOBLE CABINA,5200.0,USD,La Habana,Diez de Octubre,,exclusion: triciclo,exclusion,https://www.revolico.com/search?q=e-bike&page=1,https://www.revolico.com/item/triciclos-magic-bike-com-doble-cabina-56672727
56667207,Triciclo,5200.0,USD,La Habana,Centro Habana,,exclusion: triciclo,exclusion,https://www.revolico.com/search?q=e-bike&page=3,https://www.revolico.com/item/triciclo-56667207
56854683,Triciclo,5200.0,USD,La Habana,Centro Habana,,exclusion: triciclo,exclusion,https://www.revolico.com/search?q=e-bike&page=3,https://www.revolico.com/item/triciclo-56854683
56928983,Triciclo 0 km Magic Bike,4600.0,USD,La Habana,Playa,,exclusion: triciclo,exclusion,https://www.revolico.com/search?q=e-bike&page=2,https://www.revolico.com/item/triciclo-0-km-magic-bike-56928983
56783135,Triciclo MAGIC BIKE doble cabina+ cama de carga,5200.0,USD,La Habana,Boyeros,,exclusion: triciclo,exclusion,https://www.revolico.com/search?q=e-bike&page=1,https://www.revolico.com/item/triciclo-magic-bike-doble-cabina-cama-de-carga-56783135
57022158,Triciclo Magic Bike,4800.0,USD,La Habana,Boyeros,,exclusion: triciclo,exclusion,https://www.revolico.com/search?q=e-bike&page=1,https://www.revolico.com/item/triciclo-magic-bike-57022158
56938341,Triciclo Magic bike (doble cabina)vmb,5200.0,USD,La Habana,San Miguel del Padrón,,exclusion: triciclo,exclusion,https://www.revolico.com/search?q=e-bike&page=1,https://www.revolico.com/item/triciclo-magic-bike-doble-cabinavmb-56938341
57584487,"Triciclo NUEVO, REBAJA Magic Bike modelo batería de gel 72v/58 amp SK-12",5100.0,USD,La Habana,La Lisa,,exclusion: triciclo,exclusion,https://www.revolico.com/search?q=e-bike&page=2,https://www.revolico.com/item/triciclo-nuevo-rebaja-magic-bike-modelo-bateria-de-gel-72v58-amp-sk-12-57584487
57175973,Triciclo electrico Magik bike 2026,6600.0,USD,La Habana,Habana del Este,,exclusion: triciclo,exclusion,https://www.revolico.com/search?q=e-bike&page=1,https://www.revolico.com/item/triciclo-electrico-magik-bike-2026-57175973
56892440,Triciclo eléctrico,5250.0,USD,La Habana,Centro Habana,,exclusion: triciclo,exclusion,https://www.revolico.com/search?q=e-bike&page=3,https://www.revolico.com/item/triciclo-electrico-56892440
56999548,Triciclo vedca y bicimotos,1111.0,USD,La Habana,Arroyo Naranjo,,exclusion: triciclo,exclusion,https://www.revolico.com/search?q=bici+electrica&page=3,https://www.revolico.com/item/triciclo-vedca-y-bicimotos-56999548
56713359,Triciclos MAGIC BIKE Con doble cabina,5200.0,USD,La Habana,Diez de Octubre,,exclusion: triciclo,exclusion,https://www.revolico.com/search?q=e-bike&page=1,https://www.revolico.com/item/triciclos-magic-bike-con-doble-cabina-56713359
56817484,"Triciclos Magic Bike , doble cabina . Nuevos usted los estrena .",5200.0,USD,La Habana,Centro Habana,,exclusion: triciclo,exclusion,https://www.revolico.com/search?q=e-bike&page=1,https://www.revolico.com/item/triciclos-magic-bike-doble-cabina-nuevos-usted-los-estrena-56817484
56853623,"Triciclos Magic Bike boble cabina . Nuevos, usted los estrena.",5200.0,USD,La Habana,Playa,,exclusion: triciclo,exclusion,https://www.revolico.com/search?q=e-bike&page=1,https://www.revolico.com/item/triciclos-magic-bike-boble-cabina-nuevos-usted-los-estrena-56853623
56855501,Triciclos eléctricos,,,La Habana,Arroyo Naranjo,,exclusion: triciclo,exclusion,https://www.revolico.com/search?q=e-bike&page=3,https://www.revolico.com/item/triciclos-electricos-56855501
57526916,VENTA DE GOMAS Y NEUMÁTICOS para triciclos bicimotos y motos,40.0,USD,La Habana,Playa,,exclusion: triciclo,exclusion,https://www.revolico.com/search?q=bici+electrica&page=3,https://www.revolico.com/item/venta-de-gomas-y-neumaticos-para-triciclos-bicimotos-y-motos-57526916
56852391,Venta de triciclo eléctrico,5200.0,USD,La Habana,Centro Habana,,exclusion: triciclo,exclusion,https://www.revolico.com/search?q=e-bike&page=3,https://www.revolico.com/item/venta-de-triciclo-electrico-56852391
56961700,⚡ TRICICLO ELECTRICO MAGIC BIKE MODELO AUTO ✨️,5400.0,USD,Matanzas,Jovellanos,,exclusion: triciclo,exclusion,https://www.revolico.com/search?q=e-bike&page=2,https://www.revolico.com/item/triciclo-electrico-magic-bike-modelo-auto-56961700
55596846,⭐ ☎️ 53544655 🛵 Motos Electricas y Triciclos de Combustión ⭐,1730.0,USD,La Habana,Diez de Octubre,,exclusion: triciclo,exclusion,https://www.revolico.com/search?q=bici+electrica&page=3,https://www.revolico.com/item/53544655-motos-electricas-y-triciclos-de-combustion-55596846
57505475,"🏵VENTA DE GOMAS Y NEUMÁTICOS 🛞 Gomas nuevas para motos eléctricas, scooters, motos automáticas, triciclos y bici-motos",40.0,USD,La Habana,Cerro,,exclusion: triciclo,exclusion,https://www.revolico.com/search?q=bici+electrica&page=3,https://www.revolico.com/item/venta-de-gomas-y-neumaticos-gomas-nuevas-para-motos-electricas-scooters-motos-automaticas-triciclos-y-bici-motos-57505475
57609314,"🛞 VENTA DE GOMAS Y NEUMÁTICOS 🛞 Gomas nuevas para motos eléctricas, scooters, motos automáticas, triciclos y bici-moto",68.0,USD,La Habana,Playa,,exclusion: triciclo,exclusion,https://www.revolico.com/search?q=bici+electrica&page=3,https://www.revolico.com/item/venta-de-gomas-y-neumaticos-gomas-nuevas-para-motos-electricas-scooters-motos-automaticas-triciclos-y-bici-moto-57609314
57526877,"🛞 VENTA DE GOMAS Y NEUMÁTICOS 🛞 Gomas nuevas para motos eléctricas, scooters, motos automáticas, triciclos y bici-moto",1111.0,USD,La Habana,Centro Habana,,exclusion: triciclo,exclusion,https://www.revolico.com/search?q=bici+electrica&page=3,https://www.revolico.com/item/venta-de-gomas-y-neumaticos-gomas-nuevas-para-motos-electricas-scooters-motos-automaticas-triciclos-y-bici-moto-57526877
56925312,🛺 TRICICLOS MÁGIC BIKE con doble cabina 🛺,5200.0,USD,La Habana,Playa,,exclusion: triciclo,exclusion,https://www.revolico.com/search?q=e-bike&page=1,https://www.revolico.com/item/triciclos-magic-bike-con-doble-cabina-56925312
56641776,🛺TRICICLOS ELÉCTRICOS MÁGIC BIKE con doble cabina🛺,5200.0,USD,La Habana,Playa,,exclusion: triciclo,exclusion,https://www.revolico.com/search?q=e-bike&page=2,https://www.revolico.com/item/triciclos-electricos-magic-bike-con-doble-cabina-56641776
56900243,🛺TRICICLOS MÁGIC BIKE con doble cabina 🛺,5200.0,USD,La Habana,Playa,,exclusion: triciclo,exclusion,https://www.revolico.com/search?q=e-bike&page=1,https://www.revolico.com/item/triciclos-magic-bike-con-doble-cabina-56900243
56898256,🛺TRICICLOS MÁGIC BIKE con doble cabina 🛺,5200.0,USD,La Habana,Playa,,exclusion: triciclo,exclusion,https://www.revolico.com/search?q=e-bike&page=1,https://www.revolico.com/item/triciclos-magic-bike-con-doble-cabina-56898256
56887512,🛺TRICICLOS MÁGIC BIKE con doble cabina 🛺,5200.0,USD,La Habana,Playa,,exclusion: triciclo,exclusion,https://www.revolico.com/search?q=e-bike&page=1,https://www.revolico.com/item/triciclos-magic-bike-con-doble-cabina-56887512
56697490,🛺TRICICLOS MÁGIC BIKE con doble cabina 🛺,5200.0,USD,La Habana,Playa,,exclusion: triciclo,exclusion,https://www.revolico.com/search?q=e-bike&page=1,https://www.revolico.com/item/triciclos-magic-bike-con-doble-cabina-56697490
56717536,🛺⚡ TRICICLO MAGIC BIKE DOBLE – CABINA + CAMA DE CARGA 🔥,5350.0,USD,La Habana,Plaza,,exclusion: triciclo,exclusion,https://www.revolico.com/search?q=e-bike&page=2,https://www.revolico.com/item/triciclo-magic-bike-doble-cabina-cama-de-carga-56717536
56665142,🛺⚡ TRICICLO MAGIC BIKE DOBLE – CABINA + CAMA DE CARGA 🔥,5150.0,USD,La Habana,Centro Habana,,exclusion: triciclo,exclusion,https://www.revolico.com/search?q=e-bike&page=2,https://www.revolico.com/item/triciclo-magic-bike-doble-cabina-cama-de-carga-56665142
56829672,"🛺⚡ TRICICLO MAGIC BIKE DOBLE – CABINA + CAMA DE CARGA 🔥 💪 Comodidad, potencia y capacidad para trabajo y transporte.",5200.0,USD,La Habana,Playa,,exclusion: triciclo,exclusion,https://www.revolico.com/search?q=e-bike&page=2,https://www.revolico.com/item/triciclo-magic-bike-doble-cabina-cama-de-carga-comodidad-potencia-y-capacidad-para-trabajo-y-transporte-56829672
57639878,*BICICLETA ELÉCTRICA PLEGABLE PORTO BELLO 🚴* ⚡400W/⚡48V/⚡12Ah⚡ • 🔋Batería de Litio • Velocidad máxima: 32 km/h • Auto,520.0,USD,La Habana,Centro Habana,autonomia_km,faltan campos obligatorios: autonomia_km,faltan_campos,https://www.revolico.com/search?q=bicicleta+electrica&page=6,https://www.revolico.com/item/bicicleta-electrica-plegable-porto-bello-400w48v12ah-bateria-de-litio-velocidad-maxima-32-kmh-auto-57639878
57626601,*BICIMOTO JMD 2026* ⚙️CARACTERÍSTICAS: • 3000 W • ⁠48 Volt • ⁠50 Amp • ⁠batería de litio antiexplosiva • Hasta 12,1700.0,USD,La Habana,Centro Habana,autonomia_km,faltan campos obligatorios: autonomia_km,faltan_campos,https://www.revolico.com/search?q=bicimoto&page=6,https://www.revolico.com/item/bicimoto-jmd-2026-caracteristicas-3000-w-48-volt-50-amp-bateria-de-litio-antiexplosiva-hasta-12-57626601
57626687,*BICIMOTO RX COMBAT 2026* ⚙️CARACTERÍSTICAS: • 3000 Wats • ⁠72 Volt • ⁠45 Amp • ⁠batería de litio antiexplosiva • Ha,2000.0,USD,La Habana,Centro Habana,autonomia_km,faltan campos obligatorios: autonomia_km,faltan_campos,https://www.revolico.com/search?q=bicimoto&page=6,https://www.revolico.com/item/bicimoto-rx-combat-2026-caracteristicas-3000-wats-72-volt-45-amp-bateria-de-litio-antiexplosiva-ha-57626687
57556613,.. BICIMOTO marca UNIZUKI JAPONESA(ULTIMO MODELO 2025)con BATERÍA LITIO 48V-40AH Lifepo4 ULTIMA TECNOLOGI,1500.0,USD,La Habana,La Lisa,autonomia_km,faltan campos obligatorios: autonomia_km,faltan_campos,https://www.revolico.com/search?q=bicimoto&page=8,https://www.revolico.com/item/bicimoto-marca-unizuki-japonesaultimo-modelo-2025con-bateria-litio-48v-40ah-lifepo4-ultima-tecnologi-57556613
57660284,...BICIMOTO(Patineta)Primera mano varios colores CHALLENGER ELEGANT con BATERÍA 48V-20Ah de GEL. Motor 500W. L,650.0,USD,La Habana,La Lisa,autonomia_km,faltan campos obligatorios: autonomia_km,faltan_campos,https://www.revolico.com/search?q=bicimoto&page=5,https://www.revolico.com/item/bicimotopatinetaprimera-mano-varios-colores-challenger-elegant-con-bateria-48v-20ah-de-gel-motor-500w-l-57660284
57660444,BICICLETA ELÉCTRICA HALCÓN 2026 48 V 20 AMPERES LITIO,1200.0,USD,La Habana,Habana del Este,autonomia_km,faltan campos obligatorios: autonomia_km,faltan_campos,https://www.revolico.com/search?q=bicicleta+electrica&page=6,https://www.revolico.com/item/bicicleta-electrica-halcon-2026-48-v-20-amperes-litio-57660444
57668239,BICICLETA ELÉCTRICA PLEGABLE PORTO BELLO 🚴 ⚡400W/⚡48V/⚡12Ah⚡ * 🔋Batería de Litio * Velocidad máxima: 32 km/h * Autono,500.0,USD,La Habana,Cerro,autonomia_km,faltan campos obligatorios: autonomia_km,faltan_campos,https://www.revolico.com/search?q=bicicleta+electrica&page=6,https://www.revolico.com/item/bicicleta-electrica-plegable-porto-bello-400w48v12ah-bateria-de-litio-velocidad-maxima-32-kmh-autono-57668239
56932356,BICIMOTO ELECTRICA MARCA CHALLENGER PROTENZZA 🏍️ MOTOR 500 W BATERIAS DE GEL 48V 20 AH ANTIEXPLOSIVA AUTONOMIA 50,760.0,USD,La Habana,Centro Habana,autonomia_km,faltan campos obligatorios: autonomia_km,faltan_campos,https://www.revolico.com/search?q=bicimoto+electrica&page=3,https://www.revolico.com/item/bicimoto-electrica-marca-challenger-protenzza-motor-500-w-baterias-de-gel-48v-20-ah-antiexplosiva-autonomia-50-56932356
57665476,BICIMOTO RX COMBAT 2026 ⚙️CARACTERÍSTICAS: • 3000 Wats • ⁠72 Volt • ⁠45 Amp • ⁠batería de litio antiexplosiva,1850.0,USD,La Habana,Cerro,autonomia_km,faltan campos obligatorios: autonomia_km,faltan_campos,https://www.revolico.com/search?q=bicimoto&page=4,https://www.revolico.com/item/bicimoto-rx-combat-2026-caracteristicas-3000-wats-72-volt-45-amp-bateria-de-litio-antiexplosiva-57665476
57549641,BICIMOTO Topmaq Evolution $1880 Características: • batería litio 48v 45ah • motor 3000w • ⁠caja VOTOL 50 • Velocidad,1880.0,USD,La Habana,Centro Habana,autonomia_km,faltan campos obligatorios: autonomia_km,faltan_campos,https://www.revolico.com/search?q=bicimoto&page=8,https://www.revolico.com/item/bicimoto-topmaq-evolution-1880-caracteristicas-bateria-litio-48v-45ah-motor-3000w-caja-votol-50-velocidad-57549641
57665504,BICIMOTO YOAZAKY GALÁCTICA 2026 ⚙️CARACTERÍSTICAS: • 3000w - 48v - 50ah • ⁠batería de litio antiexplosiva • Hasta 12,2050.0,USD,La Habana,Habana del Este,autonomia_km,faltan campos obligatorios: autonomia_km,faltan_campos,https://www.revolico.com/search?q=bicimoto&page=4,https://www.revolico.com/item/bicimoto-yoazaky-galactica-2026-caracteristicas-3000w-48v-50ah-bateria-de-litio-antiexplosiva-hasta-12-57665504
57328590,"Bicicleta eléctrica challenger corleone Motor 500 watts , batería 60v 20 amp , batería de gel ,**venta de motos",800.0,USD,La Habana,La Lisa,autonomia_km,faltan campos obligatorios: autonomia_km,faltan_campos,https://www.revolico.com/search?q=bicicleta+electrica&page=10,https://www.revolico.com/item/bicicleta-electrica-challenger-corleone-motor-500-watts-bateria-60v-20-amp-bateria-de-gel-venta-de-motos-57328590
57370276,"Bicicleta eléctrica con pedal,batería de plomo-ácido,48V-20AH,500W,Marca Laituning",650.0,USD,La Habana,Centro Habana,autonomia_km,faltan campos obligatorios: autonomia_km,faltan_campos,https://www.revolico.com/search?q=bicicleta+electrica&page=10,https://www.revolico.com/item/bicicleta-electrica-con-pedalbateria-de-plomo-acido48v-20ah500wmarca-laituning-57370276
57565515,"Bicicleta eléctrica, plegable, marca YSNA, nuevo, batería de litio por solo 500$. Somos de Cojima, havana.",500.0,USD,La Habana,Habana del Este,autonomia_km,faltan campos obligatorios: autonomia_km,faltan_campos,https://www.revolico.com/search?q=bicicleta+electrica&page=7,https://www.revolico.com/item/bicicleta-electrica-plegable-marca-ysna-nuevo-bateria-de-litio-por-solo-500-somos-de-cojima-havana-57565515
57190350,Bicimoto JMD Batería de Litio [1750],1750.0,USD,La Habana,Playa,autonomia_km,faltan campos obligatorios: autonomia_km,faltan_campos,https://www.revolico.com/search?q=bicimoto+electrica&page=6,https://www.revolico.com/item/bicimoto-jmd-bateria-de-litio-1750-57190350
57418402,Bicimoto JMD Motor de 3000W Litio 48V / 45Ah,1560.0,USD,La Habana,Centro Habana,autonomia_km,faltan campos obligatorios: autonomia_km,faltan_campos,https://www.revolico.com/search?q=bicimoto+electrica&page=6,https://www.revolico.com/item/bicimoto-jmd-motor-de-3000w-litio-48v-45ah-57418402
57683137,"⚡ BICIMOTO ELÉCTRICA MAF ENGLE Marca: MAF Engle Potencia: 800 W Voltaje: 72 V Batería: Litio, 20 Ah 1250USD",1250.0,USD,La Habana,Arroyo Naranjo,autonomia_km,faltan campos obligatorios: autonomia_km,faltan_campos,https://www.revolico.com/search?q=bicimoto+electrica&page=4,https://www.revolico.com/item/bicimoto-electrica-maf-engle-marca-maf-engle-potencia-800-w-voltaje-72-v-bateria-litio-20-ah-1250usd-57683137
56415782,"BICIMOTO ELECTRICA BATERIA DE LITIO 40 KM/H, AUTONOMÍA 50 KM.NUEVAS",650.0,USD,La Habana,La Lisa,marca,faltan campos obligatorios: marca,faltan_campos,https://www.revolico.com/search?q=bicimoto+electrica&page=4,https://www.revolico.com/item/bicimoto-electrica-bateria-de-litio-40-kmh-autonomia-50-kmnuevas-56415782
56299315,"BICIMOTO ELECTRICA BATERIA DE LITIO LIFEPO4 40 KM/H, 50KM AUTONOMIA. NUEVA!!",650.0,USD,La Habana,Playa,marca,faltan campos obligatorios: marca,faltan_campos,https://www.revolico.com/search?q=bicimoto+electrica&page=4,https://www.revolico.com/item/bicimoto-electrica-bateria-de-litio-lifepo4-40-kmh-50km-autonomia-nueva-56299315
57429875,Bicicleta eléctrica Litio de alta capacidad de 48 V 15.6 AH con un rendimiento de hasta 140 km con una sola,1000.0,USD,La Habana,Plaza,marca,faltan campos obligatorios: marca,faltan_campos,https://www.revolico.com/search?q=bicicleta+electrica&page=9,https://www.revolico.com/item/bicicleta-electrica-litio-de-alta-capacidad-de-48-v-156-ah-con-un-rendimiento-de-hasta-140-km-con-una-sola-57429875
57425161,Bicicleta eléctrica para adulos Litio de alta capacidad de 48 V 15.6 AH con un rendimiento de hasta 140 km con una sola,1000.0,USD,La Habana,Plaza,marca,faltan campos obligatorios: marca,faltan_campos,https://www.revolico.com/search?q=bicicleta+electrica&page=9,https://www.revolico.com/item/bicicleta-electrica-para-adulos-litio-de-alta-capacidad-de-48-v-156-ah-con-un-rendimiento-de-hasta-140-km-con-una-sola-57425161
57122017,MOTICO ELÉCTRICA HOME SECRET. MOTICO ELÉCTRICA CON BATERÍA DE GEL. 60 KM DE AUTONOMÍA. BICIMOTO. BICICLETA ELÉCTRICA.,850.0,USD,La Habana,Diez de Octubre,marca,faltan campos obligatorios: marca,faltan_campos,https://www.revolico.com/search?q=bicimoto+electrica&page=6,https://www.revolico.com/item/motico-electrica-home-secret-motico-electrica-con-bateria-de-gel-60-km-de-autonomia-bicimoto-bicicleta-electrica-57122017
57123059,MOTICO ELÉCTRICA MIKAZUKI. 60KM DE AUTONOMÍA. BATERÍA DE LITIO ANTIEXOLOSIVA. BICIMOTO. PATINETE. BICICLETA ELÉCTRICA.,1000.0,USD,La Habana,Diez de Octubre,marca,faltan campos obligatorios: marca,faltan_campos,https://www.revolico.com/search?q=bicimoto+electrica&page=6,https://www.revolico.com/item/motico-electrica-mikazuki-60km-de-autonomia-bateria-de-litio-antiexolosiva-bicimoto-patinete-bicicleta-electrica-57123059
56784317,`🛵 𝐁𝐈𝐂𝐈𝐂𝐋𝐄𝐓𝐀 E-BIKE` 🛵 ⚙️ ESPECIFICACIONES • ⁠ 48Volt • ⁠15Ah • ⁠BATERÍA DE LITIO 🔋 • ⁠Autonomía de 80 KM,1300.0,USD,La Habana,Playa,marca,faltan campos obligatorios: marca,faltan_campos,https://www.revolico.com/search?q=e-bike&page=1,https://www.revolico.com/item/bicicleta-e-bike-especificaciones-48volt-15ah-bateria-de-litio-autonomia-de-80-km-56784317
56923671,𝐁𝐈𝐂𝐈𝐂𝐋𝐄𝐓𝐀 E-BIKE` 🛵48Volt • ⁠15Ah • ⁠BATERÍA DE LITIO 🔋 • ⁠Autonomía de 80 KM,1300.0,USD,La Habana,Playa,marca,faltan campos obligatorios: marca,faltan_campos,https://www.revolico.com/search?q=e-bike&page=1,https://www.revolico.com/item/bicicleta-e-bike-48volt-15ah-bateria-de-litio-autonomia-de-80-km-56923671
57588492,*BICIMOTO MIKAZUKI EAGLE LITIO 2026*,950.0,USD,La Habana,Habana Vieja,"marca, autonomia_km","faltan campos obligatorios: marca, autonomia_km",faltan_campos,https://www.revolico.com/search?q=bicimoto&page=7,https://www.revolico.com/item/bicimoto-mikazuki-eagle-litio-2026-57588492
57504824,*BICIMOTO MIKAZUKI EAGLE LITIO 2026* NEW 0KM !!!²⁵,960.0,USD,La Habana,Cotorro,"marca, autonomia_km","faltan campos obligatorios: marca, autonomia_km",faltan_campos,https://www.revolico.com/search?q=bicimoto&page=9,https://www.revolico.com/item/bicimoto-mikazuki-eagle-litio-2026-new-0km-25-57504824
57626697,*BICIMOTO MISHOZUKI GRILLO ULTRA PRO* ⚙️CARACTERÍSTICAS: • 3000 W • ⁠48 Volt • ⁠45 Amp • ⁠batería de litio antiexplos,2100.0,USD,La Habana,Centro Habana,"marca, autonomia_km","faltan campos obligatorios: marca, autonomia_km",faltan_campos,https://www.revolico.com/search?q=bicimoto&page=6,https://www.revolico.com/item/bicimoto-mishozuki-grillo-ultra-pro-caracteristicas-3000-w-48-volt-45-amp-bateria-de-litio-antiexplos-57626697
55999521,"BICIMOTO ELECTRICA BATERIA DE LITIO 48V x12A,MOTOR 350 W, 40 km/h, carga max 200kg",650.0,USD,La Habana,Playa,"marca, autonomia_km","faltan campos obligatorios: marca, autonomia_km",faltan_campos,https://www.revolico.com/search?q=bicimoto+electrica&page=4,https://www.revolico.com/item/bicimoto-electrica-bateria-de-litio-48v-x12amotor-350-w-40-kmh-carga-max-200kg-55999521
55837763,"BICIMOTO ELECTRICA BATERIA DE LITIO 48V x12A,MOTOR 350 W, 40 km/h, carga max 200kg",650.0,USD,La Habana,Playa,"marca, autonomia_km","faltan campos obligatorios: marca, autonomia_km",faltan_campos,https://www.revolico.com/search?q=bicimoto+electrica&page=4,https://www.revolico.com/item/bicimoto-electrica-bateria-de-litio-48v-x12amotor-350-w-40-kmh-caega-max-200kg-55837763
56896928,"BICIMOTO ELECTRICA MIKAZUKI EAGLE LITIO 2026 . 600W .48V 20AH.Papeles, Garantía y Domicilio Gratis.",920.0,USD,La Habana,Cotorro,"marca, autonomia_km","faltan campos obligatorios: marca, autonomia_km",faltan_campos,https://www.revolico.com/search?q=bicimoto+electrica&page=3,https://www.revolico.com/item/bicimoto-electrica-mikazuki-eagle-litio-2026-800w-48v-45ahpapeles-garantia-y-domicilio-gratis-56896928
57545925,BICIMOTO MIKAZUKI EAGLE LITIO 2026,950.0,USD,La Habana,Centro Habana,"marca, autonomia_km","faltan campos obligatorios: marca, autonomia_km",faltan_campos,https://www.revolico.com/search?q=bicimoto&page=8,https://www.revolico.com/item/bicimoto-mikazuki-eagle-litio-2026-57545925
57665452,BICIMOTO MISHOZUKI GRILLO ULTRA PRO ⚙️CARACTERÍSTICAS: • 3000 W • ⁠48 Volt • ⁠45 Amp • ⁠batería de litio antiexplosi,1900.0,USD,La Habana,Arroyo Naranjo,"marca, autonomia_km","faltan campos obligatorios: marca, autonomia_km",faltan_campos,https://www.revolico.com/search?q=bicimoto&page=4,https://www.revolico.com/item/bicimoto-mishozuki-grillo-ultra-pro-caracteristicas-3000-w-48-volt-45-amp-bateria-de-litio-antiexplosi-57665452
56263540,Bici eléctrica 48V 15ah con batería de litio,950.0,USD,La Habana,Boyeros,"marca, autonomia_km","faltan campos obligatorios: marca, autonomia_km",faltan_campos,https://www.revolico.com/search?q=bici+electrica&page=1,https://www.revolico.com/item/bici-electrica-48v-15ah-con-bateria-de-litio-56263540
56064949,Bici moto electrica Bateria LiTio Nueva 0KM!! Ganga Oferta White - 650usd,650.0,USD,La Habana,Plaza,"marca, autonomia_km","faltan campos obligatorios: marca, autonomia_km",faltan_campos,https://www.revolico.com/search?q=bici+electrica&page=2,https://www.revolico.com/item/bici-moto-electrica-bateria-litio-nueva-0km-ganga-oferta-economica-700usd-56064949
57649357,Bicicleta Eléctrica de Gel,800.0,USD,La Habana,La Lisa,"marca, autonomia_km","faltan campos obligatorios: marca, autonomia_km",faltan_campos,https://www.revolico.com/search?q=bicicleta+electrica&page=6,https://www.revolico.com/item/bicicleta-electrica-de-gel-57649357
57471840,Bicicleta eléctrica 48V 15ah con batería de litio,950.0,USD,La Habana,Boyeros,"marca, autonomia_km","faltan campos obligatorios: marca, autonomia_km",faltan_campos,https://www.revolico.com/search?q=bicicleta+electrica&page=9,https://www.revolico.com/item/bicicleta-electrica-48v-15ah-con-bateria-de-litio-57471840
57470600,Bicicleta eléctrica 48V batería de litio,950.0,USD,La Habana,Boyeros,"marca, autonomia_km","faltan campos obligatorios: marca, autonomia_km",faltan_campos,https://www.revolico.com/search?q=bicicleta+electrica&page=9,https://www.revolico.com/item/bicicleta-electrica-48v-bateria-de-litio-57470600
57233826,Bicicleta eléctrica F6 con batería de Litio,1100.0,USD,La Habana,Plaza,"marca, autonomia_km","faltan campos obligatorios: marca, autonomia_km",faltan_campos,https://www.revolico.com/search?q=bici+electrica&page=2,https://www.revolico.com/item/bicicleta-electrica-f6-con-bateria-de-litio-57233826
57577485,Bicimoto Mikazuki Eagle Litio 2026 bm,990.0,USD,La Habana,San Miguel del Padrón,"marca, autonomia_km","faltan campos obligatorios: marca, autonomia_km",faltan_campos,https://www.revolico.com/search?q=bicimoto&page=7,https://www.revolico.com/item/bicimoto-mikazuki-eagle-litio-2026-mm2-57577485
57490793,"Bicimoto de 48V x 20 amp, batería de Lithium. Cienfuegos",760.0,USD,Cienfuegos,Cienfuegos,"marca, autonomia_km","faltan campos obligatorios: marca, autonomia_km",faltan_campos,https://www.revolico.com/search?q=bicimoto&page=9,https://www.revolico.com/item/bicimoto-de-48v-x-20-amp-bateria-de-lithium-cienfuegos-57490793
56367794,Bicimoto electrica izuki bimini 1500 de litio,900.0,USD,La Habana,Playa,"marca, autonomia_km","faltan campos obligatorios: marca, autonomia_km",faltan_campos,https://www.revolico.com/search?q=bicimoto+electrica&page=4,https://www.revolico.com/item/bicimoto-electrica-izuki-bimini-1500-de-litio-56367794
56026006,Moto electrica LiTio bicimoto Nueva 0KM!! Ganga Oferta Black - 650usd,650.0,USD,La Habana,Playa,"marca, autonomia_km","faltan campos obligatorios: marca, autonomia_km",faltan_campos,https://www.revolico.com/search?q=bicimoto+electrica&page=5,https://www.revolico.com/item/moto-electrica-litio-bicimoto-nueva-0km-ganga-oferta-economica-56026006
56563109,Se vende cargador de batería de litio nuevo para bicimoto eléctrica,35.0,USD,La Habana,Playa,"marca, autonomia_km","faltan campos obligatorios: marca, autonomia_km",faltan_campos,https://www.revolico.com/search?q=bicimoto+electrica&page=5,https://www.revolico.com/item/se-vende-cargador-de-bateria-de-litio-nuevo-para-bicimoto-electrica-56563109
56996528,‼️BICIMOTO ELÉCTRICA NUEVA A ESTRENAR POR USTED ‼️ ▶️ BATERÍA DE GEL 48 V 20 AM,750.0,USD,La Habana,Guanabacoa,"marca, autonomia_km","faltan campos obligatorios: marca, autonomia_km",faltan_campos,https://www.revolico.com/search?q=bicimoto+electrica&page=4,https://www.revolico.com/item/bicimoto-electrica-nueva-a-estrenar-por-usted-bateria-de-gel-48-v-20-am-56996528
56122094,🔋 Batería LiFePO4 48V 16AH para Moto o Bici Eléctrica + Cargador,400.0,USD,La Habana,La Lisa,"marca, autonomia_km","faltan campos obligatorios: marca, autonomia_km",faltan_campos,https://www.revolico.com/search?q=bici+electrica&page=1,https://www.revolico.com/item/bateria-lifepo4-48v-20ah-para-moto-o-bici-electrica-cargador-56122094
56999223,🚨🌈Bicimoto eléctrica Kvitova batería de Litio‼️,900.0,USD,Cienfuegos,Cienfuegos,"marca, autonomia_km","faltan campos obligatorios: marca, autonomia_km",faltan_campos,https://www.revolico.com/search?q=bicimoto+electrica&page=5,https://www.revolico.com/item/bicimoto-electrica-kvitova-bateria-de-litio-56999223
57584689,Bici moto eléctrica bateria lithium 72 volt x 45 amperes autonomía 120 km 1950 usd,,,Villa Clara,Santo Domingo,"marca, precio_usd","faltan campos obligatorios: marca, precio_usd",faltan_campos,https://www.revolico.com/search?q=bici+electrica&page=1,https://www.revolico.com/item/bici-moto-electrica-bateria-lithium-72-volt-x-45-amperes-autonomia-120-km-1950-usd-57584689
57551606,"Bicicleta electrica de 48 vol 12 amp batería de gel hace de 40-50kms por carga hay rosada, verde y negra 790 usd 💸",,,Villa Clara,Santa Clara,"marca, precio_usd","faltan campos obligatorios: marca, precio_usd",faltan_campos,https://www.revolico.com/search?q=bicicleta+electrica&page=7,https://www.revolico.com/item/bicicleta-electrica-de-48-vol-12-amp-bateria-de-gel-hace-de-40-50kms-por-carga-hay-rosada-verde-y-negra-790-usd-57551606
57500940,Bicimoto KVITOVA Bateria Litio 48v-20ah Motor 500 wats Autonomía 40-45km 7 días de garantía (Batería) 🤑 820 USD,,,Villa Clara,Santa Clara,"marca, precio_usd","faltan campos obligatorios: marca, precio_usd",faltan_campos,https://www.revolico.com/search?q=bicimoto&page=9,https://www.revolico.com/item/bicimoto-kvitova-bateria-litio-48v-20ah-motor-500-wats-autonomia-40-45km-7-dias-de-garantia-bateria-820-usd-57500940
57584596,Bicimoto Wilz 2026 48 volt x 20 amp gel Motor 500 watts Autonomía de 50 a 60 km Rojo azul blanco negro 1050 usd,,,Cienfuegos,Santa Isabel de las Lajas,"marca, precio_usd","faltan campos obligatorios: marca, precio_usd",faltan_campos,https://www.revolico.com/search?q=bicimoto&page=7,https://www.revolico.com/item/bicimoto-wilz-2026-48-volt-x-20-amp-gel-motor-500-watts-autonomia-de-50-a-60-km-rojo-azul-blanco-negro-1050-usd-57584596
57584658,Bicimoto fénix bateriabde litio 48v x30 am autonomía de 100 km por carga Precio 1450 usd Nuevo precio‼️‼️‼️,,,Villa Clara,Cifuentes,"marca, precio_usd","faltan campos obligatorios: marca, precio_usd",faltan_campos,https://www.revolico.com/search?q=bicimoto&page=7,https://www.revolico.com/item/bicimoto-fenix-bateriabde-litio-48v-x30-am-autonomia-de-100-km-por-carga-precio-1450-usd-nuevo-precio-57584658
57174210,*Bicimoto electrica* 72 vol 20Ah Haciendo 80 km por carga,1500.0,USD,La Habana,La Lisa,"marca, tipo_bateria","faltan campos obligatorios: marca, tipo_bateria",faltan_campos,https://www.revolico.com/search?q=bicimoto+electrica&page=2,https://www.revolico.com/item/bicimoto-electrica-72-vol-20ah-haciendo-80-km-por-carga-57174210
57370092,*Bicimoto electrica* 72 vol 20Ah Haciendo 80 km por carga *Precio: 1500 USD* *Transporte gratis Hab,1500.0,USD,La Habana,,"marca, tipo_bateria","faltan campos obligatorios: marca, tipo_bateria",faltan_campos,https://www.revolico.com/search?q=bicimoto+electrica&page=2,https://www.revolico.com/item/bicimoto-electrica-72-vol-20ah-haciendo-80-km-por-carga-precio-1500-usd-transporte-gratis-hab-57370092
57028002,"20"" Electric Bike for Adults Fat Tire E-Bike 120KM 48V 25Ah Battery E-Cross Bike",1200.0,USD,La Habana,Playa,"marca, tipo_bateria","faltan campos obligatorios: marca, tipo_bateria",faltan_campos,https://www.revolico.com/search?q=e-bike&page=3,https://www.revolico.com/item/20-electric-bike-for-adults-fat-tire-e-bike-120km-48v-25ah-battery-e-cross-bike-57028002
57182332,BICICLETA ELÉCTRICA X80 PRO E-BIKE 60-70km,1270.0,USD,La Habana,La Lisa,"marca, tipo_bateria","faltan campos obligatorios: marca, tipo_bateria",faltan_campos,https://www.revolico.com/search?q=e-bike&page=2,https://www.revolico.com/item/bicicleta-electrica-x80-pro-e-bike-60-70km-57182332
57665489,BICIMOTO MAF ⚙️ESPECIFICACIONES • 800 Wats • ⁠60 Volt • ⁠20 Ah • ⁠Autonomía de 60 KM • ⁠Velocidad Máxima de 60 KM/H,1150.0,USD,La Habana,Diez de Octubre,"marca, tipo_bateria","faltan campos obligatorios: marca, tipo_bateria",faltan_campos,https://www.revolico.com/search?q=bicimoto&page=4,https://www.revolico.com/item/bicimoto-maf-especificaciones-800-wats-60-volt-20-ah-autonomia-de-60-km-velocidad-maxima-de-60-kmh-57665489
56930371,"Bici de 100 km de autonomía, oportunidad única,haz tu pedido al 52584039",1100.0,USD,La Habana,Playa,"marca, tipo_bateria","faltan campos obligatorios: marca, tipo_bateria",faltan_campos,https://www.revolico.com/search?q=bici+electrica&page=2,https://www.revolico.com/item/bici-de-100-km-de-autonomia-oportunidad-unicahaz-tu-pedido-al-52584039-56930371
57656270,Bici eléctrica batería 48vol 10Ah motor 560w autonomía 40km,470.0,USD,Pinar del Río,Pinar del Río,"marca, tipo_bateria","faltan campos obligatorios: marca, tipo_bateria",faltan_campos,https://www.revolico.com/search?q=bici+electrica&page=1,https://www.revolico.com/item/bici-electrica-bateria-48vol-10ah-motor-560w-autonomia-40km-57656270
57669203,Bicicleta Eléctrica 60km,500.0,USD,La Habana,Playa,"marca, tipo_bateria","faltan campos obligatorios: marca, tipo_bateria",faltan_campos,https://www.revolico.com/search?q=bicicleta+electrica&page=6,https://www.revolico.com/item/bicicleta-electrica-60km-57669203
57519037,Bicicleta Eléctrica BEVOMECO 500W 20A/12V 40 a 50 km 600 USD San Miguel del Padrón Mensajería con costo,600.0,USD,La Habana,San Miguel del Padrón,"marca, tipo_bateria","faltan campos obligatorios: marca, tipo_bateria",faltan_campos,https://www.revolico.com/search?q=bicicleta+electrica&page=8,https://www.revolico.com/item/bicicleta-electrica-bevomeco-500w-20a12v-40-a-50-km-600-usd-san-miguel-del-padron-mensajeria-con-costo-57519037
57519027,Bicicleta Eléctrica BEVOMECO 500W 20A/12V 40 a 50km 600 USD San Miguel Mensajería con costo adicional,600.0,USD,La Habana,San Miguel del Padrón,"marca, tipo_bateria","faltan campos obligatorios: marca, tipo_bateria",faltan_campos,https://www.revolico.com/search?q=bicicleta+electrica&page=8,https://www.revolico.com/item/bicicleta-electrica-bevomeco-500w-20a12v-40-a-50km-600-usd-san-miguel-mensajeria-con-costo-adicional-57519027
57679872,Bicicleta Eléctrica E BIKE SPORT Vmáx 30km/h Autonomía 50-60km 800W 530 USD San Miguel del Padrón Mensajería con costo,530.0,USD,La Habana,San Miguel del Padrón,"marca, tipo_bateria","faltan campos obligatorios: marca, tipo_bateria",faltan_campos,https://www.revolico.com/search?q=bicicleta+electrica&page=6,https://www.revolico.com/item/bicicleta-electrica-e-bike-sport-vmax-30kmh-autonomia-50-60km-800w-530-usd-san-miguel-del-padron-mensajeria-con-costo-57679872
57492084,Bicicleta Eléctrica TREVALIX 500W 20A 12V 40-50km 600 USD San Miguel del Padrón Mensajería,600.0,USD,La Habana,San Miguel del Padrón,"marca, tipo_bateria","faltan campos obligatorios: marca, tipo_bateria",faltan_campos,https://www.revolico.com/search?q=bicicleta+electrica&page=9,https://www.revolico.com/item/bicicleta-electrica-trevalix-500w-20a-12v-40-50km-640-usd-san-miguel-del-padron-mensajeria-57492084
57519150,Bicicleta Eléctrica YESELF 500W 20A/12V 40 a 50 km 600 USD San Miguel del Padrón Mensajería con costo adicional,600.0,USD,La Habana,San Miguel del Padrón,"marca, tipo_bateria","faltan campos obligatorios: marca, tipo_bateria",faltan_campos,https://www.revolico.com/search?q=bicicleta+electrica&page=8,https://www.revolico.com/item/bicicleta-electrica-yeself-500w-20a12v-40-a-50-km-600-usd-san-miguel-del-padron-mensajeria-con-costo-adicional-57519150
57158624,Bicicleta electrica 48vol 10Ah 500wat hace 40km liviana potente nueva y con precio lindo👌480 dólares,480.0,USD,Pinar del Río,Pinar del Río,"marca, tipo_bateria","faltan campos obligatorios: marca, tipo_bateria",faltan_campos,https://www.revolico.com/search?q=bici+electrica&page=2,https://www.revolico.com/item/bicicleta-electrica-48vol-10ah-500wat-hace-40km-liviana-potente-nueva-y-con-precio-lindo480-dolares-57158624
57693175,Bicicleta electrica plegable - porta teléfono - cesta - cargador - 60km por carga - motor de 500W - batería 48V 12Ah,500.0,USD,Pinar del Río,Pinar del Río,"marca, tipo_bateria","faltan campos obligatorios: marca, tipo_bateria",faltan_campos,https://www.revolico.com/search?q=bicicleta+electrica&page=6,https://www.revolico.com/item/bicicleta-electrica-plegable-porta-telefono-cesta-cargador-60km-por-carga-motor-de-500w-bateria-48v-12ah-57693175
57184553,Bicicleta eléctrica BICIMOTO 1150 usd 40usd comisión Autonomía 80-120km Velocidad máxima 55km/h Motor 800w pico de,1150.0,USD,La Habana,Centro Habana,"marca, tipo_bateria","faltan campos obligatorios: marca, tipo_bateria",faltan_campos,https://www.revolico.com/search?q=bicimoto+electrica&page=4,https://www.revolico.com/item/bicicleta-electrica-bicimoto-1150-usd-40usd-comision-autonomia-80-120km-velocidad-maxima-55kmh-motor-800w-pico-de-57184553
57527847,Bicicleta eléctrica E Bike Sport Velocidad máxima de 30 km/h y una autonomía de 50-60 km venta habana,590.0,USD,La Habana,Centro Habana,"marca, tipo_bateria","faltan campos obligatorios: marca, tipo_bateria",faltan_campos,https://www.revolico.com/search?q=bicicleta+electrica&page=8,https://www.revolico.com/item/bicicleta-electrica-e-bike-sport-velocidad-maxima-de-30-kmh-y-una-autonomia-de-50-60-km-venta-habana-57527847
57475571,Bicicleta eléctrica Plegable. Motor 500w. Autonomía 50km por carga. Velocidad máxima 35km/h (TH) $550,550.0,USD,La Habana,Arroyo Naranjo,"marca, tipo_bateria","faltan campos obligatorios: marca, tipo_bateria",faltan_campos,https://www.revolico.com/search?q=bicicleta+electrica&page=9,https://www.revolico.com/item/bicicleta-electrica-plegable-motor-500w-autonomia-50km-por-carga-velocidad-maxima-35kmh-th-550-57475571
57536462,Bicimoto ALX 70 km,850.0,USD,La Habana,Regla,"marca, tipo_bateria","faltan campos obligatorios: marca, tipo_bateria",faltan_campos,https://www.revolico.com/search?q=bicimoto&page=8,https://www.revolico.com/item/bicimoto-alx-70-km-57536462
57599796,Bicimoto Ganga 48v Autonomía 45km a 50km blanca,660.0,USD,La Habana,Centro Habana,"marca, tipo_bateria","faltan campos obligatorios: marca, tipo_bateria",faltan_campos,https://www.revolico.com/search?q=bicimoto&page=6,https://www.revolico.com/item/bicimoto-ganga-48v-autonomia-45km-a-50km-blanca-57599796
56834806,Bicimoto electrica* 80km,1500.0,USD,La Habana,La Lisa,"marca, tipo_bateria","faltan campos obligatorios: marca, tipo_bateria",faltan_campos,https://www.revolico.com/search?q=bicimoto+electrica&page=3,https://www.revolico.com/item/bicimoto-electrica-80km-56834806
56754145,Bicimoto eléctrica 48v x 20ah 45-50km.,720.0,USD,Villa Clara,Santa Clara,"marca, tipo_bateria","faltan campos obligatorios: marca, tipo_bateria",faltan_campos,https://www.revolico.com/search?q=bicimoto+electrica&page=3,https://www.revolico.com/item/bicimoto-electrica-48v-x-20ah-45-50km-56754145
56130574,Bicimoto eléctrica 50km,775.0,USD,La Habana,Diez de Octubre,"marca, tipo_bateria","faltan campos obligatorios: marca, tipo_bateria",faltan_campos,https://www.revolico.com/search?q=bicimoto+electrica&page=4,https://www.revolico.com/item/bicimoto-electrica-50km-56130574
57500560,Bicimoto topmak de poco uso en muy buen estado 72vx35amp Haciendo mas de 100 km Precio : 1850 usd,1850.0,USD,La Habana,La Lisa,"marca, tipo_bateria","faltan campos obligatorios: marca, tipo_bateria",faltan_campos,https://www.revolico.com/search?q=bicimoto&page=9,https://www.revolico.com/item/bicimoto-topmak-de-poco-uso-en-muy-buen-estado-72vx35amp-haciendo-mas-de-100-km-precio-1850-usd-57500560
57544259,"E Bike Sport Velocidad máxima de 30 km/h y una autonomía de 50-60 km, Motor Potente de 800W : venta Habana",590.0,USD,La Habana,Centro Habana,"marca, tipo_bateria","faltan campos obligatorios: marca, tipo_bateria",faltan_campos,https://www.revolico.com/search?q=e-bike&page=1,https://www.revolico.com/item/e-bike-sport-velocidad-maxima-de-30-kmh-y-una-autonomia-de-50-60-km-motor-potente-de-800w-venta-habana-57544259
57619393,"E Bike Sport velocidad máxima de 30 km/h y una autonomía de 50-60 km, Motor Potente de 800",500.0,USD,La Habana,Centro Habana,"marca, tipo_bateria","faltan campos obligatorios: marca, tipo_bateria",faltan_campos,https://www.revolico.com/search?q=e-bike&page=1,https://www.revolico.com/item/e-bike-sport-velocidad-maxima-de-30-kmh-y-una-autonomia-de-50-60-km-motor-potente-de-800-57619393
57619359,E Bike sport velocidad máxima 30km/h y una autonomía de 50-60 km,500.0,USD,La Habana,Cerro,"marca, tipo_bateria","faltan campos obligatorios: marca, tipo_bateria",faltan_campos,https://www.revolico.com/search?q=e-bike&page=1,https://www.revolico.com/item/e-bike-sport-velocidad-maxima-30kmh-y-una-autonomia-de-50-60-km-57619359
57122616,MOTICO ELÉCTRICA TORVAN. 100KM DE AUTONOMÍA. BICIMOTO ELÉCTRICA. PATINETE ELÉCTRICO.,1650.0,USD,La Habana,Diez de Octubre,"marca, tipo_bateria","faltan campos obligatorios: marca, tipo_bateria",faltan_campos,https://www.revolico.com/search?q=bicimoto+electrica&page=5,https://www.revolico.com/item/motico-electrica-torvan-100km-de-autonomia-bicimoto-electrica-patinete-electrico-57122616
54660141,"Vendo BiciMoto eléctrica en buen estado, batería reparada haciendo más de 40 kilómetros, es buena para cargar y transpor",850.0,USD,La Habana,Boyeros,"marca, tipo_bateria","faltan campos obligatorios: marca, tipo_bateria",faltan_campos,https://www.revolico.com/search?q=bici+electrica&page=2,https://www.revolico.com/item/vendo-bicimoto-electrica-en-buen-estado-bateria-reparada-haciendo-mas-de-40-kilometros-es-buena-para-cargar-y-transpor-54660141
51998849,"¡Super Oferta Bicimoto Eléctrica X-RYDER! Nueva, Habana. Gran autonomía (80-100km). Precio Fijo 1300 USD.",1400.0,USD,La Habana,Playa,"marca, tipo_bateria","faltan campos obligatorios: marca, tipo_bateria",faltan_campos,https://www.revolico.com/search?q=bicimoto&page=1,https://www.revolico.com/item/planta-electrica-3500-wats-110-y-220-papeles-y-garantia-51998849
57681005,"🔴 REC - Bicicleta Eléctrica Plegable (30 Km/h, Autonomía 50-60 Km, Oferta Especial) 🔴",590.0,USD,La Habana,Cerro,"marca, tipo_bateria","faltan campos obligatorios: marca, tipo_bateria",faltan_campos,https://www.revolico.com/search?q=e-bike&page=4,https://www.revolico.com/item/rec-bicicleta-electrica-plegable-30-kmh-autonomia-50-60-km-oferta-especial-57681005
57674747,"🔴 REC - Bicicleta Eléctrica Plegable (30 Km/h, Autonomía 50-60 Km, Oferta Especial) 🔴",690.0,USD,La Habana,Centro Habana,"marca, tipo_bateria","faltan campos obligatorios: marca, tipo_bateria",faltan_campos,https://www.revolico.com/search?q=e-bike&page=4,https://www.revolico.com/item/rec-bicicleta-electrica-plegable-30-kmh-autonomia-50-60-km-oferta-especial-57674747
56007841,"🚲 BICICLETA ELÉCTRICA PLEGABLE 660 USD - 30km/h, 60km autonomía, frenos disco, LED. ¡Nueva!",660.0,USD,La Habana,Cerro,"marca, tipo_bateria","faltan campos obligatorios: marca, tipo_bateria",faltan_campos,https://www.revolico.com/search?q=e-bike&page=3,https://www.revolico.com/item/bici-electrica-plegable-660-usd-30kmh-60km-autonomia-frenos-disco-led-nueva-56007841
57521022,🚴 E-BIKE SPORT – 800W – 50-60 KM – $550 USD ⚡,550.0,USD,La Habana,Playa,"marca, tipo_bateria","faltan campos obligatorios: marca, tipo_bateria",faltan_campos,https://www.revolico.com/search?q=e-bike&page=1,https://www.revolico.com/item/e-bike-sport-800w-50-60-km-550-usd-57521022
56566747,"🛵bicimoto electrica unizuki haciendo 70 km todo le funciona al 💯 su alarma sus luces , plastiquería impecable 0 det",900.0,USD,La Habana,Playa,"marca, tipo_bateria","faltan campos obligatorios: marca, tipo_bateria",faltan_campos,https://www.revolico.com/search?q=bicimoto+electrica&page=4,https://www.revolico.com/item/bicimoto-electrica-unizuki-haciendo-70-km-todo-le-funciona-al-su-alarma-sus-luces-plastiqueria-impecable-0-det-56566747
57492871,!!! Bicicleta eléctrica nueva sellada en caja solo 460 solo me quedan 2!!!,460.0,USD,La Habana,Plaza,"marca, tipo_bateria, autonomia_km","faltan campos obligatorios: marca, tipo_bateria, autonomia_km",faltan_campos,https://www.revolico.com/search?q=bicicleta+electrica&page=9,https://www.revolico.com/item/bicicleta-electrica-nueva-sellada-en-caja-solo-460-solo-me-quedan-2-57492871
55610797,!!! Se vende caja o vagón original para batería 🔋 de 48volt x 10 amperes,10.0,USD,La Habana,Plaza,"marca, tipo_bateria, autonomia_km","faltan campos obligatorios: marca, tipo_bateria, autonomia_km",faltan_campos,https://www.revolico.com/search?q=bici+electrica&page=3,https://www.revolico.com/item/se-vende-caja-o-vagon-original-para-bateria-de-48volt-x-10-amperes-55610797
57607505,$$ BICIMOTO BUCCATTI $$,1750.0,USD,La Habana,Marianao,"marca, tipo_bateria, autonomia_km","faltan campos obligatorios: marca, tipo_bateria, autonomia_km",faltan_campos,https://www.revolico.com/search?q=bicimoto&page=6,https://www.revolico.com/item/bicimoto-buccatti-57607505
54333236,* Scamp II Youth Bike Helmet – Casco de Bicicleta para Niños,40.0,USD,La Habana,Centro Habana,"marca, tipo_bateria, autonomia_km","faltan campos obligatorios: marca, tipo_bateria, autonomia_km",faltan_campos,https://www.revolico.com/search?q=e-bike&page=1,https://www.revolico.com/item/scamp-ii-youth-bike-helmet-casco-de-bicicleta-para-ninos-54333236
57572437,"*BICICLETA 20"" SILVER BIKE* *Colores:* Plateadas, grises, rojas, azules y negras *Material* Aluminio *PRECIO* 125 U",125.0,USD,La Habana,Diez de Octubre,"marca, tipo_bateria, autonomia_km","faltan campos obligatorios: marca, tipo_bateria, autonomia_km",faltan_campos,https://www.revolico.com/search?q=e-bike&page=1,https://www.revolico.com/item/bicicleta-20-silver-bike-colores-plateadas-grises-rojas-azules-y-negras-material-aluminio-precio-125-u-57572437
57572489,"*BICICLETA 26"" SILVER BIKE* CON CAMBIOS *Colores:* negro, rosado, gris, plateado , rojo y negra y gris *Material* Al",190.0,USD,La Habana,Diez de Octubre,"marca, tipo_bateria, autonomia_km","faltan campos obligatorios: marca, tipo_bateria, autonomia_km",faltan_campos,https://www.revolico.com/search?q=e-bike&page=1,https://www.revolico.com/item/bicicleta-26-silver-bike-con-cambios-colores-negro-rosado-gris-plateado-rojo-y-negra-y-gris-material-al-57572489
57481646,*BICIMOTO,850.0,USD,La Habana,Arroyo Naranjo,"marca, tipo_bateria, autonomia_km","faltan campos obligatorios: marca, tipo_bateria, autonomia_km",faltan_campos,https://www.revolico.com/search?q=bicimoto&page=1,https://www.revolico.com/item/bicimoto-57481646
57606865,*Bicicleta Eléctrica DYU* Garantía 1 mes *Domicilio libre de costo en bayamo* *Precio : 750 USD*,750.0,USD,Granma,Bayamo,"marca, tipo_bateria, autonomia_km","faltan campos obligatorios: marca, tipo_bateria, autonomia_km",faltan_campos,https://www.revolico.com/search?q=bicicleta+electrica&page=7,https://www.revolico.com/item/bicicleta-electrica-dyu-garantia-1-mes-domicilio-libre-de-costo-en-bayamo-precio-750-usd-57606865
57635528,*Bicicleta Eléctrica G29 1000W 2500W Peak 48V 25Ah 26 Fat Tire Negro* • 1170 USD,1170.0,USD,La Habana,Diez de Octubre,"marca, tipo_bateria, autonomia_km","faltan campos obligatorios: marca, tipo_bateria, autonomia_km",faltan_campos,https://www.revolico.com/search?q=bicicleta+electrica&page=6,https://www.revolico.com/item/bicicleta-electrica-g29-1000w-2500w-peak-48v-25ah-26-fat-tire-negro-1170-usd-57635528
57552859,16 inch fat tyre e-bike 500W 48V13Ah 45km/h with seat storage electric bike,578.0,USD,Ciego de Ávila,Florencia,"marca, tipo_bateria, autonomia_km","faltan campos obligatorios: marca, tipo_bateria, autonomia_km",faltan_campos,https://www.revolico.com/search?q=e-bike&page=3,https://www.revolico.com/item/16-inch-fat-tyre-e-bike-500w-48v13ah-45kmh-with-seat-storage-electric-bike-57552859
57569890,"20"" Fat Tire E-Bike 750W 48V 13Ah Battery 7 Speed LED Color Display Electric Bike",875.0,USD,Las Tunas,Jesús Menéndez,"marca, tipo_bateria, autonomia_km","faltan campos obligatorios: marca, tipo_bateria, autonomia_km",faltan_campos,https://www.revolico.com/search?q=e-bike&page=3,https://www.revolico.com/item/20-fat-tire-e-bike-750w-48v-13ah-battery-7-speed-led-color-display-electric-bike-57569890
57294331,2025 Altis Sigma Electric Dirt Bike,500.0,USD,La Habana,Centro Habana,"marca, tipo_bateria, autonomia_km","faltan campos obligatorios: marca, tipo_bateria, autonomia_km",faltan_campos,https://www.revolico.com/search?q=e-bike&page=2,https://www.revolico.com/item/2025-altis-sigma-electric-dirt-bike-57294331
56772582,430 bici eléctrica,430.0,USD,La Habana,Habana del Este,"marca, tipo_bateria, autonomia_km","faltan campos obligatorios: marca, tipo_bateria, autonomia_km",faltan_campos,https://www.revolico.com/search?q=bici+electrica&page=1,https://www.revolico.com/item/480-bici-electrica-56772582
57204668,550USD Revisar de talles Bicimoto Bicicleta electrica,550.0,USD,La Habana,Arroyo Naranjo,"marca, tipo_bateria, autonomia_km","faltan campos obligatorios: marca, tipo_bateria, autonomia_km",faltan_campos,https://www.revolico.com/search?q=bicimoto+electrica&page=5,https://www.revolico.com/item/550usd-revisar-de-talles-bicimoto-bicicleta-electrica-57204668
57612063,750 usd bici moto electrica nueva en su caja,750.0,USD,La Habana,Playa,"marca, tipo_bateria, autonomia_km","faltan campos obligatorios: marca, tipo_bateria, autonomia_km",faltan_campos,https://www.revolico.com/search?q=bici+electrica&page=2,https://www.revolico.com/item/750-usd-bici-moto-electrica-nueva-en-su-caja-57612063
57499744,750 usd vendo bici moto eléctrica nueva en su caja,750.0,USD,La Habana,Playa,"marca, tipo_bateria, autonomia_km","faltan campos obligatorios: marca, tipo_bateria, autonomia_km",faltan_campos,https://www.revolico.com/search?q=bici+electrica&page=2,https://www.revolico.com/item/750-usd-vendo-bici-moto-electrica-nueva-en-su-caja-57499744
56584316,"Askmy E500, Bicicketa electrica potente ,modelo exclusivo.Nueva",850.0,USD,La Habana,Cerro,"marca, tipo_bateria, autonomia_km","faltan campos obligatorios: marca, tipo_bateria, autonomia_km",faltan_campos,https://www.revolico.com/search?q=bici+electrica&page=2,https://www.revolico.com/item/askmy-e500-bicicketa-electrica-potente-modelo-exclusivonueva-56584316
57467175,BICI BICICLETA ELECTRICA,480.0,USD,La Habana,Boyeros,"marca, tipo_bateria, autonomia_km","faltan campos obligatorios: marca, tipo_bateria, autonomia_km",faltan_campos,https://www.revolico.com/search?q=bici+electrica&page=1,https://www.revolico.com/item/bici-bicicleta-electrica-57467175
57623794,BICI ELECTRICA SPORT S1 14,590.0,USD,La Habana,Playa,"marca, tipo_bateria, autonomia_km","faltan campos obligatorios: marca, tipo_bateria, autonomia_km",faltan_campos,https://www.revolico.com/search?q=bici+electrica&page=1,https://www.revolico.com/item/bici-electrica-sport-s1-14-57623794
56685240,BICI MOTO ROSA PARA MIS NIÑAS 💕,1150.0,USD,La Habana,Plaza,"marca, tipo_bateria, autonomia_km","faltan campos obligatorios: marca, tipo_bateria, autonomia_km",faltan_campos,https://www.revolico.com/search?q=bici+electrica&page=2,https://www.revolico.com/item/bici-moto-rosa-para-mis-ninas-56685240
57282010,BICI-MOTO-ELÉCTRICA,1200.0,USD,La Habana,Boyeros,"marca, tipo_bateria, autonomia_km","faltan campos obligatorios: marca, tipo_bateria, autonomia_km",faltan_campos,https://www.revolico.com/search?q=bici+electrica&page=1,https://www.revolico.com/item/bici-moto-electrica-57282010
57282958,"BICICLETA 26""",170.0,USD,La Habana,Centro Habana,"marca, tipo_bateria, autonomia_km","faltan campos obligatorios: marca, tipo_bateria, autonomia_km",faltan_campos,https://www.revolico.com/search?q=e-bike&page=3,https://www.revolico.com/item/bicicleta-26-57282958
57124359,BICICLETA 26'',170.0,USD,La Habana,Centro Habana,"marca, tipo_bateria, autonomia_km","faltan campos obligatorios: marca, tipo_bateria, autonomia_km",faltan_campos,https://www.revolico.com/search?q=e-bike&page=4,https://www.revolico.com/item/bicicleta-26-57124359
57124314,"BICICLETA DE MONTAÑA MYNIAO 26"", COLORES DISPONIBLES AZUL, BLANCA, ROSADA Y NEGRA CON AZUL, ENTREGA DE FACTURA. VARIEDAD",170.0,USD,La Habana,Centro Habana,"marca, tipo_bateria, autonomia_km","faltan campos obligatorios: marca, tipo_bateria, autonomia_km",faltan_campos,https://www.revolico.com/search?q=e-bike&page=4,https://www.revolico.com/item/bicicleta-de-montana-myniao-26-colores-disponibles-azul-blanca-rosada-y-negra-con-azul-entrega-de-factura-variedad-57124314
57602760,BICICLETA ELECTRICA,1000.0,USD,La Habana,Diez de Octubre,"marca, tipo_bateria, autonomia_km","faltan campos obligatorios: marca, tipo_bateria, autonomia_km",faltan_campos,https://www.revolico.com/search?q=bicicleta+electrica&page=1,https://www.revolico.com/item/bicicleta-electrica-57602760
57602730,BICICLETA ELECTRICA,520.0,USD,La Habana,Diez de Octubre,"marca, tipo_bateria, autonomia_km","faltan campos obligatorios: marca, tipo_bateria, autonomia_km",faltan_campos,https://www.revolico.com/search?q=bicicleta+electrica&page=1,https://www.revolico.com/item/bicicleta-electrica-57602730
57568049,BICICLETA ELECTRICA,590.0,USD,La Habana,Habana Vieja,"marca, tipo_bateria, autonomia_km","faltan campos obligatorios: marca, tipo_bateria, autonomia_km",faltan_campos,https://www.revolico.com/search?q=bicicleta+electrica&page=1,https://www.revolico.com/item/bicicleta-electrica-57568049
57558891,BICICLETA ELECTRICA,600.0,USD,La Habana,Centro Habana,"marca, tipo_bateria, autonomia_km","faltan campos obligatorios: marca, tipo_bateria, autonomia_km",faltan_campos,https://www.revolico.com/search?q=bicicleta+electrica&page=1,https://www.revolico.com/item/bicicleta-electrica-57558891
57471516,BICICLETA ELECTRICA,980.0,USD,La Habana,Centro Habana,"marca, tipo_bateria, autonomia_km","faltan campos obligatorios: marca, tipo_bateria, autonomia_km",faltan_campos,https://www.revolico.com/search?q=bicicleta+electrica&page=2,https://www.revolico.com/item/bicicleta-electrica-57471516
57434559,BICICLETA ELECTRICA,550.0,USD,La Habana,Centro Habana,"marca, tipo_bateria, autonomia_km","faltan campos obligatorios: marca, tipo_bateria, autonomia_km",faltan_campos,https://www.revolico.com/search?q=bicicleta+electrica&page=2,https://www.revolico.com/item/bicicleta-electrica-57434559
57161170,BICICLETA ELECTRICA,590.0,USD,La Habana,San Miguel del Padrón,"marca, tipo_bateria, autonomia_km","faltan campos obligatorios: marca, tipo_bateria, autonomia_km",faltan_campos,https://www.revolico.com/search?q=bicicleta+electrica&page=3,https://www.revolico.com/item/bicicleta-electrica-57161170
56846202,BICICLETA ELECTRICA,485.0,USD,La Habana,Plaza,"marca, tipo_bateria, autonomia_km","faltan campos obligatorios: marca, tipo_bateria, autonomia_km",faltan_campos,https://www.revolico.com/search?q=bicicleta+electrica&page=4,https://www.revolico.com/item/bicicleta-electrica-56846202
56723321,BICICLETA ELECTRICA,1100.0,USD,La Habana,Diez de Octubre,"marca, tipo_bateria, autonomia_km","faltan campos obligatorios: marca, tipo_bateria, autonomia_km",faltan_campos,https://www.revolico.com/search?q=bicicleta+electrica&page=4,https://www.revolico.com/item/bicicleta-electrica-56723321
56481222,BICICLETA ELECTRICA,520.0,USD,La Habana,San Miguel del Padrón,"marca, tipo_bateria, autonomia_km","faltan campos obligatorios: marca, tipo_bateria, autonomia_km",faltan_campos,https://www.revolico.com/search?q=bicicleta+electrica&page=5,https://www.revolico.com/item/bicicleta-electrica-56481222
56331658,BICICLETA ELECTRICA,1.0,USD,La Habana,Centro Habana,"marca, tipo_bateria, autonomia_km","faltan campos obligatorios: marca, tipo_bateria, autonomia_km",faltan_campos,https://www.revolico.com/search?q=bicicleta+electrica&page=5,https://www.revolico.com/item/bicicleta-electrica-murasaki-56331658
52713095,BICICLETA ELECTRICA,700.0,USD,La Habana,Arroyo Naranjo,"marca, tipo_bateria, autonomia_km","faltan campos obligatorios: marca, tipo_bateria, autonomia_km",faltan_campos,https://www.revolico.com/search?q=bicicleta+electrica&page=5,https://www.revolico.com/item/bicicleta-de-bateria-52713095
57413907,BICICLETA ELECTRICA A9,600.0,USD,La Habana,Centro Habana,"marca, tipo_bateria, autonomia_km","faltan campos obligatorios: marca, tipo_bateria, autonomia_km",faltan_campos,https://www.revolico.com/search?q=bicicleta+electrica&page=9,https://www.revolico.com/item/bicicleta-electrica-a9-57413907
57492629,BICICLETA ELECTRICA BUGATTI,950.0,USD,La Habana,Playa,"marca, tipo_bateria, autonomia_km","faltan campos obligatorios: marca, tipo_bateria, autonomia_km",faltan_campos,https://www.revolico.com/search?q=bicicleta+electrica&page=9,https://www.revolico.com/item/bicicleta-electrica-bugatti-57492629
57525295,BICICLETA ELECTRICA E BIKE SPORT,530.0,USD,La Habana,Habana Vieja,"marca, tipo_bateria, autonomia_km","faltan campos obligatorios: marca, tipo_bateria, autonomia_km",faltan_campos,https://www.revolico.com/search?q=bicicleta+electrica&page=8,https://www.revolico.com/item/bicicleta-electrica-e-bike-sport-57525295
56815548,BICICLETA ELECTRICA E- BIKE,1310.0,USD,La Habana,Arroyo Naranjo,"marca, tipo_bateria, autonomia_km","faltan campos obligatorios: marca, tipo_bateria, autonomia_km",faltan_campos,https://www.revolico.com/search?q=e-bike&page=1,https://www.revolico.com/item/bicicleta-electrica-e-bike-56815548
57413977,BICICLETA ELECTRICA ESKUTE T300 PLUSS,950.0,USD,La Habana,Centro Habana,"marca, tipo_bateria, autonomia_km","faltan campos obligatorios: marca, tipo_bateria, autonomia_km",faltan_campos,https://www.revolico.com/search?q=bicicleta+electrica&page=9,https://www.revolico.com/item/bicicleta-electrica-eskute-t300-pluss-57413977
57642867,BICICLETA ELECTRICA GS3,800.0,USD,La Habana,Centro Habana,"marca, tipo_bateria, autonomia_km","faltan campos obligatorios: marca, tipo_bateria, autonomia_km",faltan_campos,https://www.revolico.com/search?q=bicicleta+electrica&page=6,https://www.revolico.com/item/bicicleta-electrica-gs3-57642867
57634318,BICICLETA ELECTRICA GS3,830.0,USD,La Habana,Centro Habana,"marca, tipo_bateria, autonomia_km","faltan campos obligatorios: marca, tipo_bateria, autonomia_km",faltan_campos,https://www.revolico.com/search?q=bicicleta+electrica&page=6,https://www.revolico.com/item/bicicleta-electrica-gs3-57634318
57524171,BICICLETA ELECTRICA MOVCAN,900.0,USD,La Habana,Habana Vieja,"marca, tipo_bateria, autonomia_km","faltan campos obligatorios: marca, tipo_bateria, autonomia_km",faltan_campos,https://www.revolico.com/search?q=bicicleta+electrica&page=8,https://www.revolico.com/item/bicicleta-electrica-movcan-57524171
57485453,BICICLETA ELECTRICA ONE,900.0,USD,La Habana,Arroyo Naranjo,"marca, tipo_bateria, autonomia_km","faltan campos obligatorios: marca, tipo_bateria, autonomia_km",faltan_campos,https://www.revolico.com/search?q=bicicleta+electrica&page=9,https://www.revolico.com/item/bicicleta-electrica-one-57485453
57413860,BICICLETA ELECTRICA UNIBIKE F1 PRO,1100.0,USD,La Habana,Centro Habana,"marca, tipo_bateria, autonomia_km","faltan campos obligatorios: marca, tipo_bateria, autonomia_km",faltan_campos,https://www.revolico.com/search?q=bicicleta+electrica&page=9,https://www.revolico.com/item/bicicleta-electrica-unibike-f1-pro-57413860
57413929,BICICLETA ELECTRICA VIPORVIVE,900.0,USD,La Habana,Centro Habana,"marca, tipo_bateria, autonomia_km","faltan campos obligatorios: marca, tipo_bateria, autonomia_km",faltan_campos,https://www.revolico.com/search?q=bicicleta+electrica&page=9,https://www.revolico.com/item/bicicleta-electrica-viporvive-57413929
57424548,BICICLETA ELÈCTRICA X80 PRO,1300.0,USD,La Habana,Centro Habana,"marca, tipo_bateria, autonomia_km","faltan campos obligatorios: marca, tipo_bateria, autonomia_km",faltan_campos,https://www.revolico.com/search?q=bicicleta+electrica&page=9,https://www.revolico.com/item/bicicleta-electrica-x80-pro-57424548
57691391,BICICLETA ELÉCTRICA,850.0,USD,La Habana,La Lisa,"marca, tipo_bateria, autonomia_km","faltan campos obligatorios: marca, tipo_bateria, autonomia_km",faltan_campos,https://www.revolico.com/search?q=bicicleta+electrica&page=1,https://www.revolico.com/item/bicicleta-electrica-57691391
57665120,BICICLETA ELÉCTRICA,900.0,USD,La Habana,Plaza,"marca, tipo_bateria, autonomia_km","faltan campos obligatorios: marca, tipo_bateria, autonomia_km",faltan_campos,https://www.revolico.com/search?q=bicicleta+electrica&page=1,https://www.revolico.com/item/bicicleta-electrica-57665120
57579725,BICICLETA ELÉCTRICA,1.0,USD,La Habana,Plaza,"marca, tipo_bateria, autonomia_km","faltan campos obligatorios: marca, tipo_bateria, autonomia_km",faltan_campos,https://www.revolico.com/search?q=bicicleta+electrica&page=1,https://www.revolico.com/item/bicicleta-electrica-57579725
57554739,BICICLETA ELÉCTRICA,560.0,USD,La Habana,Centro Habana,"marca, tipo_bateria, autonomia_km","faltan campos obligatorios: marca, tipo_bateria, autonomia_km",faltan_campos,https://www.revolico.com/search?q=bicicleta+electrica&page=1,https://www.revolico.com/item/bicicleta-electrica-57554739
57548764,BICICLETA ELÉCTRICA,900.0,USD,La Habana,Centro Habana,"marca, tipo_bateria, autonomia_km","faltan campos obligatorios: marca, tipo_bateria, autonomia_km",faltan_campos,https://www.revolico.com/search?q=bicicleta+electrica&page=1,https://www.revolico.com/item/bicicleta-electrica-57548764
57541812,BICICLETA ELÉCTRICA,980.0,USD,La Habana,Centro Habana,"marca, tipo_bateria, autonomia_km","faltan campos obligatorios: marca, tipo_bateria, autonomia_km",faltan_campos,https://www.revolico.com/search?q=bicicleta+electrica&page=1,https://www.revolico.com/item/bicicleta-electrica-57541812
57497289,BICICLETA ELÉCTRICA,650.0,USD,La Habana,Cerro,"marca, tipo_bateria, autonomia_km","faltan campos obligatorios: marca, tipo_bateria, autonomia_km",faltan_campos,https://www.revolico.com/search?q=bicicleta+electrica&page=2,https://www.revolico.com/item/bicicleta-electrica-57497289
57482919,BICICLETA ELÉCTRICA,820.0,USD,La Habana,Centro Habana,"marca, tipo_bateria, autonomia_km","faltan campos obligatorios: marca, tipo_bateria, autonomia_km",faltan_campos,https://www.revolico.com/search?q=bicicleta+electrica&page=2,https://www.revolico.com/item/bicicleta-electrica-57482919
57442893,BICICLETA ELÉCTRICA,590.0,USD,La Habana,Playa,"marca, tipo_bateria, autonomia_km","faltan campos obligatorios: marca, tipo_bateria, autonomia_km",faltan_campos,https://www.revolico.com/search?q=bicicleta+electrica&page=2,https://www.revolico.com/item/bicicleta-electrica-57442893
57411091,BICICLETA ELÉCTRICA,1250.0,USD,La Habana,Cerro,"marca, tipo_bateria, autonomia_km","faltan campos obligatorios: marca, tipo_bateria, autonomia_km",faltan_campos,https://www.revolico.com/search?q=bicicleta+electrica&page=2,https://www.revolico.com/item/bicicleta-electrica-57411091
57404416,BICICLETA ELÉCTRICA,590.0,USD,La Habana,Marianao,"marca, tipo_bateria, autonomia_km","faltan campos obligatorios: marca, tipo_bateria, autonomia_km",faltan_campos,https://www.revolico.com/search?q=bicicleta+electrica&page=2,https://www.revolico.com/item/bicicleta-electrica-57404416
57387470,BICICLETA ELÉCTRICA,1100.0,USD,La Habana,Playa,"marca, tipo_bateria, autonomia_km","faltan campos obligatorios: marca, tipo_bateria, autonomia_km",faltan_campos,https://www.revolico.com/search?q=bicicleta+electrica&page=2,https://www.revolico.com/item/bicicleta-electrica-57387470
57213602,BICICLETA ELÉCTRICA,590.0,USD,La Habana,Playa,"marca, tipo_bateria, autonomia_km","faltan campos obligatorios: marca, tipo_bateria, autonomia_km",faltan_campos,https://www.revolico.com/search?q=bicicleta+electrica&page=3,https://www.revolico.com/item/bicicleta-electrica-57213602
57171748,BICICLETA ELÉCTRICA,1100.0,USD,La Habana,Cerro,"marca, tipo_bateria, autonomia_km","faltan campos obligatorios: marca, tipo_bateria, autonomia_km",faltan_campos,https://www.revolico.com/search?q=bicicleta+electrica&page=3,https://www.revolico.com/item/bicicleta-electrica-57171748
57163541,BICICLETA ELÉCTRICA,1050.0,USD,La Habana,Cerro,"marca, tipo_bateria, autonomia_km","faltan campos obligatorios: marca, tipo_bateria, autonomia_km",faltan_campos,https://www.revolico.com/search?q=bicicleta+electrica&page=3,https://www.revolico.com/item/bicicleta-electrica-57163541
57060686,BICICLETA ELÉCTRICA,590.0,USD,La Habana,Playa,"marca, tipo_bateria, autonomia_km","faltan campos obligatorios: marca, tipo_bateria, autonomia_km",faltan_campos,https://www.revolico.com/search?q=bicicleta+electrica&page=3,https://www.revolico.com/item/bicicleta-electrica-57060686
57009017,BICICLETA ELÉCTRICA,590.0,USD,La Habana,Playa,"marca, tipo_bateria, autonomia_km","faltan campos obligatorios: marca, tipo_bateria, autonomia_km",faltan_campos,https://www.revolico.com/search?q=bicicleta+electrica&page=3,https://www.revolico.com/item/bicicleta-electrica-57009017
56998738,BICICLETA ELÉCTRICA,520.0,USD,La Habana,Centro Habana,"marca, tipo_bateria, autonomia_km","faltan campos obligatorios: marca, tipo_bateria, autonomia_km",faltan_campos,https://www.revolico.com/search?q=bicicleta+electrica&page=3,https://www.revolico.com/item/bicicleta-electrica-56998738
56993025,BICICLETA ELÉCTRICA,600.0,USD,La Habana,Boyeros,"marca, tipo_bateria, autonomia_km","faltan campos obligatorios: marca, tipo_bateria, autonomia_km",faltan_campos,https://www.revolico.com/search?q=bicicleta+electrica&page=3,https://www.revolico.com/item/bicicleta-electrica-56993025
56925212,BICICLETA ELÉCTRICA,700.0,USD,La Habana,Marianao,"marca, tipo_bateria, autonomia_km","faltan campos obligatorios: marca, tipo_bateria, autonomia_km",faltan_campos,https://www.revolico.com/search?q=bicicleta+electrica&page=3,https://www.revolico.com/item/bicicleta-electrica-56925212
56850653,BICICLETA ELÉCTRICA,950.0,USD,La Habana,Habana Vieja,"marca, tipo_bateria, autonomia_km","faltan campos obligatorios: marca, tipo_bateria, autonomia_km",faltan_campos,https://www.revolico.com/search?q=bicicleta+electrica&page=4,https://www.revolico.com/item/bicicleta-electrica-precio-ajustable-56850653
56849946,BICICLETA ELÉCTRICA,540.0,USD,La Habana,Regla,"marca, tipo_bateria, autonomia_km","faltan campos obligatorios: marca, tipo_bateria, autonomia_km",faltan_campos,https://www.revolico.com/search?q=bicicleta+electrica&page=4,https://www.revolico.com/item/bicicleta-electrica-56849946
56832087,BICICLETA ELÉCTRICA,500.0,USD,Camagüey,Camagüey,"marca, tipo_bateria, autonomia_km","faltan campos obligatorios: marca, tipo_bateria, autonomia_km",faltan_campos,https://www.revolico.com/search?q=bicicleta+electrica&page=4,https://www.revolico.com/item/bicicleta-electrica-56832087
56681267,BICICLETA ELÉCTRICA,540.0,USD,La Habana,Playa,"marca, tipo_bateria, autonomia_km","faltan campos obligatorios: marca, tipo_bateria, autonomia_km",faltan_campos,https://www.revolico.com/search?q=bicicleta+electrica&page=4,https://www.revolico.com/item/bicicleta-electrica-56681267
56673058,BICICLETA ELÉCTRICA,590.0,USD,La Habana,Plaza,"marca, tipo_bateria, autonomia_km","faltan campos obligatorios: marca, tipo_bateria, autonomia_km",faltan_campos,https://www.revolico.com/search?q=bicicleta+electrica&page=4,https://www.revolico.com/item/bicicleta-electrica-56673058
56660469,BICICLETA ELÉCTRICA,900.0,USD,La Habana,La Lisa,"marca, tipo_bateria, autonomia_km","faltan campos obligatorios: marca, tipo_bateria, autonomia_km",faltan_campos,https://www.revolico.com/search?q=bicicleta+electrica&page=4,https://www.revolico.com/item/bicicleta-electrica-56660469
56600956,BICICLETA ELÉCTRICA,1.0,USD,La Habana,Marianao,"marca, tipo_bateria, autonomia_km","faltan campos obligatorios: marca, tipo_bateria, autonomia_km",faltan_campos,https://www.revolico.com/search?q=bicicleta+electrica&page=5,https://www.revolico.com/item/bicicleta-electrica-56600956
56506009,BICICLETA ELÉCTRICA,620.0,USD,Cienfuegos,Cienfuegos,"marca, tipo_bateria, autonomia_km","faltan campos obligatorios: marca, tipo_bateria, autonomia_km",faltan_campos,https://www.revolico.com/search?q=bicicleta+electrica&page=5,https://www.revolico.com/item/bicicleta-electrica-56506009
56191239,BICICLETA ELÉCTRICA,690.0,USD,La Habana,La Lisa,"marca, tipo_bateria, autonomia_km","faltan campos obligatorios: marca, tipo_bateria, autonomia_km",faltan_campos,https://www.revolico.com/search?q=bicicleta+electrica&page=5,https://www.revolico.com/item/bicicleta-electrica-56191239
56073813,BICICLETA ELÉCTRICA,690.0,USD,La Habana,Centro Habana,"marca, tipo_bateria, autonomia_km","faltan campos obligatorios: marca, tipo_bateria, autonomia_km",faltan_campos,https://www.revolico.com/search?q=bicicleta+electrica&page=5,https://www.revolico.com/item/bicicleta-electrica-56073813
55345227,BICICLETA ELÉCTRICA,590.0,USD,La Habana,Playa,"marca, tipo_bateria, autonomia_km","faltan campos obligatorios: marca, tipo_bateria, autonomia_km",faltan_campos,https://www.revolico.com/search?q=bicicleta+electrica&page=5,https://www.revolico.com/item/bicicleta-electrica-55345227
57474331,"BICICLETA ELÉCTRICA .MOTOR DE 1000 W, ✅️BATERIA 48 V/15,6 Ah, ✅️VELOCIDAD MÁXIMA: 35 KM/H*920 usd*nova",920.0,USD,La Habana,La Lisa,"marca, tipo_bateria, autonomia_km","faltan campos obligatorios: marca, tipo_bateria, autonomia_km",faltan_campos,https://www.revolico.com/search?q=bicicleta+electrica&page=9,https://www.revolico.com/item/bicicleta-electrica-motor-de-1000-w-bateria-48-v156-ah-velocidad-maxima-35-kmh920-usdnova-57474331
57482152,BICICLETA ELÉCTRICA 1000w,1000.0,USD,La Habana,Boyeros,"marca, tipo_bateria, autonomia_km","faltan campos obligatorios: marca, tipo_bateria, autonomia_km",faltan_campos,https://www.revolico.com/search?q=bicicleta+electrica&page=9,https://www.revolico.com/item/bicicleta-electrica-1000w-57482152
57476994,"BICICLETA ELÉCTRICA A - 12 versión 2026 con un estilo moderno, muy práctica y potente este modelo. Precio 600 USD Enc",550.0,USD,La Habana,Arroyo Naranjo,"marca, tipo_bateria, autonomia_km","faltan campos obligatorios: marca, tipo_bateria, autonomia_km",faltan_campos,https://www.revolico.com/search?q=bicicleta+electrica&page=9,https://www.revolico.com/item/bicicleta-electrica-a-12-version-2026-con-un-estilo-moderno-muy-practica-y-potente-este-modelo-precio-600-usd-enc-57476994
57477025,"BICICLETA ELÉCTRICA A - 12 versión 2026 con un estilo moderno, muy práctica y potente este modelo. Totalmente nueva en",550.0,USD,La Habana,Boyeros,"marca, tipo_bateria, autonomia_km","faltan campos obligatorios: marca, tipo_bateria, autonomia_km",faltan_campos,https://www.revolico.com/search?q=bicicleta+electrica&page=9,https://www.revolico.com/item/bicicleta-electrica-a-12-version-2026-con-un-estilo-moderno-muy-practica-y-potente-este-modelo-totalmente-nueva-en-57477025
57585269,BICICLETA ELÉCTRICA A9,600.0,USD,La Habana,Centro Habana,"marca, tipo_bateria, autonomia_km","faltan campos obligatorios: marca, tipo_bateria, autonomia_km",faltan_campos,https://www.revolico.com/search?q=bicicleta+electrica&page=7,https://www.revolico.com/item/bicicleta-electrica-a9-57585269
57547454,BICICLETA ELÉCTRICA A9,600.0,USD,La Habana,Plaza,"marca, tipo_bateria, autonomia_km","faltan campos obligatorios: marca, tipo_bateria, autonomia_km",faltan_campos,https://www.revolico.com/search?q=bicicleta+electrica&page=7,https://www.revolico.com/item/bicicleta-electrica-a9-57547454
57539161,BICICLETA ELÉCTRICA A9,650.0,USD,La Habana,Playa,"marca, tipo_bateria, autonomia_km","faltan campos obligatorios: marca, tipo_bateria, autonomia_km",faltan_campos,https://www.revolico.com/search?q=bicicleta+electrica&page=8,https://www.revolico.com/item/bicicleta-electrica-a9-57539161
57527477,BICICLETA ELÉCTRICA A9,600.0,USD,La Habana,Cotorro,"marca, tipo_bateria, autonomia_km","faltan campos obligatorios: marca, tipo_bateria, autonomia_km",faltan_campos,https://www.revolico.com/search?q=bicicleta+electrica&page=8,https://www.revolico.com/item/bicicleta-electrica-a9-57527477
57413298,BICICLETA ELÉCTRICA A9,600.0,USD,La Habana,Centro Habana,"marca, tipo_bateria, autonomia_km","faltan campos obligatorios: marca, tipo_bateria, autonomia_km",faltan_campos,https://www.revolico.com/search?q=bicicleta+electrica&page=9,https://www.revolico.com/item/bicicleta-electrica-a9-57413298
57429967,BICICLETA ELÉCTRICA AL MEJOR PRECIO,440.0,USD,La Habana,Plaza,"marca, tipo_bateria, autonomia_km","faltan campos obligatorios: marca, tipo_bateria, autonomia_km",faltan_campos,https://www.revolico.com/search?q=bicicleta+electrica&page=9,https://www.revolico.com/item/bicicleta-electrica-al-mejor-precio-57429967
57492220,BICICLETA ELÉCTRICA BUCATT,950.0,USD,La Habana,Plaza,"marca, tipo_bateria, autonomia_km","faltan campos obligatorios: marca, tipo_bateria, autonomia_km",faltan_campos,https://www.revolico.com/search?q=bicicleta+electrica&page=9,https://www.revolico.com/item/bicicleta-electrica-bucatt-57492220
57653179,BICICLETA ELÉCTRICA DE 1200W,650.0,USD,La Habana,Habana del Este,"marca, tipo_bateria, autonomia_km","faltan campos obligatorios: marca, tipo_bateria, autonomia_km",faltan_campos,https://www.revolico.com/search?q=bicicleta+electrica&page=6,https://www.revolico.com/item/bicicleta-electrica-de-1200w-57653179
56871385,BICICLETA ELÉCTRICA E-BIKE,1300.0,USD,La Habana,Boyeros,"marca, tipo_bateria, autonomia_km","faltan campos obligatorios: marca, tipo_bateria, autonomia_km",faltan_campos,https://www.revolico.com/search?q=e-bike&page=1,https://www.revolico.com/item/bicicleta-electrica-e-bike-56871385
57685944,BICICLETA ELÉCTRICA EBIKE A12,620.0,USD,La Habana,Cerro,"marca, tipo_bateria, autonomia_km","faltan campos obligatorios: marca, tipo_bateria, autonomia_km",faltan_campos,https://www.revolico.com/search?q=bicicleta+electrica&page=6,https://www.revolico.com/item/bicicleta-electrica-ebike-a12-57685944
57682604,BICICLETA ELÉCTRICA EBIKE A12,750.0,USD,La Habana,Plaza,"marca, tipo_bateria, autonomia_km","faltan campos obligatorios: marca, tipo_bateria, autonomia_km",faltan_campos,https://www.revolico.com/search?q=bicicleta+electrica&page=6,https://www.revolico.com/item/bicicleta-electrica-ebike-a12-57682604
57668046,BICICLETA ELÉCTRICA EBIKE A12,750.0,USD,La Habana,La Lisa,"marca, tipo_bateria, autonomia_km","faltan campos obligatorios: marca, tipo_bateria, autonomia_km",faltan_campos,https://www.revolico.com/search?q=bicicleta+electrica&page=6,https://www.revolico.com/item/bicicleta-electrica-ebike-a12-57668046
57435810,BICICLETA ELÉCTRICA EDISON EP-002 FATBOY NUEVA EN CAJA 🚲⚡️,1.0,USD,La Habana,Cotorro,"marca, tipo_bateria, autonomia_km","faltan campos obligatorios: marca, tipo_bateria, autonomia_km",faltan_campos,https://www.revolico.com/search?q=bicicleta+electrica&page=9,https://www.revolico.com/item/bicicleta-electrica-edison-ep-002-fatboy-nueva-en-caja-57435810
57623640,BICICLETA ELÉCTRICA EN VENTA,480.0,USD,Cienfuegos,Cienfuegos,"marca, tipo_bateria, autonomia_km","faltan campos obligatorios: marca, tipo_bateria, autonomia_km",faltan_campos,https://www.revolico.com/search?q=bicicleta+electrica&page=6,https://www.revolico.com/item/bicicleta-electrica-en-venta-57623640
57585336,BICICLETA ELÉCTRICA ESKUTE T300 PLUS,900.0,USD,La Habana,Centro Habana,"marca, tipo_bateria, autonomia_km","faltan campos obligatorios: marca, tipo_bateria, autonomia_km",faltan_campos,https://www.revolico.com/search?q=bicicleta+electrica&page=7,https://www.revolico.com/item/bicicleta-electrica-eskute-t300-plus-57585336
57527361,BICICLETA ELÉCTRICA ESKUTE T300 PLUS,900.0,USD,La Habana,Cotorro,"marca, tipo_bateria, autonomia_km","faltan campos obligatorios: marca, tipo_bateria, autonomia_km",faltan_campos,https://www.revolico.com/search?q=bicicleta+electrica&page=8,https://www.revolico.com/item/bicicleta-electrica-eskute-t300-plus-57527361
57518810,BICICLETA ELÉCTRICA ESKUTE T300 PLUS,900.0,USD,La Habana,La Lisa,"marca, tipo_bateria, autonomia_km","faltan campos obligatorios: marca, tipo_bateria, autonomia_km",faltan_campos,https://www.revolico.com/search?q=bicicleta+electrica&page=8,https://www.revolico.com/item/bicicleta-electrica-eskute-t300-plus-57518810
57413235,BICICLETA ELÉCTRICA ESKUTE T300 PLUS,900.0,USD,La Habana,Centro Habana,"marca, tipo_bateria, autonomia_km","faltan campos obligatorios: marca, tipo_bateria, autonomia_km",faltan_campos,https://www.revolico.com/search?q=bicicleta+electrica&page=10,https://www.revolico.com/item/bicicleta-electrica-eskute-t300-plus-57413235
57331071,BICICLETA ELÉCTRICA ESKUTE T300 PLUS,900.0,USD,La Habana,Arroyo Naranjo,"marca, tipo_bateria, autonomia_km","faltan campos obligatorios: marca, tipo_bateria, autonomia_km",faltan_campos,https://www.revolico.com/search?q=bicicleta+electrica&page=10,https://www.revolico.com/item/bicicleta-electrica-eskute-t300-plus-57331071
57616363,BICICLETA ELÉCTRICA ESKUTE T300 PLUS R,900.0,USD,La Habana,La Lisa,"marca, tipo_bateria, autonomia_km","faltan campos obligatorios: marca, tipo_bateria, autonomia_km",faltan_campos,https://www.revolico.com/search?q=bicicleta+electrica&page=7,https://www.revolico.com/item/bicicleta-electrica-eskute-t300-plus-r-57616363
57676547,BICICLETA ELÉCTRICA GS3,795.0,USD,La Habana,Centro Habana,"marca, tipo_bateria, autonomia_km","faltan campos obligatorios: marca, tipo_bateria, autonomia_km",faltan_campos,https://www.revolico.com/search?q=bicicleta+electrica&page=6,https://www.revolico.com/item/bicicleta-electrica-gs3-57676547
57656566,BICICLETA ELÉCTRICA GS3,800.0,USD,La Habana,Centro Habana,"marca, tipo_bateria, autonomia_km","faltan campos obligatorios: marca, tipo_bateria, autonomia_km",faltan_campos,https://www.revolico.com/search?q=bicicleta+electrica&page=6,https://www.revolico.com/item/bicicleta-electrica-gs3-57656566
57628529,BICICLETA ELÉCTRICA GS3,800.0,USD,La Habana,La Lisa,"marca, tipo_bateria, autonomia_km","faltan campos obligatorios: marca, tipo_bateria, autonomia_km",faltan_campos,https://www.revolico.com/search?q=bicicleta+electrica&page=6,https://www.revolico.com/item/bicicleta-electrica-gs3-57628529
57669624,BICICLETA ELÉCTRICA GS3 ⚙️ ESPECIFICACIONES • 500 Wats • ⁠48 Volt • ⁠15 Ampere • ⁠5 Velocidades,840.0,USD,La Habana,Cerro,"marca, tipo_bateria, autonomia_km","faltan campos obligatorios: marca, tipo_bateria, autonomia_km",faltan_campos,https://www.revolico.com/search?q=bicicleta+electrica&page=6,https://www.revolico.com/item/bicicleta-electrica-gs3-especificaciones-500-wats-48-volt-15-ampere-5-velocidades-57669624
57645635,BICICLETA ELÉCTRICA GS3 ⚙️ ESPECIFICACIONES • 500 Wats • ⁠48 Volt • ⁠15 Ampere • ⁠5 Velocidades • ⁠*easy,800.0,USD,La Habana,La Lisa,"marca, tipo_bateria, autonomia_km","faltan campos obligatorios: marca, tipo_bateria, autonomia_km",faltan_campos,https://www.revolico.com/search?q=bicicleta+electrica&page=6,https://www.revolico.com/item/bicicleta-electrica-gs3-especificaciones-500-wats-48-volt-15-ampere-5-velocidades-easy-57645635
57360863,BICICLETA ELÉCTRICA INFINITY,950.0,USD,La Habana,Centro Habana,"marca, tipo_bateria, autonomia_km","faltan campos obligatorios: marca, tipo_bateria, autonomia_km",faltan_campos,https://www.revolico.com/search?q=bicicleta+electrica&page=10,https://www.revolico.com/item/bicicleta-electrica-infinity-57360863
57331178,BICICLETA ELÉCTRICA INFINITY,950.0,USD,La Habana,Arroyo Naranjo,"marca, tipo_bateria, autonomia_km","faltan campos obligatorios: marca, tipo_bateria, autonomia_km",faltan_campos,https://www.revolico.com/search?q=bicicleta+electrica&page=10,https://www.revolico.com/item/bicicleta-electrica-infinity-57331178
57461037,BICICLETA ELÉCTRICA INFINITY🚴`,980.0,USD,La Habana,Centro Habana,"marca, tipo_bateria, autonomia_km","faltan campos obligatorios: marca, tipo_bateria, autonomia_km",faltan_campos,https://www.revolico.com/search?q=bicicleta+electrica&page=9,https://www.revolico.com/item/bicicleta-electrica-infinity-57461037
57615617,BICICLETA ELÉCTRICA MODERNA Y PERFECTA P MOVERTE,720.0,USD,La Habana,Boyeros,"marca, tipo_bateria, autonomia_km","faltan campos obligatorios: marca, tipo_bateria, autonomia_km",faltan_campos,https://www.revolico.com/search?q=bicicleta+electrica&page=7,https://www.revolico.com/item/bicicleta-electrica-moderna-y-perfecta-p-moverte-57615617
57587957,BICICLETA ELÉCTRICA MODERNA Y PERFECTA PARA MOVERTE,720.0,USD,La Habana,Arroyo Naranjo,"marca, tipo_bateria, autonomia_km","faltan campos obligatorios: marca, tipo_bateria, autonomia_km",faltan_campos,https://www.revolico.com/search?q=bicicleta+electrica&page=7,https://www.revolico.com/item/bicicleta-electrica-moderna-y-perfecta-para-moverte-57587957
57484098,BICICLETA ELÉCTRICA MOVCAN,1.0,USD,La Habana,Centro Habana,"marca, tipo_bateria, autonomia_km","faltan campos obligatorios: marca, tipo_bateria, autonomia_km",faltan_campos,https://www.revolico.com/search?q=bicicleta+electrica&page=9,https://www.revolico.com/item/bicicleta-electrica-movcan-57484098
57544318,"BICICLETA ELÉCTRICA MOVCAN V30 ✅️MOTOR DE 1000 W, ✅️BATERÍA: 48 V/15,6 Ah, ✅️VELOCIDAD MÁXIMA: 40-55 KM/H .venta Habana",1070.0,USD,La Habana,Centro Habana,"marca, tipo_bateria, autonomia_km","faltan campos obligatorios: marca, tipo_bateria, autonomia_km",faltan_campos,https://www.revolico.com/search?q=bicicleta+electrica&page=8,https://www.revolico.com/item/bicicleta-electrica-movcan-v30-motor-de-1000-w-bateria-48-v156-ah-velocidad-maxima-40-55-kmh-venta-habana-57544318
57390816,BICICLETA ELÉCTRICA NUEVA,500.0,USD,La Habana,Cerro,"marca, tipo_bateria, autonomia_km","faltan campos obligatorios: marca, tipo_bateria, autonomia_km",faltan_campos,https://www.revolico.com/search?q=bicicleta+electrica&page=10,https://www.revolico.com/item/bicicleta-electrica-nueva-57390816
57331569,BICICLETA ELÉCTRICA OFERTAAAA 💥,590.0,USD,La Habana,Playa,"marca, tipo_bateria, autonomia_km","faltan campos obligatorios: marca, tipo_bateria, autonomia_km",faltan_campos,https://www.revolico.com/search?q=bicicleta+electrica&page=10,https://www.revolico.com/item/bicicleta-electrica-ofertaaaa-57331569
57436963,BICICLETA ELÉCTRICA PEGABLE,520.0,USD,La Habana,Centro Habana,"marca, tipo_bateria, autonomia_km","faltan campos obligatorios: marca, tipo_bateria, autonomia_km",faltan_campos,https://www.revolico.com/search?q=bicicleta+electrica&page=9,https://www.revolico.com/item/bicicleta-electrica-pegable-57436963
57405501,BICICLETA ELÉCTRICA PLEGABLE,500.0,USD,La Habana,La Lisa,"marca, tipo_bateria, autonomia_km","faltan campos obligatorios: marca, tipo_bateria, autonomia_km",faltan_campos,https://www.revolico.com/search?q=bicicleta+electrica&page=10,https://www.revolico.com/item/bicicleta-electrica-plegable-57405501
57402742,BICICLETA ELÉCTRICA PLEGABLE,500.0,USD,La Habana,Habana Vieja,"marca, tipo_bateria, autonomia_km","faltan campos obligatorios: marca, tipo_bateria, autonomia_km",faltan_campos,https://www.revolico.com/search?q=bicicleta+electrica&page=10,https://www.revolico.com/item/bicicleta-electrica-plegable-57402742
57402741,BICICLETA ELÉCTRICA PLEGABLE,500.0,USD,La Habana,Habana Vieja,"marca, tipo_bateria, autonomia_km","faltan campos obligatorios: marca, tipo_bateria, autonomia_km",faltan_campos,https://www.revolico.com/search?q=bicicleta+electrica&page=10,https://www.revolico.com/item/bicicleta-electrica-plegable-57402741
57614394,BICICLETA ELÉCTRICA PLEGABLE E Bike Sport,500.0,USD,La Habana,Centro Habana,"marca, tipo_bateria, autonomia_km","faltan campos obligatorios: marca, tipo_bateria, autonomia_km",faltan_campos,https://www.revolico.com/search?q=bicicleta+electrica&page=7,https://www.revolico.com/item/bicicleta-electrica-plegable-e-bike-sport-57614394
57539774,BICICLETA ELÉCTRICA PLEGABLE EBIKE A12,620.0,USD,La Habana,Habana del Este,"marca, tipo_bateria, autonomia_km","faltan campos obligatorios: marca, tipo_bateria, autonomia_km",faltan_campos,https://www.revolico.com/search?q=bicicleta+electrica&page=8,https://www.revolico.com/item/bicicleta-electrica-plegable-ebike-a12-57539774
57392592,BICICLETA ELÉCTRICA PLEGABLE PRECIO 500 USD,500.0,USD,La Habana,Playa,"marca, tipo_bateria, autonomia_km","faltan campos obligatorios: marca, tipo_bateria, autonomia_km",faltan_campos,https://www.revolico.com/search?q=bicicleta+electrica&page=10,https://www.revolico.com/item/bicicleta-electrica-plegable-precio-500-usd-57392592
57610356,BICICLETA ELÉCTRICA SPORT,500.0,USD,La Habana,Plaza,"marca, tipo_bateria, autonomia_km","faltan campos obligatorios: marca, tipo_bateria, autonomia_km",faltan_campos,https://www.revolico.com/search?q=bicicleta+electrica&page=7,https://www.revolico.com/item/bicicleta-electrica-sport-57610356
57405511,BICICLETA ELÉCTRICA SPORT,500.0,USD,La Habana,La Lisa,"marca, tipo_bateria, autonomia_km","faltan campos obligatorios: marca, tipo_bateria, autonomia_km",faltan_campos,https://www.revolico.com/search?q=bicicleta+electrica&page=10,https://www.revolico.com/item/bicicleta-electrica-sport-57405511
57621575,BICICLETA ELÉCTRICA SPORT 08,600.0,USD,La Habana,Plaza,"marca, tipo_bateria, autonomia_km","faltan campos obligatorios: marca, tipo_bateria, autonomia_km",faltan_campos,https://www.revolico.com/search?q=bicicleta+electrica&page=7,https://www.revolico.com/item/bicicleta-electrica-sport-08-57621575
57589401,BICICLETA ELÉCTRICA SPORT 08,600.0,USD,La Habana,Playa,"marca, tipo_bateria, autonomia_km","faltan campos obligatorios: marca, tipo_bateria, autonomia_km",faltan_campos,https://www.revolico.com/search?q=bicicleta+electrica&page=7,https://www.revolico.com/item/bicicleta-electrica-sport-08-57589401
57585247,BICICLETA ELÉCTRICA SPORT 08,600.0,USD,La Habana,Centro Habana,"marca, tipo_bateria, autonomia_km","faltan campos obligatorios: marca, tipo_bateria, autonomia_km",faltan_campos,https://www.revolico.com/search?q=bicicleta+electrica&page=7,https://www.revolico.com/item/bicicleta-electrica-sport-08-57585247
57547308,BICICLETA ELÉCTRICA SPORT 08,600.0,USD,La Habana,Plaza,"marca, tipo_bateria, autonomia_km","faltan campos obligatorios: marca, tipo_bateria, autonomia_km",faltan_campos,https://www.revolico.com/search?q=bicicleta+electrica&page=7,https://www.revolico.com/item/bicicleta-electrica-sport-08-57547308
57539149,BICICLETA ELÉCTRICA SPORT 08,650.0,USD,La Habana,Playa,"marca, tipo_bateria, autonomia_km","faltan campos obligatorios: marca, tipo_bateria, autonomia_km",faltan_campos,https://www.revolico.com/search?q=bicicleta+electrica&page=8,https://www.revolico.com/item/bicicleta-electrica-sport-08-57539149
57518742,BICICLETA ELÉCTRICA SPORT 08,600.0,USD,La Habana,La Lisa,"marca, tipo_bateria, autonomia_km","faltan campos obligatorios: marca, tipo_bateria, autonomia_km",faltan_campos,https://www.revolico.com/search?q=bicicleta+electrica&page=8,https://www.revolico.com/item/bicicleta-electrica-sport-08-57518742
57424619,BICICLETA ELÉCTRICA SPORT 08,600.0,USD,La Habana,Centro Habana,"marca, tipo_bateria, autonomia_km","faltan campos obligatorios: marca, tipo_bateria, autonomia_km",faltan_campos,https://www.revolico.com/search?q=bicicleta+electrica&page=9,https://www.revolico.com/item/bicicleta-electrica-sport-08-57424619
57392583,BICICLETA ELÉCTRICA SPORT PRECIO: 500 USD,500.0,USD,La Habana,Playa,"marca, tipo_bateria, autonomia_km","faltan campos obligatorios: marca, tipo_bateria, autonomia_km",faltan_campos,https://www.revolico.com/search?q=bicicleta+electrica&page=10,https://www.revolico.com/item/bicicleta-electrica-sport-precio-500-usd-57392583
57356366,BICICLETA ELÉCTRICA T2,950.0,USD,La Habana,Centro Habana,"marca, tipo_bateria, autonomia_km","faltan campos obligatorios: marca, tipo_bateria, autonomia_km",faltan_campos,https://www.revolico.com/search?q=bici+electrica&page=2,https://www.revolico.com/item/bicicleta-electrica-t2-57356366
57513353,BICICLETA ELÉCTRICA TST X6 | 750W | 48V 15Ah | FAT TIRE 20x4 | CON RACK,1130.0,USD,La Habana,Diez de Octubre,"marca, tipo_bateria, autonomia_km","faltan campos obligatorios: marca, tipo_bateria, autonomia_km",faltan_campos,https://www.revolico.com/search?q=bicicleta+electrica&page=8,https://www.revolico.com/item/bicicleta-electrica-tst-x6-750w-48v-15ah-fat-tire-20x4-con-rack-57513353
57527547,BICICLETA ELÉCTRICA UNBIKE F1 PRO,1000.0,USD,La Habana,Centro Habana,"marca, tipo_bateria, autonomia_km","faltan campos obligatorios: marca, tipo_bateria, autonomia_km",faltan_campos,https://www.revolico.com/search?q=bicicleta+electrica&page=8,https://www.revolico.com/item/bicicleta-electrica-unbike-f1-pro-57527547
57588956,BICICLETA ELÉCTRICA UNIBIKE F1 PRO,1000.0,USD,La Habana,Centro Habana,"marca, tipo_bateria, autonomia_km","faltan campos obligatorios: marca, tipo_bateria, autonomia_km",faltan_campos,https://www.revolico.com/search?q=bicicleta+electrica&page=7,https://www.revolico.com/item/bicicleta-electrica-unibike-f1-pro-57588956
57484405,BICICLETA ELÉCTRICA UNIBIKE F1 PRO,1000.0,USD,La Habana,Plaza,"marca, tipo_bateria, autonomia_km","faltan campos obligatorios: marca, tipo_bateria, autonomia_km",faltan_campos,https://www.revolico.com/search?q=bicicleta+electrica&page=9,https://www.revolico.com/item/bicicleta-electrica-unibike-f1-pro-57484405
57413347,BICICLETA ELÉCTRICA UNIBIKE F1 PRO,1000.0,USD,La Habana,Centro Habana,"marca, tipo_bateria, autonomia_km","faltan campos obligatorios: marca, tipo_bateria, autonomia_km",faltan_campos,https://www.revolico.com/search?q=bicicleta+electrica&page=9,https://www.revolico.com/item/bicicleta-electrica-unibike-f1-pro-57413347
57331194,BICICLETA ELÉCTRICA UNIBIKE F1 PRO,1000.0,USD,La Habana,Arroyo Naranjo,"marca, tipo_bateria, autonomia_km","faltan campos obligatorios: marca, tipo_bateria, autonomia_km",faltan_campos,https://www.revolico.com/search?q=bicicleta+electrica&page=10,https://www.revolico.com/item/bicicleta-electrica-unibike-f1-pro-57331194
57559759,BICICLETA ELÉCTRICA VIPORIVE,800.0,USD,La Habana,Plaza,"marca, tipo_bateria, autonomia_km","faltan campos obligatorios: marca, tipo_bateria, autonomia_km",faltan_campos,https://www.revolico.com/search?q=bicicleta+electrica&page=7,https://www.revolico.com/item/bicicleta-electrica-viporive-57559759
57331101,BICICLETA ELÉCTRICA VIPORIVE,800.0,USD,La Habana,Arroyo Naranjo,"marca, tipo_bateria, autonomia_km","faltan campos obligatorios: marca, tipo_bateria, autonomia_km",faltan_campos,https://www.revolico.com/search?q=bicicleta+electrica&page=10,https://www.revolico.com/item/bicicleta-electrica-viporive-57331101
57585306,BICICLETA ELÉCTRICA VIPORVIVE,800.0,USD,La Habana,Centro Habana,"marca, tipo_bateria, autonomia_km","faltan campos obligatorios: marca, tipo_bateria, autonomia_km",faltan_campos,https://www.revolico.com/search?q=bicicleta+electrica&page=7,https://www.revolico.com/item/bicicleta-electrica-viporvive-57585306
57527440,BICICLETA ELÉCTRICA VIPORVIVE,800.0,USD,La Habana,Cerro,"marca, tipo_bateria, autonomia_km","faltan campos obligatorios: marca, tipo_bateria, autonomia_km",faltan_campos,https://www.revolico.com/search?q=bicicleta+electrica&page=8,https://www.revolico.com/item/bicicleta-electrica-viporvive-57527440
57518796,BICICLETA ELÉCTRICA VIPORVIVE,800.0,USD,La Habana,La Lisa,"marca, tipo_bateria, autonomia_km","faltan campos obligatorios: marca, tipo_bateria, autonomia_km",faltan_campos,https://www.revolico.com/search?q=bicicleta+electrica&page=8,https://www.revolico.com/item/bicicleta-electrica-viporvive-57518796
57413270,BICICLETA ELÉCTRICA VIPORVIVE,800.0,USD,La Habana,Centro Habana,"marca, tipo_bateria, autonomia_km","faltan campos obligatorios: marca, tipo_bateria, autonomia_km",faltan_campos,https://www.revolico.com/search?q=bicicleta+electrica&page=10,https://www.revolico.com/item/bicicleta-electrica-viporvive-57413270
57608300,BICICLETA ELÉCTRICA VIPORVIVE 🚲,800.0,USD,La Habana,Cerro,"marca, tipo_bateria, autonomia_km","faltan campos obligatorios: marca, tipo_bateria, autonomia_km",faltan_campos,https://www.revolico.com/search?q=bicicleta+electrica&page=7,https://www.revolico.com/item/bicicleta-electrica-viporvive-57608300
57527229,BICICLETA ELÉCTRICA X80 PRO,1300.0,USD,La Habana,Playa,"marca, tipo_bateria, autonomia_km","faltan campos obligatorios: marca, tipo_bateria, autonomia_km",faltan_campos,https://www.revolico.com/search?q=bicicleta+electrica&page=8,https://www.revolico.com/item/bicicleta-electrica-x80-pro-57527229
57484603,BICICLETA ELÉCTRICA X80 PRO,1300.0,USD,La Habana,Plaza,"marca, tipo_bateria, autonomia_km","faltan campos obligatorios: marca, tipo_bateria, autonomia_km",faltan_campos,https://www.revolico.com/search?q=bicicleta+electrica&page=9,https://www.revolico.com/item/bicicleta-electrica-x80-pro-57484603
57426521,BICICLETA ELÉCTRICA X80 PRO,1300.0,USD,La Habana,Centro Habana,"marca, tipo_bateria, autonomia_km","faltan campos obligatorios: marca, tipo_bateria, autonomia_km",faltan_campos,https://www.revolico.com/search?q=bicicleta+electrica&page=9,https://www.revolico.com/item/bicicleta-electrica-x80-pro-57426521
57412691,BICICLETA ELÉCTRICA X80 PRO,1300.0,USD,La Habana,Plaza,"marca, tipo_bateria, autonomia_km","faltan campos obligatorios: marca, tipo_bateria, autonomia_km",faltan_campos,https://www.revolico.com/search?q=bicicleta+electrica&page=10,https://www.revolico.com/item/bicicleta-electrica-x80-pro-57412691
57409232,BICICLETA ELÉCTRICA X80 PRO,1300.0,USD,La Habana,Playa,"marca, tipo_bateria, autonomia_km","faltan campos obligatorios: marca, tipo_bateria, autonomia_km",faltan_campos,https://www.revolico.com/search?q=bicicleta+electrica&page=10,https://www.revolico.com/item/bicicleta-electrica-x80-pro-57409232
57331230,BICICLETA ELÉCTRICA X80 PRO,1300.0,USD,La Habana,Arroyo Naranjo,"marca, tipo_bateria, autonomia_km","faltan campos obligatorios: marca, tipo_bateria, autonomia_km",faltan_campos,https://www.revolico.com/search?q=bicicleta+electrica&page=10,https://www.revolico.com/item/bicicleta-electrica-x80-pro-57331230
57190164,BICICLETA ELÉCTRICA X80 PRO E-BIKE,1240.0,USD,La Habana,Habana Vieja,"marca, tipo_bateria, autonomia_km","faltan campos obligatorios: marca, tipo_bateria, autonomia_km",faltan_campos,https://www.revolico.com/search?q=e-bike&page=2,https://www.revolico.com/item/bicicleta-electrica-x80-pro-e-bike-57190164
57639838,BICICLETA ELÉCTRICA ✅️ PLEGABLE PRECIO 510USD,510.0,USD,La Habana,Centro Habana,"marca, tipo_bateria, autonomia_km","faltan campos obligatorios: marca, tipo_bateria, autonomia_km",faltan_campos,https://www.revolico.com/search?q=bicicleta+electrica&page=6,https://www.revolico.com/item/bicicleta-electrica-plegable-precio-510usd-57639838
57589204,"BICICLETA ELÉCTRICA ✅️MOTOR DE 1000 W, ✅️BATERIA 48 V/15,6 Ah, ✅️VELOCIDAD MÁXIMA: 35 KM/H venta habana",1300.0,USD,La Habana,Playa,"marca, tipo_bateria, autonomia_km","faltan campos obligatorios: marca, tipo_bateria, autonomia_km",faltan_campos,https://www.revolico.com/search?q=bicicleta+electrica&page=7,https://www.revolico.com/item/bicicleta-electrica-motor-de-1000-w-bateria-48-v156-ah-velocidad-maxima-35-kmh-venta-habana-57589204
57677544,BICICLETA Eléctrica,480.0,USD,La Habana,Centro Habana,"marca, tipo_bateria, autonomia_km","faltan campos obligatorios: marca, tipo_bateria, autonomia_km",faltan_campos,https://www.revolico.com/search?q=bicicleta+electrica&page=1,https://www.revolico.com/item/bicicleta-electrica-57677544
57331828,BICICLETA Eléctrica Plegable antigasolina 0km en su caja a estrenar por usted 📱 53498112📱 💲 480 💲 - 500W - 48,470.0,USD,La Habana,Boyeros,"marca, tipo_bateria, autonomia_km","faltan campos obligatorios: marca, tipo_bateria, autonomia_km",faltan_campos,https://www.revolico.com/search?q=bicicleta+electrica&page=10,https://www.revolico.com/item/bicicleta-electrica-plegable-antigasolina-0km-en-su-caja-a-estrenar-por-usted-53498112-480-500w-48-57331828
57622408,"BICICLETAS 20"" SILVER BIKE. COLORES DISPONIBLES: NEGRO, GRIS, PLATEADO, AZUL, ROJA,",125.0,USD,La Habana,Boyeros,"marca, tipo_bateria, autonomia_km","faltan campos obligatorios: marca, tipo_bateria, autonomia_km",faltan_campos,https://www.revolico.com/search?q=e-bike&page=1,https://www.revolico.com/item/bicicletas-20-silver-bike-colores-disponibles-negro-gris-plateado-azul-roja-57622408
57524115,"BICICLETAS 20"" SILVER BIKE. COLORES DISPONIBLES: PLATEADAS, GRISES,ROJAS, AZULES Y NEGRAS",125.0,USD,La Habana,Boyeros,"marca, tipo_bateria, autonomia_km","faltan campos obligatorios: marca, tipo_bateria, autonomia_km",faltan_campos,https://www.revolico.com/search?q=e-bike&page=1,https://www.revolico.com/item/bicicletas-20-silver-bike-colores-disponibles-plateadas-grisesrojas-azules-y-negras-57524115
57622421,"BICICLETAS 26"" SILVER BIKE. COLORES DISPONIBLES: NEGRAS, GRISES, AZULES, ROJAS, ROSADAS, NEGRAS Y GRISES",190.0,USD,La Habana,Boyeros,"marca, tipo_bateria, autonomia_km","faltan campos obligatorios: marca, tipo_bateria, autonomia_km",faltan_campos,https://www.revolico.com/search?q=e-bike&page=1,https://www.revolico.com/item/bicicletas-26-silver-bike-colores-disponibles-negras-grises-azules-rojas-rosadas-negras-y-grises-57622421
57625412,BICICLETAS DEPORTIVAS,160.0,USD,La Habana,Centro Habana,"marca, tipo_bateria, autonomia_km","faltan campos obligatorios: marca, tipo_bateria, autonomia_km",faltan_campos,https://www.revolico.com/search?q=e-bike&page=3,https://www.revolico.com/item/bicicletas-deportivas-57625412
57379354,BICICLETAS DEPORTIVAS,170.0,USD,La Habana,Centro Habana,"marca, tipo_bateria, autonomia_km","faltan campos obligatorios: marca, tipo_bateria, autonomia_km",faltan_campos,https://www.revolico.com/search?q=e-bike&page=3,https://www.revolico.com/item/bicicletas-deportivas-57379354
57032723,BICICLETAS DEPORTIVAS,170.0,USD,La Habana,Centro Habana,"marca, tipo_bateria, autonomia_km","faltan campos obligatorios: marca, tipo_bateria, autonomia_km",faltan_campos,https://www.revolico.com/search?q=e-bike&page=3,https://www.revolico.com/item/bicicletas-deportivas-57032723
55788744,BICICLETAS ELÉCTRICAS,1.0,USD,La Habana,Plaza,"marca, tipo_bateria, autonomia_km","faltan campos obligatorios: marca, tipo_bateria, autonomia_km",faltan_campos,https://www.revolico.com/search?q=e-bike&page=5,https://www.revolico.com/item/bicicletas-electricas-55788744
57511282,"BICICLETAS Para Niños 20"" Silver Bike",125.0,USD,La Habana,Boyeros,"marca, tipo_bateria, autonomia_km","faltan campos obligatorios: marca, tipo_bateria, autonomia_km",faltan_campos,https://www.revolico.com/search?q=e-bike&page=2,https://www.revolico.com/item/bicicletas-para-ninos-20-silver-bike-57511282
57509442,"BICICLETAS SILVER BIKE 26. COLORES DISPONIBLES: NEGRO, AZUL. ROJO, ROSADO, GRIS",190.0,USD,La Habana,Boyeros,"marca, tipo_bateria, autonomia_km","faltan campos obligatorios: marca, tipo_bateria, autonomia_km",faltan_campos,https://www.revolico.com/search?q=e-bike&page=1,https://www.revolico.com/item/bicicletas-silver-bike-26-colores-disponibles-negro-azul-rojo-rosado-gris-57509442
57509493,"BICICLETAS SILVER BIKE MEDIDA 20. COLORES DISPONIBLES: ROJO, NEGRA, AZUL, GRIS Y PLATEADA",125.0,USD,La Habana,Boyeros,"marca, tipo_bateria, autonomia_km","faltan campos obligatorios: marca, tipo_bateria, autonomia_km",faltan_campos,https://www.revolico.com/search?q=e-bike&page=1,https://www.revolico.com/item/bicicletas-silver-bike-medida-20-colores-disponibles-rojo-negra-azul-gris-y-plateada-57509493
57511229,"BICICLETAS Silver Bike 26""",190.0,USD,La Habana,Boyeros,"marca, tipo_bateria, autonomia_km","faltan campos obligatorios: marca, tipo_bateria, autonomia_km",faltan_campos,https://www.revolico.com/search?q=e-bike&page=1,https://www.revolico.com/item/bicicletas-silver-bike-26-57511229
57606940,BICIMOTO,1750.0,USD,La Habana,Marianao,"marca, tipo_bateria, autonomia_km","faltan campos obligatorios: marca, tipo_bateria, autonomia_km",faltan_campos,https://www.revolico.com/search?q=bicimoto&page=1,https://www.revolico.com/item/bicimoto-57606940
57548826,BICIMOTO,2050.0,USD,La Habana,Centro Habana,"marca, tipo_bateria, autonomia_km","faltan campos obligatorios: marca, tipo_bateria, autonomia_km",faltan_campos,https://www.revolico.com/search?q=bicimoto&page=1,https://www.revolico.com/item/bicimoto-57548826
57548803,BICIMOTO,1400.0,USD,La Habana,Centro Habana,"marca, tipo_bateria, autonomia_km","faltan campos obligatorios: marca, tipo_bateria, autonomia_km",faltan_campos,https://www.revolico.com/search?q=bicimoto&page=1,https://www.revolico.com/item/bicimoto-57548803
57548797,BICIMOTO,1950.0,USD,La Habana,Centro Habana,"marca, tipo_bateria, autonomia_km","faltan campos obligatorios: marca, tipo_bateria, autonomia_km",faltan_campos,https://www.revolico.com/search?q=bicimoto&page=1,https://www.revolico.com/item/bicimoto-57548797
57548789,BICIMOTO,1600.0,USD,La Habana,Centro Habana,"marca, tipo_bateria, autonomia_km","faltan campos obligatorios: marca, tipo_bateria, autonomia_km",faltan_campos,https://www.revolico.com/search?q=bicimoto&page=1,https://www.revolico.com/item/bicimoto-57548789
57548781,BICIMOTO,1980.0,USD,La Habana,Centro Habana,"marca, tipo_bateria, autonomia_km","faltan campos obligatorios: marca, tipo_bateria, autonomia_km",faltan_campos,https://www.revolico.com/search?q=bicimoto&page=1,https://www.revolico.com/item/bicimoto-57548781
57548770,BICIMOTO,1600.0,USD,La Habana,Centro Habana,"marca, tipo_bateria, autonomia_km","faltan campos obligatorios: marca, tipo_bateria, autonomia_km",faltan_campos,https://www.revolico.com/search?q=bicimoto&page=1,https://www.revolico.com/item/bicimoto-57548770
57543521,BICIMOTO,1600.0,USD,La Habana,Centro Habana,"marca, tipo_bateria, autonomia_km","faltan campos obligatorios: marca, tipo_bateria, autonomia_km",faltan_campos,https://www.revolico.com/search?q=bicimoto&page=1,https://www.revolico.com/item/bicimoto-57543521
57531252,BICIMOTO,1970.0,USD,La Habana,Centro Habana,"marca, tipo_bateria, autonomia_km","faltan campos obligatorios: marca, tipo_bateria, autonomia_km",faltan_campos,https://www.revolico.com/search?q=bicimoto&page=1,https://www.revolico.com/item/bicimoto-57531252
57395824,BICIMOTO,2000.0,USD,La Habana,Centro Habana,"marca, tipo_bateria, autonomia_km","faltan campos obligatorios: marca, tipo_bateria, autonomia_km",faltan_campos,https://www.revolico.com/search?q=bicimoto&page=1,https://www.revolico.com/item/bicimoto-57395824
57395706,BICIMOTO,1150.0,USD,La Habana,Centro Habana,"marca, tipo_bateria, autonomia_km","faltan campos obligatorios: marca, tipo_bateria, autonomia_km",faltan_campos,https://www.revolico.com/search?q=bicimoto&page=1,https://www.revolico.com/item/bicimoto-57395706
57395675,BICIMOTO,1550.0,USD,La Habana,Centro Habana,"marca, tipo_bateria, autonomia_km","faltan campos obligatorios: marca, tipo_bateria, autonomia_km",faltan_campos,https://www.revolico.com/search?q=bicimoto&page=1,https://www.revolico.com/item/bicimoto-57395675
57387117,BICIMOTO,1950.0,USD,La Habana,Centro Habana,"marca, tipo_bateria, autonomia_km","faltan campos obligatorios: marca, tipo_bateria, autonomia_km",faltan_campos,https://www.revolico.com/search?q=bicimoto&page=1,https://www.revolico.com/item/bicimoto-57387117
57373316,BICIMOTO,720.0,USD,La Habana,Playa,"marca, tipo_bateria, autonomia_km","faltan campos obligatorios: marca, tipo_bateria, autonomia_km",faltan_campos,https://www.revolico.com/search?q=bicimoto&page=1,https://www.revolico.com/item/bicimoto-57373316
56921216,BICIMOTO,1000.0,USD,La Habana,Cerro,"marca, tipo_bateria, autonomia_km","faltan campos obligatorios: marca, tipo_bateria, autonomia_km",faltan_campos,https://www.revolico.com/search?q=bicimoto&page=2,https://www.revolico.com/item/bicimoto-56921216
56808707,BICIMOTO,1000.0,USD,La Habana,Cerro,"marca, tipo_bateria, autonomia_km","faltan campos obligatorios: marca, tipo_bateria, autonomia_km",faltan_campos,https://www.revolico.com/search?q=bicimoto&page=3,https://www.revolico.com/item/bicimoto-56808707
56774577,BICIMOTO,1600.0,USD,La Habana,Centro Habana,"marca, tipo_bateria, autonomia_km","faltan campos obligatorios: marca, tipo_bateria, autonomia_km",faltan_campos,https://www.revolico.com/search?q=bicimoto&page=3,https://www.revolico.com/item/bicimoto-56774577
56755941,BICIMOTO,3000.0,USD,La Habana,Centro Habana,"marca, tipo_bateria, autonomia_km","faltan campos obligatorios: marca, tipo_bateria, autonomia_km",faltan_campos,https://www.revolico.com/search?q=bicimoto&page=3,https://www.revolico.com/item/bicimoto-56755941
56730085,BICIMOTO,1530.0,USD,La Habana,Playa,"marca, tipo_bateria, autonomia_km","faltan campos obligatorios: marca, tipo_bateria, autonomia_km",faltan_campos,https://www.revolico.com/search?q=bicimoto&page=3,https://www.revolico.com/item/bicimoto-56730085
56693984,BICIMOTO,530.0,USD,La Habana,Centro Habana,"marca, tipo_bateria, autonomia_km","faltan campos obligatorios: marca, tipo_bateria, autonomia_km",faltan_campos,https://www.revolico.com/search?q=bicimoto&page=3,https://www.revolico.com/item/bicimoto-56693984
56582815,BICIMOTO,1600.0,USD,La Habana,Centro Habana,"marca, tipo_bateria, autonomia_km","faltan campos obligatorios: marca, tipo_bateria, autonomia_km",faltan_campos,https://www.revolico.com/search?q=bicimoto&page=3,https://www.revolico.com/item/bicimoto-56582815
56541183,BICIMOTO,1.0,USD,La Habana,Centro Habana,"marca, tipo_bateria, autonomia_km","faltan campos obligatorios: marca, tipo_bateria, autonomia_km",faltan_campos,https://www.revolico.com/search?q=bicimoto&page=3,https://www.revolico.com/item/bicimoto-56541183
56491098,BICIMOTO,800.0,USD,La Habana,Centro Habana,"marca, tipo_bateria, autonomia_km","faltan campos obligatorios: marca, tipo_bateria, autonomia_km",faltan_campos,https://www.revolico.com/search?q=bicimoto&page=4,https://www.revolico.com/item/bicimoto-56491098
56344619,BICIMOTO,520.0,USD,La Habana,Plaza,"marca, tipo_bateria, autonomia_km","faltan campos obligatorios: marca, tipo_bateria, autonomia_km",faltan_campos,https://www.revolico.com/search?q=bicimoto&page=4,https://www.revolico.com/item/bicimoto-56344619
57629429,"BICIMOTO / BICICLETA ELÉCTRICA PLEGABLE DE 14"" (2 PLAZAS)",480.0,USD,La Habana,Playa,"marca, tipo_bateria, autonomia_km","faltan campos obligatorios: marca, tipo_bateria, autonomia_km",faltan_campos,https://www.revolico.com/search?q=bicimoto&page=6,https://www.revolico.com/item/bicimoto-bicicleta-electrica-plegable-de-14-2-plazas-57629429
57598873,BICIMOTO AINSITEC 911 GANGA,1.0,USD,La Habana,San Miguel del Padrón,"marca, tipo_bateria, autonomia_km","faltan campos obligatorios: marca, tipo_bateria, autonomia_km",faltan_campos,https://www.revolico.com/search?q=bicimoto&page=6,https://www.revolico.com/item/bicimoto-ainsitec-911-ganga-57598873
57513413,BICIMOTO ALCÓN NOVA 17 GEN 2026,1650.0,USD,La Habana,Habana Vieja,"marca, tipo_bateria, autonomia_km","faltan campos obligatorios: marca, tipo_bateria, autonomia_km",faltan_campos,https://www.revolico.com/search?q=bicimoto&page=9,https://www.revolico.com/item/bicimoto-alcon-nova-17-gen-2026-57513413
57578073,BICIMOTO BUKATY ULTRA,1700.0,USD,La Habana,Arroyo Naranjo,"marca, tipo_bateria, autonomia_km","faltan campos obligatorios: marca, tipo_bateria, autonomia_km",faltan_campos,https://www.revolico.com/search?q=bicimoto&page=7,https://www.revolico.com/item/bicimoto-bukaty-ultra-57578073
57434236,BICIMOTO DCLZ B1,880.0,USD,La Habana,Centro Habana,"marca, tipo_bateria, autonomia_km","faltan campos obligatorios: marca, tipo_bateria, autonomia_km",faltan_campos,https://www.revolico.com/search?q=bicimoto&page=10,https://www.revolico.com/item/bicimoto-dclz-b1-57434236
56417483,BICIMOTO ELECTRICA,1940.0,USD,La Habana,Centro Habana,"marca, tipo_bateria, autonomia_km","faltan campos obligatorios: marca, tipo_bateria, autonomia_km",faltan_campos,https://www.revolico.com/search?q=bicimoto+electrica&page=1,https://www.revolico.com/item/bicimoto-electrica-56417483
57280902,BICIMOTO ELECTRICA FÉNIX,1450.0,USD,La Habana,Arroyo Naranjo,"marca, tipo_bateria, autonomia_km","faltan campos obligatorios: marca, tipo_bateria, autonomia_km",faltan_campos,https://www.revolico.com/search?q=bicimoto+electrica&page=2,https://www.revolico.com/item/bicimoto-electrica-fenix-57280902
57687988,BICIMOTO ELECTRICA GALÁCTICA,1945.0,USD,La Habana,Playa,"marca, tipo_bateria, autonomia_km","faltan campos obligatorios: marca, tipo_bateria, autonomia_km",faltan_campos,https://www.revolico.com/search?q=bicimoto&page=4,https://www.revolico.com/item/bicimoto-electrica-galactica-57687988
57687987,BICIMOTO ELECTRICA GALÁCTICA,1945.0,USD,La Habana,Playa,"marca, tipo_bateria, autonomia_km","faltan campos obligatorios: marca, tipo_bateria, autonomia_km",faltan_campos,https://www.revolico.com/search?q=bicimoto&page=4,https://www.revolico.com/item/bicimoto-electrica-galactica-57687987
57211411,BICIMOTO ELECTRICA X- RIDER,1550.0,USD,La Habana,Arroyo Naranjo,"marca, tipo_bateria, autonomia_km","faltan campos obligatorios: marca, tipo_bateria, autonomia_km",faltan_campos,https://www.revolico.com/search?q=bicimoto+electrica&page=2,https://www.revolico.com/item/bicimoto-electrica-x-rider-57211411
57073108,BICIMOTO ELÈCTRICA,1650.0,USD,La Habana,Marianao,"marca, tipo_bateria, autonomia_km","faltan campos obligatorios: marca, tipo_bateria, autonomia_km",faltan_campos,https://www.revolico.com/search?q=bicimoto+electrica&page=1,https://www.revolico.com/item/bicimoto-electrica-57073108
57424845,BICIMOTO ELÉCTRICA,700.0,USD,La Habana,Playa,"marca, tipo_bateria, autonomia_km","faltan campos obligatorios: marca, tipo_bateria, autonomia_km",faltan_campos,https://www.revolico.com/search?q=bicimoto+electrica&page=1,https://www.revolico.com/item/bicimoto-electrica-57424845
57150496,BICIMOTO ELÉCTRICA,700.0,USD,La Habana,Playa,"marca, tipo_bateria, autonomia_km","faltan campos obligatorios: marca, tipo_bateria, autonomia_km",faltan_campos,https://www.revolico.com/search?q=bicimoto+electrica&page=1,https://www.revolico.com/item/bicimoto-electrica-57150496
56561798,BICIMOTO ELÉCTRICA,550.0,USD,La Habana,Guanabacoa,"marca, tipo_bateria, autonomia_km","faltan campos obligatorios: marca, tipo_bateria, autonomia_km",faltan_campos,https://www.revolico.com/search?q=bicimoto+electrica&page=1,https://www.revolico.com/item/bicimoto-electrica-56561798
55929505,BICIMOTO ELÉCTRICA,1550.0,USD,Artemisa,Bauta,"marca, tipo_bateria, autonomia_km","faltan campos obligatorios: marca, tipo_bateria, autonomia_km",faltan_campos,https://www.revolico.com/search?q=bicimoto+electrica&page=1,https://www.revolico.com/item/bicimoto-electrica-55929505
57120273,BICIMOTO ELÉCTRICA 3000W,1950.0,USD,La Habana,Cerro,"marca, tipo_bateria, autonomia_km","faltan campos obligatorios: marca, tipo_bateria, autonomia_km",faltan_campos,https://www.revolico.com/search?q=bicimoto+electrica&page=2,https://www.revolico.com/item/bicimoto-electrica-3000w-57120273
57415086,BICIMOTO ELÉCTRICA AINSITEC 911⚡,1480.0,USD,Holguín,Holguín,"marca, tipo_bateria, autonomia_km","faltan campos obligatorios: marca, tipo_bateria, autonomia_km",faltan_campos,https://www.revolico.com/search?q=bicimoto+electrica&page=2,https://www.revolico.com/item/bicimoto-electrica-ainsitec-911-57415086
57587387,BICIMOTO ELÉCTRICA AQUILA 85V60AH,849.0,USD,La Habana,Centro Habana,"marca, tipo_bateria, autonomia_km","faltan campos obligatorios: marca, tipo_bateria, autonomia_km",faltan_campos,https://www.revolico.com/search?q=bicimoto&page=7,https://www.revolico.com/item/bicimoto-electrica-aquila-85v60ah-57587387
55875982,BICIMOTO ELÉCTRICA BRISA 48V50AH,749.0,USD,La Habana,Centro Habana,"marca, tipo_bateria, autonomia_km","faltan campos obligatorios: marca, tipo_bateria, autonomia_km",faltan_campos,https://www.revolico.com/search?q=bicimoto+electrica&page=4,https://www.revolico.com/item/bicimoto-electrica-brisa-48v50ah-55875982
57575971,BICIMOTO ELÉCTRICA MISHOZUKI GRILLO ULTRA 🛵,2030.0,USD,La Habana,Centro Habana,"marca, tipo_bateria, autonomia_km","faltan campos obligatorios: marca, tipo_bateria, autonomia_km",faltan_campos,https://www.revolico.com/search?q=bicimoto&page=7,https://www.revolico.com/item/bicimoto-electrica-mishozuki-grillo-ultra-57575971
55825100,BICIMOTO ELÉCTRICA NOVA 48V50AH,649.0,USD,La Habana,Centro Habana,"marca, tipo_bateria, autonomia_km","faltan campos obligatorios: marca, tipo_bateria, autonomia_km",faltan_campos,https://www.revolico.com/search?q=bicimoto+electrica&page=4,https://www.revolico.com/item/bicimoto-electrica-nova-48v50ah-55825100
56799172,BICIMOTO ELÉCTRICA PDg,1150.0,USD,La Habana,Diez de Octubre,"marca, tipo_bateria, autonomia_km","faltan campos obligatorios: marca, tipo_bateria, autonomia_km",faltan_campos,https://www.revolico.com/search?q=bicimoto+electrica&page=3,https://www.revolico.com/item/bicimoto-electrica-pdg-56799172
57392666,BICIMOTO ELÉCTRICA PRECIO: 1150 USD 🚚 ENVIO POR COSTO ADICIONAL,1150.0,USD,La Habana,Playa,"marca, tipo_bateria, autonomia_km","faltan campos obligatorios: marca, tipo_bateria, autonomia_km",faltan_campos,https://www.revolico.com/search?q=bicimoto+electrica&page=2,https://www.revolico.com/item/bicimoto-electrica-precio-1150-usd-envio-por-costo-adicional-57392666
57471159,BICIMOTO ELÉCTRICA “RX” EN VENTA,1900.0,USD,La Habana,Plaza,"marca, tipo_bateria, autonomia_km","faltan campos obligatorios: marca, tipo_bateria, autonomia_km",faltan_campos,https://www.revolico.com/search?q=bicimoto&page=10,https://www.revolico.com/item/bicimoto-electrica-rx-en-venta-57471159
57566078,BICIMOTO EN OFERTA,780.0,USD,La Habana,Arroyo Naranjo,"marca, tipo_bateria, autonomia_km","faltan campos obligatorios: marca, tipo_bateria, autonomia_km",faltan_campos,https://www.revolico.com/search?q=bicimoto&page=8,https://www.revolico.com/item/bicimoto-en-oferta-57566078
57378197,BICIMOTO Electrica P0663-AV013,1940.0,USD,La Habana,Diez de Octubre,"marca, tipo_bateria, autonomia_km","faltan campos obligatorios: marca, tipo_bateria, autonomia_km",faltan_campos,https://www.revolico.com/search?q=bici+electrica&page=2,https://www.revolico.com/item/bicimoto-electrica-p0663-av013-57378197
57082590,BICIMOTO Eléctrica,1250.0,USD,Artemisa,Bauta,"marca, tipo_bateria, autonomia_km","faltan campos obligatorios: marca, tipo_bateria, autonomia_km",faltan_campos,https://www.revolico.com/search?q=bicimoto+electrica&page=1,https://www.revolico.com/item/bicimoto-electrica-57082590
56244450,BICIMOTO Eléctrica Cocuyo MZ,1650.0,USD,Artemisa,Güira de Melena,"marca, tipo_bateria, autonomia_km","faltan campos obligatorios: marca, tipo_bateria, autonomia_km",faltan_campos,https://www.revolico.com/search?q=bicimoto+electrica&page=4,https://www.revolico.com/item/bicimoto-electrica-cocuyo-mz-56244450
57100072,BICIMOTO Eléctrica MAF,1130.0,USD,La Habana,Centro Habana,"marca, tipo_bateria, autonomia_km","faltan campos obligatorios: marca, tipo_bateria, autonomia_km",faltan_campos,https://www.revolico.com/search?q=bicimoto+electrica&page=3,https://www.revolico.com/item/bicimoto-electrica-maf-57100072
56845002,BICIMOTO Eléctrica MZ COCUYO,1630.0,USD,Artemisa,San Antonio de los Baños,"marca, tipo_bateria, autonomia_km","faltan campos obligatorios: marca, tipo_bateria, autonomia_km",faltan_campos,https://www.revolico.com/search?q=bicimoto+electrica&page=3,https://www.revolico.com/item/bicimoto-electrica-mz-cocuyo-56845002
57428483,BICIMOTO FLY RACING,1950.0,USD,La Habana,Centro Habana,"marca, tipo_bateria, autonomia_km","faltan campos obligatorios: marca, tipo_bateria, autonomia_km",faltan_campos,https://www.revolico.com/search?q=bicimoto&page=10,https://www.revolico.com/item/bicimoto-fly-racing-57428483
57581439,BICIMOTO FÉNIX,1450.0,USD,La Habana,Plaza,"marca, tipo_bateria, autonomia_km","faltan campos obligatorios: marca, tipo_bateria, autonomia_km",faltan_campos,https://www.revolico.com/search?q=bicimoto&page=7,https://www.revolico.com/item/bicimoto-fenix-57581439
57621135,BICIMOTO GRILLO MISHOSUKI GEN 12,1100.0,USD,La Habana,Habana Vieja,"marca, tipo_bateria, autonomia_km","faltan campos obligatorios: marca, tipo_bateria, autonomia_km",faltan_campos,https://www.revolico.com/search?q=bicimoto&page=6,https://www.revolico.com/item/bicimoto-grillo-mishosuki-gen-12-57621135
57621134,BICIMOTO GRILLO MISHOSUKI GEN 12,1100.0,USD,La Habana,Habana Vieja,"marca, tipo_bateria, autonomia_km","faltan campos obligatorios: marca, tipo_bateria, autonomia_km",faltan_campos,https://www.revolico.com/search?q=bicimoto&page=6,https://www.revolico.com/item/bicimoto-grillo-mishosuki-gen-12-57621134
57578300,BICIMOTO KICKWEY,850.0,USD,La Habana,Playa,"marca, tipo_bateria, autonomia_km","faltan campos obligatorios: marca, tipo_bateria, autonomia_km",faltan_campos,https://www.revolico.com/search?q=bicimoto&page=7,https://www.revolico.com/item/bicimoto-kickwey-57578300
57633725,BICIMOTO MAF,1120.0,USD,La Habana,Diez de Octubre,"marca, tipo_bateria, autonomia_km","faltan campos obligatorios: marca, tipo_bateria, autonomia_km",faltan_campos,https://www.revolico.com/search?q=bicimoto&page=5,https://www.revolico.com/item/bicimoto-maf-57633725
57586394,BICIMOTO MAF,1150.0,USD,La Habana,Centro Habana,"marca, tipo_bateria, autonomia_km","faltan campos obligatorios: marca, tipo_bateria, autonomia_km",faltan_campos,https://www.revolico.com/search?q=bicimoto&page=7,https://www.revolico.com/item/bicimoto-maf-57586394
57571162,BICIMOTO MAF,750.0,USD,La Habana,Centro Habana,"marca, tipo_bateria, autonomia_km","faltan campos obligatorios: marca, tipo_bateria, autonomia_km",faltan_campos,https://www.revolico.com/search?q=bicimoto&page=7,https://www.revolico.com/item/bicimoto-maf-57571162
57519076,BICIMOTO MAF,1150.0,USD,La Habana,La Lisa,"marca, tipo_bateria, autonomia_km","faltan campos obligatorios: marca, tipo_bateria, autonomia_km",faltan_campos,https://www.revolico.com/search?q=bicimoto&page=9,https://www.revolico.com/item/bicimoto-maf-57519076
57513284,BICIMOTO MAF,1150.0,USD,La Habana,Habana Vieja,"marca, tipo_bateria, autonomia_km","faltan campos obligatorios: marca, tipo_bateria, autonomia_km",faltan_campos,https://www.revolico.com/search?q=bicimoto&page=9,https://www.revolico.com/item/bicimoto-maf-57513284
57480252,BICIMOTO MAF,780.0,USD,La Habana,Plaza,"marca, tipo_bateria, autonomia_km","faltan campos obligatorios: marca, tipo_bateria, autonomia_km",faltan_campos,https://www.revolico.com/search?q=bicimoto&page=10,https://www.revolico.com/item/bicimoto-maf-57480252
57594104,BICIMOTO MAF 2026,1100.0,USD,La Habana,Playa,"marca, tipo_bateria, autonomia_km","faltan campos obligatorios: marca, tipo_bateria, autonomia_km",faltan_campos,https://www.revolico.com/search?q=bicimoto&page=6,https://www.revolico.com/item/bicimoto-maf-2026-57594104
57687403,BICIMOTO MAF 2026*,1100.0,USD,La Habana,Playa,"marca, tipo_bateria, autonomia_km","faltan campos obligatorios: marca, tipo_bateria, autonomia_km",faltan_campos,https://www.revolico.com/search?q=bicimoto&page=4,https://www.revolico.com/item/bicimoto-maf-2026-57687403
57655916,BICIMOTO MAF 6000 🛵 new 0km del 2026,1100.0,USD,La Habana,La Lisa,"marca, tipo_bateria, autonomia_km","faltan campos obligatorios: marca, tipo_bateria, autonomia_km",faltan_campos,https://www.revolico.com/search?q=bicimoto&page=5,https://www.revolico.com/item/bicimoto-maf-6000-new-0km-del-2026-57655916
57669537,BICIMOTO MAF EGLE,1160.0,USD,La Habana,Playa,"marca, tipo_bateria, autonomia_km","faltan campos obligatorios: marca, tipo_bateria, autonomia_km",faltan_campos,https://www.revolico.com/search?q=bicimoto&page=4,https://www.revolico.com/item/bicimoto-maf-egle-57669537
57511167,BICIMOTO MAF ‼️,1150.0,USD,La Habana,Centro Habana,"marca, tipo_bateria, autonomia_km","faltan campos obligatorios: marca, tipo_bateria, autonomia_km",faltan_campos,https://www.revolico.com/search?q=bicimoto&page=9,https://www.revolico.com/item/bicimoto-maf-57511167
57655863,BICIMOTO MAF 🛵 nueva 0km,1100.0,USD,La Habana,Marianao,"marca, tipo_bateria, autonomia_km","faltan campos obligatorios: marca, tipo_bateria, autonomia_km",faltan_campos,https://www.revolico.com/search?q=bicimoto&page=5,https://www.revolico.com/item/bicimoto-maf-nueva-0km-57655863
57434290,BICIMOTO MIKAZUKI,1030.0,USD,La Habana,Centro Habana,"marca, tipo_bateria, autonomia_km","faltan campos obligatorios: marca, tipo_bateria, autonomia_km",faltan_campos,https://www.revolico.com/search?q=bicimoto&page=10,https://www.revolico.com/item/bicimoto-mikazuki-57434290
57630152,BICIMOTO MISHOZUKI GALÁCTICA,1950.0,USD,La Habana,Guanabacoa,"marca, tipo_bateria, autonomia_km","faltan campos obligatorios: marca, tipo_bateria, autonomia_km",faltan_campos,https://www.revolico.com/search?q=bicimoto&page=6,https://www.revolico.com/item/bicimoto-mishozuki-galactica-57630152
57633810,BICIMOTO MISHOZUKI GRILLO ULTRA PRO,1900.0,USD,La Habana,Arroyo Naranjo,"marca, tipo_bateria, autonomia_km","faltan campos obligatorios: marca, tipo_bateria, autonomia_km",faltan_campos,https://www.revolico.com/search?q=bicimoto&page=5,https://www.revolico.com/item/bicimoto-mishozuki-grillo-ultra-pro-57633810
57616648,BICIMOTO MISHOZUKI GRILLO ULTRA PRO,1980.0,USD,La Habana,Centro Habana,"marca, tipo_bateria, autonomia_km","faltan campos obligatorios: marca, tipo_bateria, autonomia_km",faltan_campos,https://www.revolico.com/search?q=bicimoto&page=6,https://www.revolico.com/item/bicimoto-mishozuki-grillo-ultra-pro-57616648
57588797,BICIMOTO MISHOZUKI GRILLO ULTRA PRO,1980.0,USD,La Habana,Playa,"marca, tipo_bateria, autonomia_km","faltan campos obligatorios: marca, tipo_bateria, autonomia_km",faltan_campos,https://www.revolico.com/search?q=bicimoto&page=7,https://www.revolico.com/item/bicimoto-mishozuki-grillo-ultra-pro-57588797
57586207,BICIMOTO MISHOZUKI GRILLO ULTRA PRO,1980.0,USD,La Habana,Centro Habana,"marca, tipo_bateria, autonomia_km","faltan campos obligatorios: marca, tipo_bateria, autonomia_km",faltan_campos,https://www.revolico.com/search?q=bicimoto&page=7,https://www.revolico.com/item/bicimoto-mishozuki-grillo-ultra-pro-57586207
57581479,BICIMOTO MISHOZUKI GRILLO ULTRA PRO,1900.0,USD,La Habana,Plaza,"marca, tipo_bateria, autonomia_km","faltan campos obligatorios: marca, tipo_bateria, autonomia_km",faltan_campos,https://www.revolico.com/search?q=bicimoto&page=7,https://www.revolico.com/item/bicimoto-mishozuki-grillo-ultra-pro-57581479
57513459,BICIMOTO MISHOZUKI GRILLO ULTRA PRO,2000.0,USD,La Habana,Habana Vieja,"marca, tipo_bateria, autonomia_km","faltan campos obligatorios: marca, tipo_bateria, autonomia_km",faltan_campos,https://www.revolico.com/search?q=bicimoto&page=9,https://www.revolico.com/item/bicimoto-mishozuki-grillo-ultra-pro-57513459
57491824,BICIMOTO MISHOZUKI GRILLO ULTRA PRO,1980.0,USD,La Habana,Plaza,"marca, tipo_bateria, autonomia_km","faltan campos obligatorios: marca, tipo_bateria, autonomia_km",faltan_campos,https://www.revolico.com/search?q=bicimoto&page=9,https://www.revolico.com/item/bicimoto-mishozuki-grillo-ultra-pro-57491824
57619780,BICIMOTO MISHOZUKI GRILLO ULTRA PRO 2026,1980.0,USD,La Habana,Plaza,"marca, tipo_bateria, autonomia_km","faltan campos obligatorios: marca, tipo_bateria, autonomia_km",faltan_campos,https://www.revolico.com/search?q=bicimoto&page=6,https://www.revolico.com/item/bicimoto-mishozuki-grillo-ultra-pro-2026-57619780
57684826,BICIMOTO MISHOZUKI GRILLO ULTRA PRO 2026*,1950.0,USD,La Habana,Centro Habana,"marca, tipo_bateria, autonomia_km","faltan campos obligatorios: marca, tipo_bateria, autonomia_km",faltan_campos,https://www.revolico.com/search?q=bicimoto&page=4,https://www.revolico.com/item/bicimoto-mishozuki-grillo-ultra-pro-2026-57684826
57658201,BICIMOTO MISHOZUKI GRILLO • 0km,1900.0,USD,La Habana,Plaza,"marca, tipo_bateria, autonomia_km","faltan campos obligatorios: marca, tipo_bateria, autonomia_km",faltan_campos,https://www.revolico.com/search?q=bicimoto&page=5,https://www.revolico.com/item/bicimoto-mishozuki-grillo-0km-57658201
57658220,BICIMOTO MISHOZUKI GRILLO 🛵 nueva 0km,1900.0,USD,La Habana,Playa,"marca, tipo_bateria, autonomia_km","faltan campos obligatorios: marca, tipo_bateria, autonomia_km",faltan_campos,https://www.revolico.com/search?q=bicimoto&page=5,https://www.revolico.com/item/bucimoto-mishozuki-grillo-nueva-0km-57658220
57497143,BICIMOTO MISHOZUKI ULTRA*,2000.0,USD,La Habana,Marianao,"marca, tipo_bateria, autonomia_km","faltan campos obligatorios: marca, tipo_bateria, autonomia_km",faltan_campos,https://www.revolico.com/search?q=bicimoto&page=9,https://www.revolico.com/item/bicimoto-mishozuki-ultra-57497143
57658271,BICIMOTO MISHOZUKI • 0km (grillo ultra pro),1900.0,USD,La Habana,Marianao,"marca, tipo_bateria, autonomia_km","faltan campos obligatorios: marca, tipo_bateria, autonomia_km",faltan_campos,https://www.revolico.com/search?q=bicimoto&page=5,https://www.revolico.com/item/bicimoto-mishozuki-0km-grillo-ultra-pro-57658271
57448102,BICIMOTO MOUNTAIN GEN 17,1600.0,USD,La Habana,Centro Habana,"marca, tipo_bateria, autonomia_km","faltan campos obligatorios: marca, tipo_bateria, autonomia_km",faltan_campos,https://www.revolico.com/search?q=bicimoto&page=10,https://www.revolico.com/item/bicimoto-mountain-gen-17-57448102
57539969,BICIMOTO MUSHOSUKI ULTRA 2026,1980.0,USD,La Habana,Marianao,"marca, tipo_bateria, autonomia_km","faltan campos obligatorios: marca, tipo_bateria, autonomia_km",faltan_campos,https://www.revolico.com/search?q=bicimoto&page=8,https://www.revolico.com/item/bicimoto-mushosuki-ultra-2026-57539969
57655253,BICIMOTO Mountain,1880.0,USD,La Habana,Arroyo Naranjo,"marca, tipo_bateria, autonomia_km","faltan campos obligatorios: marca, tipo_bateria, autonomia_km",faltan_campos,https://www.revolico.com/search?q=bicimoto&page=5,https://www.revolico.com/item/bicimoto-mountain-57655253
57652691,BICIMOTO Mountain KMT 🛵L,1880.0,USD,La Habana,Habana del Este,"marca, tipo_bateria, autonomia_km","faltan campos obligatorios: marca, tipo_bateria, autonomia_km",faltan_campos,https://www.revolico.com/search?q=bicimoto&page=5,https://www.revolico.com/item/bicimoto-mountain-kmt-l-57652691
57618075,BICIMOTO NEGRA KIWO,900.0,USD,La Habana,Diez de Octubre,"marca, tipo_bateria, autonomia_km","faltan campos obligatorios: marca, tipo_bateria, autonomia_km",faltan_campos,https://www.revolico.com/search?q=bicimoto&page=6,https://www.revolico.com/item/bicimoto-negra-kiwo-57618075
57589870,BICIMOTO PROTENZZA,800.0,USD,La Habana,Centro Habana,"marca, tipo_bateria, autonomia_km","faltan campos obligatorios: marca, tipo_bateria, autonomia_km",faltan_campos,https://www.revolico.com/search?q=bicimoto&page=7,https://www.revolico.com/item/bicimoto-protenzza-57589870
57577547,BICIMOTO PROTENZZA,800.0,USD,La Habana,Centro Habana,"marca, tipo_bateria, autonomia_km","faltan campos obligatorios: marca, tipo_bateria, autonomia_km",faltan_campos,https://www.revolico.com/search?q=bicimoto&page=7,https://www.revolico.com/item/bicimoto-protenzza-57577547
57542128,BICIMOTO PROTENZZA,820.0,USD,La Habana,Plaza,"marca, tipo_bateria, autonomia_km","faltan campos obligatorios: marca, tipo_bateria, autonomia_km",faltan_campos,https://www.revolico.com/search?q=bicimoto&page=8,https://www.revolico.com/item/bicimoto-protenzza-57542128
57513203,BICIMOTO SUPER FAST 911,1550.0,USD,La Habana,Centro Habana,"marca, tipo_bateria, autonomia_km","faltan campos obligatorios: marca, tipo_bateria, autonomia_km",faltan_campos,https://www.revolico.com/search?q=bicimoto&page=9,https://www.revolico.com/item/bicimoto-super-fast-911-57513203
57659864,BICIMOTO SÚPER FAST 911,1400.0,USD,La Habana,Playa,"marca, tipo_bateria, autonomia_km","faltan campos obligatorios: marca, tipo_bateria, autonomia_km",faltan_campos,https://www.revolico.com/search?q=bicimoto&page=5,https://www.revolico.com/item/bicimoto-super-fast-911-57659864
57586423,BICIMOTO SÚPER FAST 911,1400.0,USD,La Habana,Centro Habana,"marca, tipo_bateria, autonomia_km","faltan campos obligatorios: marca, tipo_bateria, autonomia_km",faltan_campos,https://www.revolico.com/search?q=bicimoto&page=7,https://www.revolico.com/item/bicimoto-super-fast-911-57586423
57581414,BICIMOTO SÚPER FAST 911,1500.0,USD,La Habana,Plaza,"marca, tipo_bateria, autonomia_km","faltan campos obligatorios: marca, tipo_bateria, autonomia_km",faltan_campos,https://www.revolico.com/search?q=bicimoto&page=7,https://www.revolico.com/item/bicimoto-super-fast-911-57581414
57511098,BICIMOTO SÚPER FAST 911,1500.0,USD,La Habana,Centro Habana,"marca, tipo_bateria, autonomia_km","faltan campos obligatorios: marca, tipo_bateria, autonomia_km",faltan_campos,https://www.revolico.com/search?q=bicimoto&page=9,https://www.revolico.com/item/bicimoto-super-fast-911-57511098
57616347,BICIMOTO SÚPER FAST 911 R,1400.0,USD,La Habana,La Lisa,"marca, tipo_bateria, autonomia_km","faltan campos obligatorios: marca, tipo_bateria, autonomia_km",faltan_campos,https://www.revolico.com/search?q=bicimoto&page=6,https://www.revolico.com/item/bicimoto-super-fast-911-r-57616347
57577146,BICIMOTO TORVAN VOLT,1650.0,USD,La Habana,Centro Habana,"marca, tipo_bateria, autonomia_km","faltan campos obligatorios: marca, tipo_bateria, autonomia_km",faltan_campos,https://www.revolico.com/search?q=bicimoto&page=7,https://www.revolico.com/item/bicimoto-torvan-volt-57577146
57577145,BICIMOTO TORVAN VOLT,1650.0,USD,La Habana,Centro Habana,"marca, tipo_bateria, autonomia_km","faltan campos obligatorios: marca, tipo_bateria, autonomia_km",faltan_campos,https://www.revolico.com/search?q=bicimoto&page=7,https://www.revolico.com/item/bicimoto-torvan-volt-57577145
57663017,BICIMOTO TORVAN VOLT*,1650.0,USD,La Habana,Habana Vieja,"marca, tipo_bateria, autonomia_km","faltan campos obligatorios: marca, tipo_bateria, autonomia_km",faltan_campos,https://www.revolico.com/search?q=bicimoto&page=4,https://www.revolico.com/item/bicimoto-torvan-volt-57663017
57615497,BICIMOTO UNIZUKI,1600.0,USD,La Habana,Diez de Octubre,"marca, tipo_bateria, autonomia_km","faltan campos obligatorios: marca, tipo_bateria, autonomia_km",faltan_campos,https://www.revolico.com/search?q=bicimoto&page=6,https://www.revolico.com/item/bicimoto-unizuki-57615497
57586277,BICIMOTO UNIZUKI,1600.0,USD,La Habana,Centro Habana,"marca, tipo_bateria, autonomia_km","faltan campos obligatorios: marca, tipo_bateria, autonomia_km",faltan_campos,https://www.revolico.com/search?q=bicimoto&page=7,https://www.revolico.com/item/bicimoto-unizuki-57586277
57518985,BICIMOTO UNIZUKI,1600.0,USD,La Habana,La Lisa,"marca, tipo_bateria, autonomia_km","faltan campos obligatorios: marca, tipo_bateria, autonomia_km",faltan_campos,https://www.revolico.com/search?q=bicimoto&page=9,https://www.revolico.com/item/bicimoto-unizuki-57518985
57513380,BICIMOTO UNIZUKI,1600.0,USD,La Habana,Habana Vieja,"marca, tipo_bateria, autonomia_km","faltan campos obligatorios: marca, tipo_bateria, autonomia_km",faltan_campos,https://www.revolico.com/search?q=bicimoto&page=9,https://www.revolico.com/item/bicimoto-unizuki-57513380
57450961,BICIMOTO UNIZUKI,1600.0,USD,La Habana,Centro Habana,"marca, tipo_bateria, autonomia_km","faltan campos obligatorios: marca, tipo_bateria, autonomia_km",faltan_campos,https://www.revolico.com/search?q=bicimoto&page=10,https://www.revolico.com/item/bicimoto-unizuki-57450961
57678386,BICIMOTO YOAZAKI 707,1500.0,USD,La Habana,Plaza,"marca, tipo_bateria, autonomia_km","faltan campos obligatorios: marca, tipo_bateria, autonomia_km",faltan_campos,https://www.revolico.com/search?q=bicimoto&page=4,https://www.revolico.com/item/bicimoto-yoazaki-707-57678386
57630814,BICIMOTO YOAZAKI 707,1500.0,USD,La Habana,Plaza,"marca, tipo_bateria, autonomia_km","faltan campos obligatorios: marca, tipo_bateria, autonomia_km",faltan_campos,https://www.revolico.com/search?q=bicimoto&page=5,https://www.revolico.com/item/bicimoto-yoazaki-707-57630814
57673417,BICIMOTO Yoazaki 707,1600.0,USD,La Habana,Habana del Este,"marca, tipo_bateria, autonomia_km","faltan campos obligatorios: marca, tipo_bateria, autonomia_km",faltan_campos,https://www.revolico.com/search?q=bicimoto&page=4,https://www.revolico.com/item/bicimoto-yoazaki-707-57673417
57643718,BICIMOTO electrica,1800.0,USD,La Habana,Arroyo Naranjo,"marca, tipo_bateria, autonomia_km","faltan campos obligatorios: marca, tipo_bateria, autonomia_km",faltan_campos,https://www.revolico.com/search?q=bicimoto&page=5,https://www.revolico.com/item/bicimoto-electrica-57643718
57463358,BICIMOTO plegable,580.0,USD,La Habana,Diez de Octubre,"marca, tipo_bateria, autonomia_km","faltan campos obligatorios: marca, tipo_bateria, autonomia_km",faltan_campos,https://www.revolico.com/search?q=bicimoto&page=10,https://www.revolico.com/item/bicimoto-plegable-57463358
57543233,BICIMOTO • 0km new CALLENGER CORLEONE,850.0,USD,La Habana,La Lisa,"marca, tipo_bateria, autonomia_km","faltan campos obligatorios: marca, tipo_bateria, autonomia_km",faltan_campos,https://www.revolico.com/search?q=bicimoto&page=8,https://www.revolico.com/item/bicimoto-0km-new-callenger-corleone-57543233
57004854,BIKE V2K CALIDAD OG (💲 70USD),70.0,USD,La Habana,Habana Vieja,"marca, tipo_bateria, autonomia_km","faltan campos obligatorios: marca, tipo_bateria, autonomia_km",faltan_campos,https://www.revolico.com/search?q=e-bike&page=1,https://www.revolico.com/item/bike-v2k-calidad-og-70usd-57004854
57561323,BLUVALL K10 e-bike fat tire black 3000W 52V 43Ah dual beat. LCD,1590.0,USD,Las Tunas,Las Tunas,"marca, tipo_bateria, autonomia_km","faltan campos obligatorios: marca, tipo_bateria, autonomia_km",faltan_campos,https://www.revolico.com/search?q=e-bike&page=1,https://www.revolico.com/item/bluvall-k10-e-bike-fat-tire-black-3000w-52v-43ah-dual-beat-lcd-57561323
57269168,Batería 12v 100ah,270.0,USD,La Habana,Centro Habana,"marca, tipo_bateria, autonomia_km","faltan campos obligatorios: marca, tipo_bateria, autonomia_km",faltan_campos,https://www.revolico.com/search?q=bicimoto&page=1,https://www.revolico.com/item/bateria-12v-100ah-57269168
56662366,Bici Eléctrica,825.0,USD,La Habana,Centro Habana,"marca, tipo_bateria, autonomia_km","faltan campos obligatorios: marca, tipo_bateria, autonomia_km",faltan_campos,https://www.revolico.com/search?q=bici+electrica&page=1,https://www.revolico.com/item/bici-electrica-56662366
56404539,Bici Eléctrica,1290.0,USD,La Habana,Plaza,"marca, tipo_bateria, autonomia_km","faltan campos obligatorios: marca, tipo_bateria, autonomia_km",faltan_campos,https://www.revolico.com/search?q=bici+electrica&page=1,https://www.revolico.com/item/bici-electrica-56404539
57160850,Bici Eléctrica Ladped,530.0,USD,La Habana,Diez de Octubre,"marca, tipo_bateria, autonomia_km","faltan campos obligatorios: marca, tipo_bateria, autonomia_km",faltan_campos,https://www.revolico.com/search?q=bici+electrica&page=1,https://www.revolico.com/item/bici-electrica-ladped-57160850
57143941,Bici Eléctrica Nueva en su Caja,500.0,USD,La Habana,Habana del Este,"marca, tipo_bateria, autonomia_km","faltan campos obligatorios: marca, tipo_bateria, autonomia_km",faltan_campos,https://www.revolico.com/search?q=bici+electrica&page=1,https://www.revolico.com/item/bici-electrica-nueva-en-su-caja-57143941
57166132,Bici Eléctrica con Potente motor de 560 watts,500.0,USD,La Habana,Habana del Este,"marca, tipo_bateria, autonomia_km","faltan campos obligatorios: marca, tipo_bateria, autonomia_km",faltan_campos,https://www.revolico.com/search?q=bici+electrica&page=1,https://www.revolico.com/item/bici-electrica-con-potente-motor-de-560-watts-57166132
57166131,Bici Eléctrica con Potente motor de 560 watts,500.0,USD,La Habana,Habana del Este,"marca, tipo_bateria, autonomia_km","faltan campos obligatorios: marca, tipo_bateria, autonomia_km",faltan_campos,https://www.revolico.com/search?q=bici+electrica&page=1,https://www.revolico.com/item/bici-electrica-con-potente-motor-de-560-watts-57166131
56613985,Bici Eléctrica ⚡️ Buena autonomía para estos apagones 🚲,590.0,USD,La Habana,Playa,"marca, tipo_bateria, autonomia_km","faltan campos obligatorios: marca, tipo_bateria, autonomia_km",faltan_campos,https://www.revolico.com/search?q=bici+electrica&page=1,https://www.revolico.com/item/bici-electrica-buena-autonomia-para-estos-apagones-56613985
56666107,Bici Moto Bicicleta eléctrica T2 Potencia:750w Velocidad:28mph Bateria:48v\15ah Autonomía:45 millas Doble suspensión,1.0,USD,La Habana,Boyeros,"marca, tipo_bateria, autonomia_km","faltan campos obligatorios: marca, tipo_bateria, autonomia_km",faltan_campos,https://www.revolico.com/search?q=bici+electrica&page=2,https://www.revolico.com/item/bici-moto-bicicleta-electrica-t2-potencia750w-velocidad28mph-bateria48v15ah-autonomia45-millas-doble-suspension-56666107
56580895,Bici Moto Electrica,1200.0,USD,La Habana,Cerro,"marca, tipo_bateria, autonomia_km","faltan campos obligatorios: marca, tipo_bateria, autonomia_km",faltan_campos,https://www.revolico.com/search?q=bici+electrica&page=2,https://www.revolico.com/item/bici-moto-electrica-56580895
56334994,"Bici Moto Grillo 100% Eléctrica, Potencia y Eficiencia",1550.0,USD,La Habana,Arroyo Naranjo,"marca, tipo_bateria, autonomia_km","faltan campos obligatorios: marca, tipo_bateria, autonomia_km",faltan_campos,https://www.revolico.com/search?q=bici+electrica&page=2,https://www.revolico.com/item/bici-moto-grillo-100-electrica-potencia-y-eficiencia-56334994
56744245,Bici Moto bicicleta eléctrica T16 Potencia:750w Velocidad:28mph Bateria:48v\15ah Autonomía:45 millas Doble suspensión,1.0,USD,La Habana,Boyeros,"marca, tipo_bateria, autonomia_km","faltan campos obligatorios: marca, tipo_bateria, autonomia_km",faltan_campos,https://www.revolico.com/search?q=bici+electrica&page=2,https://www.revolico.com/item/bici-moto-bicicleta-electrica-t16-potencia750w-velocidad28mph-bateria48v15ah-autonomia45-millas-doble-suspension-56744245
56864214,Bici Moto electrica,1300.0,USD,La Habana,Playa,"marca, tipo_bateria, autonomia_km","faltan campos obligatorios: marca, tipo_bateria, autonomia_km",faltan_campos,https://www.revolico.com/search?q=bici+electrica&page=2,https://www.revolico.com/item/bici-moto-electrica-56864214
57043215,Bici Moto en venta,500.0,USD,La Habana,La Lisa,"marca, tipo_bateria, autonomia_km","faltan campos obligatorios: marca, tipo_bateria, autonomia_km",faltan_campos,https://www.revolico.com/search?q=bici+electrica&page=2,https://www.revolico.com/item/bici-moto-en-venta-57043215
57552296,Bici electrica,350.0,USD,La Habana,Guanabacoa,"marca, tipo_bateria, autonomia_km","faltan campos obligatorios: marca, tipo_bateria, autonomia_km",faltan_campos,https://www.revolico.com/search?q=bici+electrica&page=1,https://www.revolico.com/item/bici-electrica-57552296
57508018,Bici electrica,600.0,USD,La Habana,Cerro,"marca, tipo_bateria, autonomia_km","faltan campos obligatorios: marca, tipo_bateria, autonomia_km",faltan_campos,https://www.revolico.com/search?q=bici+electrica&page=1,https://www.revolico.com/item/bici-electrica-57508018
57259283,Bici electrica,520.0,USD,La Habana,Centro Habana,"marca, tipo_bateria, autonomia_km","faltan campos obligatorios: marca, tipo_bateria, autonomia_km",faltan_campos,https://www.revolico.com/search?q=bici+electrica&page=1,https://www.revolico.com/item/bici-electrica-57259283
57144754,Bici electrica,500.0,USD,La Habana,Centro Habana,"marca, tipo_bateria, autonomia_km","faltan campos obligatorios: marca, tipo_bateria, autonomia_km",faltan_campos,https://www.revolico.com/search?q=bici+electrica&page=1,https://www.revolico.com/item/bici-electrica-57144754
56900548,Bici electrica,610.0,USD,La Habana,Playa,"marca, tipo_bateria, autonomia_km","faltan campos obligatorios: marca, tipo_bateria, autonomia_km",faltan_campos,https://www.revolico.com/search?q=bici+electrica&page=1,https://www.revolico.com/item/bici-electrica-56900548
56630769,Bici electrica,697.47,USD,La Habana,Arroyo Naranjo,"marca, tipo_bateria, autonomia_km","faltan campos obligatorios: marca, tipo_bateria, autonomia_km",faltan_campos,https://www.revolico.com/search?q=bici+electrica&page=1,https://www.revolico.com/item/bici-electrica-56630769
56630770,Bici electrica,697.47,USD,La Habana,Arroyo Naranjo,"marca, tipo_bateria, autonomia_km","faltan campos obligatorios: marca, tipo_bateria, autonomia_km",faltan_campos,https://www.revolico.com/search?q=bici+electrica&page=1,https://www.revolico.com/item/bici-electrica-56630770
57443402,Bici electrica Voltvogue,900.0,USD,La Habana,Diez de Octubre,"marca, tipo_bateria, autonomia_km","faltan campos obligatorios: marca, tipo_bateria, autonomia_km",faltan_campos,https://www.revolico.com/search?q=bici+electrica&page=1,https://www.revolico.com/item/bici-electrica-voltvogue-57443402
56578128,Bici electrica chiquita nuevas en caja,550.0,USD,La Habana,Arroyo Naranjo,"marca, tipo_bateria, autonomia_km","faltan campos obligatorios: marca, tipo_bateria, autonomia_km",faltan_campos,https://www.revolico.com/search?q=bici+electrica&page=1,https://www.revolico.com/item/bici-electrica-chiquita-nuevas-en-caja-56578128
57603738,Bici electrica con sorpresa❗️🏃♀️,480.0,USD,La Habana,Playa,"marca, tipo_bateria, autonomia_km","faltan campos obligatorios: marca, tipo_bateria, autonomia_km",faltan_campos,https://www.revolico.com/search?q=bici+electrica&page=1,https://www.revolico.com/item/bici-electrica-con-sorpresa-57603738
57055518,Bici electrica modelo TOMOFREE,400.0,USD,Guantánamo,Guantánamo,"marca, tipo_bateria, autonomia_km","faltan campos obligatorios: marca, tipo_bateria, autonomia_km",faltan_campos,https://www.revolico.com/search?q=bici+electrica&page=1,https://www.revolico.com/item/bici-electrica-modelo-tomofree-57055518
57642748,Bici electrica plegable 0 km,550.0,USD,La Habana,Plaza,"marca, tipo_bateria, autonomia_km","faltan campos obligatorios: marca, tipo_bateria, autonomia_km",faltan_campos,https://www.revolico.com/search?q=bici+electrica&page=1,https://www.revolico.com/item/bici-electrica-plegable-0-km-57642748
56528462,Bici electrica ya en Cuba ‼️‼️,550.0,USD,La Habana,Centro Habana,"marca, tipo_bateria, autonomia_km","faltan campos obligatorios: marca, tipo_bateria, autonomia_km",faltan_campos,https://www.revolico.com/search?q=bici+electrica&page=1,https://www.revolico.com/item/bici-electrica-ya-en-cuba-56528462
57184640,Bici electrica. Bicimoto. Las características están en la foto Precio:1050,1050.0,USD,La Habana,Centro Habana,"marca, tipo_bateria, autonomia_km","faltan campos obligatorios: marca, tipo_bateria, autonomia_km",faltan_campos,https://www.revolico.com/search?q=bici+electrica&page=1,https://www.revolico.com/item/bici-electrica-bicimoto-las-caracteristicas-estan-en-la-foto-precio1050-57184640
56945510,Bici electricas 0km. Rebaja de precio.,490.0,USD,La Habana,Playa,"marca, tipo_bateria, autonomia_km","faltan campos obligatorios: marca, tipo_bateria, autonomia_km",faltan_campos,https://www.revolico.com/search?q=bici+electrica&page=2,https://www.revolico.com/item/bici-electricas-0km-rebaja-de-precio-56945510
55397859,Bici electrónica,1500.0,USD,La Habana,Playa,"marca, tipo_bateria, autonomia_km","faltan campos obligatorios: marca, tipo_bateria, autonomia_km",faltan_campos,https://www.revolico.com/search?q=bici+electrica&page=2,https://www.revolico.com/item/bici-electronica-55397859
57680609,Bici eléctrica,640.0,USD,La Habana,Diez de Octubre,"marca, tipo_bateria, autonomia_km","faltan campos obligatorios: marca, tipo_bateria, autonomia_km",faltan_campos,https://www.revolico.com/search?q=bici+electrica&page=1,https://www.revolico.com/item/bici-electrica-57680609
57579111,Bici eléctrica,480.0,USD,La Habana,Centro Habana,"marca, tipo_bateria, autonomia_km","faltan campos obligatorios: marca, tipo_bateria, autonomia_km",faltan_campos,https://www.revolico.com/search?q=bici+electrica&page=1,https://www.revolico.com/item/bici-electrica-57579111
57318480,Bici eléctrica,540.0,USD,La Habana,Boyeros,"marca, tipo_bateria, autonomia_km","faltan campos obligatorios: marca, tipo_bateria, autonomia_km",faltan_campos,https://www.revolico.com/search?q=bici+electrica&page=1,https://www.revolico.com/item/bici-electrica-57318480
57207191,Bici eléctrica,1060.0,USD,La Habana,Centro Habana,"marca, tipo_bateria, autonomia_km","faltan campos obligatorios: marca, tipo_bateria, autonomia_km",faltan_campos,https://www.revolico.com/search?q=bici+electrica&page=1,https://www.revolico.com/item/bici-electrica-57207191
57020796,Bici eléctrica,550.0,USD,La Habana,Cerro,"marca, tipo_bateria, autonomia_km","faltan campos obligatorios: marca, tipo_bateria, autonomia_km",faltan_campos,https://www.revolico.com/search?q=bici+electrica&page=1,https://www.revolico.com/item/bici-electrica-57020796
56939763,Bici eléctrica,780.0,USD,La Habana,Playa,"marca, tipo_bateria, autonomia_km","faltan campos obligatorios: marca, tipo_bateria, autonomia_km",faltan_campos,https://www.revolico.com/search?q=bici+electrica&page=1,https://www.revolico.com/item/bici-electrica-56939763
56869757,Bici eléctrica,490.0,USD,La Habana,Centro Habana,"marca, tipo_bateria, autonomia_km","faltan campos obligatorios: marca, tipo_bateria, autonomia_km",faltan_campos,https://www.revolico.com/search?q=bici+electrica&page=1,https://www.revolico.com/item/bici-electrica-56869757
56812378,Bici eléctrica,510.0,USD,La Habana,Plaza,"marca, tipo_bateria, autonomia_km","faltan campos obligatorios: marca, tipo_bateria, autonomia_km",faltan_campos,https://www.revolico.com/search?q=bici+electrica&page=1,https://www.revolico.com/item/bici-electrica-56812378
56811370,Bici eléctrica,750.0,USD,La Habana,Playa,"marca, tipo_bateria, autonomia_km","faltan campos obligatorios: marca, tipo_bateria, autonomia_km",faltan_campos,https://www.revolico.com/search?q=bici+electrica&page=1,https://www.revolico.com/item/bici-electrica-56811370
56773611,Bici eléctrica,700.0,USD,La Habana,Diez de Octubre,"marca, tipo_bateria, autonomia_km","faltan campos obligatorios: marca, tipo_bateria, autonomia_km",faltan_campos,https://www.revolico.com/search?q=bici+electrica&page=1,https://www.revolico.com/item/bici-electrica-56773611
56773229,Bici eléctrica,600.0,USD,La Habana,Diez de Octubre,"marca, tipo_bateria, autonomia_km","faltan campos obligatorios: marca, tipo_bateria, autonomia_km",faltan_campos,https://www.revolico.com/search?q=bici+electrica&page=1,https://www.revolico.com/item/bici-electrica-56773229
56773068,Bici eléctrica,1050.0,USD,La Habana,Diez de Octubre,"marca, tipo_bateria, autonomia_km","faltan campos obligatorios: marca, tipo_bateria, autonomia_km",faltan_campos,https://www.revolico.com/search?q=bici+electrica&page=1,https://www.revolico.com/item/bici-electrica-56773068
56585119,Bici eléctrica,600.0,USD,La Habana,Centro Habana,"marca, tipo_bateria, autonomia_km","faltan campos obligatorios: marca, tipo_bateria, autonomia_km",faltan_campos,https://www.revolico.com/search?q=bici+electrica&page=1,https://www.revolico.com/item/bici-electrica-56585119
56537077,Bici eléctrica,590.0,USD,La Habana,Marianao,"marca, tipo_bateria, autonomia_km","faltan campos obligatorios: marca, tipo_bateria, autonomia_km",faltan_campos,https://www.revolico.com/search?q=bici+electrica&page=1,https://www.revolico.com/item/bici-electrica-56537077
55355956,Bici eléctrica,1050.0,USD,La Habana,Playa,"marca, tipo_bateria, autonomia_km","faltan campos obligatorios: marca, tipo_bateria, autonomia_km",faltan_campos,https://www.revolico.com/search?q=bici+electrica&page=1,https://www.revolico.com/item/bici-electrica-55355956
57681950,Bici eléctrica 48 volt 10 ampere,530.0,USD,Camagüey,Camagüey,"marca, tipo_bateria, autonomia_km","faltan campos obligatorios: marca, tipo_bateria, autonomia_km",faltan_campos,https://www.revolico.com/search?q=bici+electrica&page=1,https://www.revolico.com/item/bici-electrica-48-volt-10-ampere-57681950
57181584,Bici eléctrica 48v/15Ah - 800 USD,800.0,USD,La Habana,Diez de Octubre,"marca, tipo_bateria, autonomia_km","faltan campos obligatorios: marca, tipo_bateria, autonomia_km",faltan_campos,https://www.revolico.com/search?q=bici+electrica&page=1,https://www.revolico.com/item/bici-electrica-48v15ah-800-usd-57181584
57259414,Bici eléctrica Cienfuegos,490.0,USD,Cienfuegos,Cienfuegos,"marca, tipo_bateria, autonomia_km","faltan campos obligatorios: marca, tipo_bateria, autonomia_km",faltan_campos,https://www.revolico.com/search?q=bici+electrica&page=1,https://www.revolico.com/item/bici-electrica-cienfuegos-57259414
56407367,Bici eléctrica Eclio,1120.0,USD,La Habana,Marianao,"marca, tipo_bateria, autonomia_km","faltan campos obligatorios: marca, tipo_bateria, autonomia_km",faltan_campos,https://www.revolico.com/search?q=bici+electrica&page=1,https://www.revolico.com/item/bici-electrica-eclio-56407367
56111304,Bici eléctrica Eclio,1300.0,USD,La Habana,Playa,"marca, tipo_bateria, autonomia_km","faltan campos obligatorios: marca, tipo_bateria, autonomia_km",faltan_campos,https://www.revolico.com/search?q=bici+electrica&page=1,https://www.revolico.com/item/bici-electrica-eclio-56111304
56331054,Bici eléctrica Eclio Bateria48v/15ah Potencia:748w,1230.0,USD,La Habana,Marianao,"marca, tipo_bateria, autonomia_km","faltan campos obligatorios: marca, tipo_bateria, autonomia_km",faltan_campos,https://www.revolico.com/search?q=bici+electrica&page=1,https://www.revolico.com/item/bici-electrica-eclio-bateria48v15ah-potencia748w-56331054
57642244,Bici eléctrica GS3,640.0,USD,La Habana,Centro Habana,"marca, tipo_bateria, autonomia_km","faltan campos obligatorios: marca, tipo_bateria, autonomia_km",faltan_campos,https://www.revolico.com/search?q=bici+electrica&page=1,https://www.revolico.com/item/bici-electrica-gs3-57642244
55359689,Bici eléctrica GTC1,1350.0,USD,La Habana,Playa,"marca, tipo_bateria, autonomia_km","faltan campos obligatorios: marca, tipo_bateria, autonomia_km",faltan_campos,https://www.revolico.com/search?q=bici+electrica&page=1,https://www.revolico.com/item/bici-electrica-gtc1-55359689
56776350,Bici eléctrica T 5,520.0,USD,La Habana,San Miguel del Padrón,"marca, tipo_bateria, autonomia_km","faltan campos obligatorios: marca, tipo_bateria, autonomia_km",faltan_campos,https://www.revolico.com/search?q=bici+electrica&page=1,https://www.revolico.com/item/bici-electrica-t-5-56776350
57491694,Bici eléctrica TREVALIX,700.0,USD,La Habana,Diez de Octubre,"marca, tipo_bateria, autonomia_km","faltan campos obligatorios: marca, tipo_bateria, autonomia_km",faltan_campos,https://www.revolico.com/search?q=bici+electrica&page=1,https://www.revolico.com/item/bici-electrica-trevalix-57491694
56331045,Bici eléctrica Velocidad max:25mph/h Bateria:48v/15Ah,750.0,USD,La Habana,Marianao,"marca, tipo_bateria, autonomia_km","faltan campos obligatorios: marca, tipo_bateria, autonomia_km",faltan_campos,https://www.revolico.com/search?q=bici+electrica&page=1,https://www.revolico.com/item/bici-electrica-velocidad-max25mphh-bateria48v15ah-56331045
57150606,Bici eléctrica Velocidad max:25mph/h Bateria:48v/15Ah Autonomía:45 millas Motor:750w Frenos:Disco Suspe,770.0,USD,La Habana,Centro Habana,"marca, tipo_bateria, autonomia_km","faltan campos obligatorios: marca, tipo_bateria, autonomia_km",faltan_campos,https://www.revolico.com/search?q=bici+electrica&page=1,https://www.revolico.com/item/bici-electrica-velocidad-max25mphh-bateria48v15ah-autonomia45-millas-motor750w-frenosdisco-suspe-57150606
56576252,Bici eléctrica bicicleta eléctrica,1.0,USD,La Habana,Plaza,"marca, tipo_bateria, autonomia_km","faltan campos obligatorios: marca, tipo_bateria, autonomia_km",faltan_campos,https://www.revolico.com/search?q=bici+electrica&page=1,https://www.revolico.com/item/bici-electrica-bicicleta-electrica-56576252
56050440,Bici eléctrica en muy buenas condiciones,400.0,USD,La Habana,Marianao,"marca, tipo_bateria, autonomia_km","faltan campos obligatorios: marca, tipo_bateria, autonomia_km",faltan_campos,https://www.revolico.com/search?q=bici+electrica&page=1,https://www.revolico.com/item/bici-electrica-en-muy-buenas-condiciones-56050440
56558367,Bici eléctrica modelo T5,550.0,USD,La Habana,San Miguel del Padrón,"marca, tipo_bateria, autonomia_km","faltan campos obligatorios: marca, tipo_bateria, autonomia_km",faltan_campos,https://www.revolico.com/search?q=bici+electrica&page=1,https://www.revolico.com/item/bicicleta-electrica-modelo-t5-56558367
57534869,Bici eléctrica nueva!!,940.0,USD,La Habana,Playa,"marca, tipo_bateria, autonomia_km","faltan campos obligatorios: marca, tipo_bateria, autonomia_km",faltan_campos,https://www.revolico.com/search?q=bici+electrica&page=1,https://www.revolico.com/item/bici-electrica-nueva-57534869
57482067,Bici eléctrica okm hasta su casa 50729572,480.0,USD,La Habana,Arroyo Naranjo,"marca, tipo_bateria, autonomia_km","faltan campos obligatorios: marca, tipo_bateria, autonomia_km",faltan_campos,https://www.revolico.com/search?q=bici+electrica&page=1,https://www.revolico.com/item/bici-electrica-okm-hasta-su-casa-50729572-57482067
57141663,Bici eléctrica okm kit solar buen precio,480.0,USD,La Habana,Arroyo Naranjo,"marca, tipo_bateria, autonomia_km","faltan campos obligatorios: marca, tipo_bateria, autonomia_km",faltan_campos,https://www.revolico.com/search?q=bici+electrica&page=1,https://www.revolico.com/item/bici-electrica-okm-kit-solar-buen-precio-57141663
57163230,Bici eléctrica okm la mejor oferta,480.0,USD,La Habana,Arroyo Naranjo,"marca, tipo_bateria, autonomia_km","faltan campos obligatorios: marca, tipo_bateria, autonomia_km",faltan_campos,https://www.revolico.com/search?q=bici+electrica&page=1,https://www.revolico.com/item/bici-electrica-okm-la-mejor-oferta-57163230
57419883,Bici eléctrica okm llamar hay trasporte,470.0,USD,La Habana,Arroyo Naranjo,"marca, tipo_bateria, autonomia_km","faltan campos obligatorios: marca, tipo_bateria, autonomia_km",faltan_campos,https://www.revolico.com/search?q=bici+electrica&page=1,https://www.revolico.com/item/bici-electrica-okm-llamar-hay-trasporte-57419883
57420073,Bici eléctrica okm. 50729572,470.0,USD,La Habana,Arroyo Naranjo,"marca, tipo_bateria, autonomia_km","faltan campos obligatorios: marca, tipo_bateria, autonomia_km",faltan_campos,https://www.revolico.com/search?q=bici+electrica&page=1,https://www.revolico.com/item/bici-electrica-okm-50729572-57420073
56497968,Bici eléctrica pequeña,550.0,USD,La Habana,Playa,"marca, tipo_bateria, autonomia_km","faltan campos obligatorios: marca, tipo_bateria, autonomia_km",faltan_campos,https://www.revolico.com/search?q=bici+electrica&page=1,https://www.revolico.com/item/bici-electrica-pequena-56497968
57136181,Bici eléctrica plegable,500.0,USD,La Habana,Marianao,"marca, tipo_bateria, autonomia_km","faltan campos obligatorios: marca, tipo_bateria, autonomia_km",faltan_campos,https://www.revolico.com/search?q=bici+electrica&page=1,https://www.revolico.com/item/bici-electrica-plegable-57136181
57087924,Bici eléctrica plegable,300.0,USD,La Habana,Centro Habana,"marca, tipo_bateria, autonomia_km","faltan campos obligatorios: marca, tipo_bateria, autonomia_km",faltan_campos,https://www.revolico.com/search?q=bici+electrica&page=1,https://www.revolico.com/item/bici-electrica-plegable-57087924
56918122,Bici eléctrica vipdrive,780.0,USD,La Habana,Habana Vieja,"marca, tipo_bateria, autonomia_km","faltan campos obligatorios: marca, tipo_bateria, autonomia_km",faltan_campos,https://www.revolico.com/search?q=bici+electrica&page=1,https://www.revolico.com/item/bici-electrica-vipdrive-56918122
57483415,Bici eléctrica 🏍️🔥,980.0,USD,La Habana,Playa,"marca, tipo_bateria, autonomia_km","faltan campos obligatorios: marca, tipo_bateria, autonomia_km",faltan_campos,https://www.revolico.com/search?q=bici+electrica&page=1,https://www.revolico.com/item/bici-electrica-57483415
57619501,"Bici eléctrica,, nuevas en caja.",470.0,USD,La Habana,Playa,"marca, tipo_bateria, autonomia_km","faltan campos obligatorios: marca, tipo_bateria, autonomia_km",faltan_campos,https://www.revolico.com/search?q=bici+electrica&page=1,https://www.revolico.com/item/bici-electrica-nuevas-en-caja-57619501
57606806,Bici lega eléctrica con mensajeria gratis,500.0,USD,La Habana,San Miguel del Padrón,"marca, tipo_bateria, autonomia_km","faltan campos obligatorios: marca, tipo_bateria, autonomia_km",faltan_campos,https://www.revolico.com/search?q=bici+electrica&page=1,https://www.revolico.com/item/bici-lega-electrica-con-mensajeria-gratis-57606806
57292012,Bici moto,1150.0,USD,La Habana,Centro Habana,"marca, tipo_bateria, autonomia_km","faltan campos obligatorios: marca, tipo_bateria, autonomia_km",faltan_campos,https://www.revolico.com/search?q=bici+electrica&page=2,https://www.revolico.com/item/bici-moto-57292012
57083468,Bici moto,360.0,USD,La Habana,Centro Habana,"marca, tipo_bateria, autonomia_km","faltan campos obligatorios: marca, tipo_bateria, autonomia_km",faltan_campos,https://www.revolico.com/search?q=bici+electrica&page=2,https://www.revolico.com/item/bici-moto-57083468
56989983,Bici moto,750.0,USD,La Habana,Centro Habana,"marca, tipo_bateria, autonomia_km","faltan campos obligatorios: marca, tipo_bateria, autonomia_km",faltan_campos,https://www.revolico.com/search?q=bici+electrica&page=2,https://www.revolico.com/item/bici-moto-56989983
56875684,Bici moto,1.0,USD,La Habana,Centro Habana,"marca, tipo_bateria, autonomia_km","faltan campos obligatorios: marca, tipo_bateria, autonomia_km",faltan_campos,https://www.revolico.com/search?q=bici+electrica&page=2,https://www.revolico.com/item/bici-moto-56875684
56836833,Bici moto,1.0,USD,La Habana,Centro Habana,"marca, tipo_bateria, autonomia_km","faltan campos obligatorios: marca, tipo_bateria, autonomia_km",faltan_campos,https://www.revolico.com/search?q=bici+electrica&page=2,https://www.revolico.com/item/bici-moto-56836833
56613197,Bici moto,500.0,USD,La Habana,Boyeros,"marca, tipo_bateria, autonomia_km","faltan campos obligatorios: marca, tipo_bateria, autonomia_km",faltan_campos,https://www.revolico.com/search?q=bici+electrica&page=2,https://www.revolico.com/item/bici-moto-56613197
57100065,Bici moto ( bicicleta eléctrica ),750.0,USD,La Habana,Cerro,"marca, tipo_bateria, autonomia_km","faltan campos obligatorios: marca, tipo_bateria, autonomia_km",faltan_campos,https://www.revolico.com/search?q=bici+electrica&page=2,https://www.revolico.com/item/bici-moto-bicicleta-electrica-57100065
56145852,Bici moto ELÉCTRICA con regaló,660.0,USD,La Habana,Centro Habana,"marca, tipo_bateria, autonomia_km","faltan campos obligatorios: marca, tipo_bateria, autonomia_km",faltan_campos,https://www.revolico.com/search?q=bici+electrica&page=2,https://www.revolico.com/item/bici-moto-electrica-con-regalo-56145852
56645198,Bici moto GiCIN SK8,850.0,USD,Camagüey,Camagüey,"marca, tipo_bateria, autonomia_km","faltan campos obligatorios: marca, tipo_bateria, autonomia_km",faltan_campos,https://www.revolico.com/search?q=bici+electrica&page=2,https://www.revolico.com/item/bici-moto-gicin-sk8-56645198
57278985,Bici moto electrica,580.0,USD,La Habana,Playa,"marca, tipo_bateria, autonomia_km","faltan campos obligatorios: marca, tipo_bateria, autonomia_km",faltan_campos,https://www.revolico.com/search?q=bici+electrica&page=2,https://www.revolico.com/item/bici-moto-electrica-57278985
56614689,Bici moto electrica,1130.0,USD,Cienfuegos,Cienfuegos,"marca, tipo_bateria, autonomia_km","faltan campos obligatorios: marca, tipo_bateria, autonomia_km",faltan_campos,https://www.revolico.com/search?q=bici+electrica&page=2,https://www.revolico.com/item/bici-moto-electrica-56614689
57398212,Bici moto electrica Nueva en su caja,750.0,USD,La Habana,Playa,"marca, tipo_bateria, autonomia_km","faltan campos obligatorios: marca, tipo_bateria, autonomia_km",faltan_campos,https://www.revolico.com/search?q=bici+electrica&page=1,https://www.revolico.com/item/bici-moto-electrica-nueva-en-su-caja-57398212
57346194,Bici moto electrica batería de 72x45,2.0,USD,La Habana,Centro Habana,"marca, tipo_bateria, autonomia_km","faltan campos obligatorios: marca, tipo_bateria, autonomia_km",faltan_campos,https://www.revolico.com/search?q=bici+electrica&page=1,https://www.revolico.com/item/bici-moto-electrica-bateria-de-72x45-57346194
57539003,Bici moto electrics 48V 20AH,850.0,USD,La Habana,Habana Vieja,"marca, tipo_bateria, autonomia_km","faltan campos obligatorios: marca, tipo_bateria, autonomia_km",faltan_campos,https://www.revolico.com/search?q=bici+electrica&page=2,https://www.revolico.com/item/bici-moto-electrics-48v-20ah-57539003
57633527,Bici moto eléctrica,440.0,USD,La Habana,Marianao,"marca, tipo_bateria, autonomia_km","faltan campos obligatorios: marca, tipo_bateria, autonomia_km",faltan_campos,https://www.revolico.com/search?q=bici+electrica&page=1,https://www.revolico.com/item/bici-moto-electrica-57633527
57278546,Bici moto eléctrica,600.0,USD,La Habana,Boyeros,"marca, tipo_bateria, autonomia_km","faltan campos obligatorios: marca, tipo_bateria, autonomia_km",faltan_campos,https://www.revolico.com/search?q=bici+electrica&page=2,https://www.revolico.com/item/bici-moto-electrica-57278546
57194925,Bici moto eléctrica,2100.0,USD,La Habana,Centro Habana,"marca, tipo_bateria, autonomia_km","faltan campos obligatorios: marca, tipo_bateria, autonomia_km",faltan_campos,https://www.revolico.com/search?q=bici+electrica&page=2,https://www.revolico.com/item/bici-moto-electrica-57194925
57013461,Bici moto eléctrica,450.0,USD,La Habana,Boyeros,"marca, tipo_bateria, autonomia_km","faltan campos obligatorios: marca, tipo_bateria, autonomia_km",faltan_campos,https://www.revolico.com/search?q=bici+electrica&page=2,https://www.revolico.com/item/bici-moto-electrica-57013461
56975966,Bici moto eléctrica,1100.0,USD,La Habana,Diez de Octubre,"marca, tipo_bateria, autonomia_km","faltan campos obligatorios: marca, tipo_bateria, autonomia_km",faltan_campos,https://www.revolico.com/search?q=bici+electrica&page=2,https://www.revolico.com/item/bici-moto-electrica-56975966
56769676,Bici moto eléctrica,1.0,USD,La Habana,Centro Habana,"marca, tipo_bateria, autonomia_km","faltan campos obligatorios: marca, tipo_bateria, autonomia_km",faltan_campos,https://www.revolico.com/search?q=bici+electrica&page=2,https://www.revolico.com/item/bici-moto-electrica-56769676
56334538,Bici moto eléctrica,900.0,USD,La Habana,Plaza,"marca, tipo_bateria, autonomia_km","faltan campos obligatorios: marca, tipo_bateria, autonomia_km",faltan_campos,https://www.revolico.com/search?q=bici+electrica&page=2,https://www.revolico.com/item/bici-moto-electrica-56334538
54888292,Bici moto eléctrica (nueva en su caja),1000.0,USD,La Habana,Diez de Octubre,"marca, tipo_bateria, autonomia_km","faltan campos obligatorios: marca, tipo_bateria, autonomia_km",faltan_campos,https://www.revolico.com/search?q=bici+electrica&page=2,https://www.revolico.com/item/bici-moto-electrica-54888292
56936218,Bici moto eléctrica Vc,880.0,USD,Villa Clara,Santa Clara,"marca, tipo_bateria, autonomia_km","faltan campos obligatorios: marca, tipo_bateria, autonomia_km",faltan_campos,https://www.revolico.com/search?q=bici+electrica&page=2,https://www.revolico.com/item/bici-moto-electrica-vc-56936218
57574791,Bici moto eléctrica completamente nueva!!!,560.0,USD,La Habana,Plaza,"marca, tipo_bateria, autonomia_km","faltan campos obligatorios: marca, tipo_bateria, autonomia_km",faltan_campos,https://www.revolico.com/search?q=bici+electrica&page=1,https://www.revolico.com/item/bici-moto-electrica-completamente-nueva-57574791
57579714,Bici moto rally,500.0,USD,La Habana,Plaza,"marca, tipo_bateria, autonomia_km","faltan campos obligatorios: marca, tipo_bateria, autonomia_km",faltan_campos,https://www.revolico.com/search?q=bici+electrica&page=2,https://www.revolico.com/item/bici-moto-rally-57579714
57353957,Bici motos,750.0,USD,La Habana,Habana del Este,"marca, tipo_bateria, autonomia_km","faltan campos obligatorios: marca, tipo_bateria, autonomia_km",faltan_campos,https://www.revolico.com/search?q=bici+electrica&page=2,https://www.revolico.com/item/bici-motos-57353957
56700159,Bici mountain bike,120.0,USD,La Habana,Diez de Octubre,"marca, tipo_bateria, autonomia_km","faltan campos obligatorios: marca, tipo_bateria, autonomia_km",faltan_campos,https://www.revolico.com/search?q=e-bike&page=1,https://www.revolico.com/item/bici-mountain-bike-56700159
57273909,Bici plegable eléctrica todoterreno. Solo me quedan 2 el que compre la última le hago rebaja,600.0,USD,La Habana,Plaza,"marca, tipo_bateria, autonomia_km","faltan campos obligatorios: marca, tipo_bateria, autonomia_km",faltan_campos,https://www.revolico.com/search?q=bici+electrica&page=2,https://www.revolico.com/item/bici-plegable-electrica-todoterreno-solo-me-quedan-2-el-que-compre-la-ultima-le-hago-rebaja-57273909
56587863,Bici y motorina electrica,1600.0,USD,La Habana,Centro Habana,"marca, tipo_bateria, autonomia_km","faltan campos obligatorios: marca, tipo_bateria, autonomia_km",faltan_campos,https://www.revolico.com/search?q=bici+electrica&page=2,https://www.revolico.com/item/bici-y-motorina-electrica-56587863
57154642,Bici-electrica,500.0,USD,La Habana,Plaza,"marca, tipo_bateria, autonomia_km","faltan campos obligatorios: marca, tipo_bateria, autonomia_km",faltan_campos,https://www.revolico.com/search?q=bici+electrica&page=1,https://www.revolico.com/item/bici-electrica-57154642
57677903,BiciMoto,1100.0,USD,Artemisa,Mariel,"marca, tipo_bateria, autonomia_km","faltan campos obligatorios: marca, tipo_bateria, autonomia_km",faltan_campos,https://www.revolico.com/search?q=bicimoto&page=1,https://www.revolico.com/item/bicimoto-57677903
57630487,BiciMoto,900.0,USD,Artemisa,Mariel,"marca, tipo_bateria, autonomia_km","faltan campos obligatorios: marca, tipo_bateria, autonomia_km",faltan_campos,https://www.revolico.com/search?q=bicimoto&page=1,https://www.revolico.com/item/bicimoto-57630487
57462839,BiciMoto,1900.0,USD,La Habana,Playa,"marca, tipo_bateria, autonomia_km","faltan campos obligatorios: marca, tipo_bateria, autonomia_km",faltan_campos,https://www.revolico.com/search?q=bicimoto&page=1,https://www.revolico.com/item/bicimoto-57462839
56910445,BiciMoto,1600.0,USD,La Habana,Centro Habana,"marca, tipo_bateria, autonomia_km","faltan campos obligatorios: marca, tipo_bateria, autonomia_km",faltan_campos,https://www.revolico.com/search?q=bicimoto&page=2,https://www.revolico.com/item/bicimoto-56910445
56910433,BiciMoto,1450.0,USD,La Habana,Centro Habana,"marca, tipo_bateria, autonomia_km","faltan campos obligatorios: marca, tipo_bateria, autonomia_km",faltan_campos,https://www.revolico.com/search?q=bicimoto&page=2,https://www.revolico.com/item/bicimoto-56910433
56897833,BiciMoto,1550.0,USD,La Habana,Centro Habana,"marca, tipo_bateria, autonomia_km","faltan campos obligatorios: marca, tipo_bateria, autonomia_km",faltan_campos,https://www.revolico.com/search?q=bicimoto&page=2,https://www.revolico.com/item/bicimoto-56897833
56806088,BiciMoto,1450.0,USD,La Habana,Centro Habana,"marca, tipo_bateria, autonomia_km","faltan campos obligatorios: marca, tipo_bateria, autonomia_km",faltan_campos,https://www.revolico.com/search?q=bicimoto&page=3,https://www.revolico.com/item/bicimoto-56806088
56805986,BiciMoto,1600.0,USD,La Habana,Centro Habana,"marca, tipo_bateria, autonomia_km","faltan campos obligatorios: marca, tipo_bateria, autonomia_km",faltan_campos,https://www.revolico.com/search?q=bicimoto&page=3,https://www.revolico.com/item/bicimoto-56805986
56805908,BiciMoto,1950.0,USD,La Habana,Centro Habana,"marca, tipo_bateria, autonomia_km","faltan campos obligatorios: marca, tipo_bateria, autonomia_km",faltan_campos,https://www.revolico.com/search?q=bicimoto&page=3,https://www.revolico.com/item/bicimoto-56805908
56678327,BiciMoto,1700.0,USD,La Habana,Centro Habana,"marca, tipo_bateria, autonomia_km","faltan campos obligatorios: marca, tipo_bateria, autonomia_km",faltan_campos,https://www.revolico.com/search?q=bicimoto&page=3,https://www.revolico.com/item/bicimoto-56678327
56678240,BiciMoto,1300.0,USD,La Habana,Centro Habana,"marca, tipo_bateria, autonomia_km","faltan campos obligatorios: marca, tipo_bateria, autonomia_km",faltan_campos,https://www.revolico.com/search?q=bicimoto&page=3,https://www.revolico.com/item/bicimoto-56678240
57567356,BiciMoto Corleone (Garantía de 1 mes para batería),880.0,USD,La Habana,Arroyo Naranjo,"marca, tipo_bateria, autonomia_km","faltan campos obligatorios: marca, tipo_bateria, autonomia_km",faltan_campos,https://www.revolico.com/search?q=bicimoto&page=8,https://www.revolico.com/item/bicimoto-corleone-garantia-de-1-mes-para-bateria-57567356
57554051,BiciMoto Eléctrica con Carga rápida,1350.0,USD,La Habana,Centro Habana,"marca, tipo_bateria, autonomia_km","faltan campos obligatorios: marca, tipo_bateria, autonomia_km",faltan_campos,https://www.revolico.com/search?q=bicimoto&page=8,https://www.revolico.com/item/bicimoto-electrica-con-carga-rapida-57554051
57567676,BiciMoto MISHOZUKI GRILLO ULTRA PRO,2000.0,USD,La Habana,Playa,"marca, tipo_bateria, autonomia_km","faltan campos obligatorios: marca, tipo_bateria, autonomia_km",faltan_campos,https://www.revolico.com/search?q=bicimoto&page=8,https://www.revolico.com/item/bicimoto-mishozuki-grillo-ultra-pro-57567676
57567258,BiciMoto electrica plegable Transporte y garantía.,550.0,USD,La Habana,Habana Vieja,"marca, tipo_bateria, autonomia_km","faltan campos obligatorios: marca, tipo_bateria, autonomia_km",faltan_campos,https://www.revolico.com/search?q=bicimoto&page=8,https://www.revolico.com/item/bicimoto-electrica-plegable-transporte-y-garantia-57567258
57567217,BiciMoto electrica.(Garantía de 15 días)Tranporte incluído en la Habana y Artemisa),1250.0,USD,La Habana,Habana Vieja,"marca, tipo_bateria, autonomia_km","faltan campos obligatorios: marca, tipo_bateria, autonomia_km",faltan_campos,https://www.revolico.com/search?q=bicimoto&page=8,https://www.revolico.com/item/bicimoto-electricagarantia-de-15-diastranporte-incluido-en-la-habana-y-artemisa-57567217
56527389,Bicicleta,190.0,USD,La Habana,Diez de Octubre,"marca, tipo_bateria, autonomia_km","faltan campos obligatorios: marca, tipo_bateria, autonomia_km",faltan_campos,https://www.revolico.com/search?q=e-bike&page=3,https://www.revolico.com/item/bicicleta-56527389
56691877,Bicicleta,175.0,USD,La Habana,Diez de Octubre,"marca, tipo_bateria, autonomia_km","faltan campos obligatorios: marca, tipo_bateria, autonomia_km",faltan_campos,https://www.revolico.com/search?q=e-bike&page=3,https://www.revolico.com/item/bicicleta-56691877
57657847,Bicicleta,170.0,USD,La Habana,Centro Habana,"marca, tipo_bateria, autonomia_km","faltan campos obligatorios: marca, tipo_bateria, autonomia_km",faltan_campos,https://www.revolico.com/search?q=e-bike&page=4,https://www.revolico.com/item/bicicleta-57657847
57127474,Bicicleta,170.0,USD,La Habana,Centro Habana,"marca, tipo_bateria, autonomia_km","faltan campos obligatorios: marca, tipo_bateria, autonomia_km",faltan_campos,https://www.revolico.com/search?q=e-bike&page=4,https://www.revolico.com/item/bicicleta-57127474
56669876,Bicicleta 20 vcfg,150.0,USD,Cienfuegos,Cienfuegos,"marca, tipo_bateria, autonomia_km","faltan campos obligatorios: marca, tipo_bateria, autonomia_km",faltan_campos,https://www.revolico.com/search?q=e-bike&page=3,https://www.revolico.com/item/bicicleta-20-vcfg-56669876
56669905,Bicicleta 20. vcfg,120.0,USD,Cienfuegos,Cienfuegos,"marca, tipo_bateria, autonomia_km","faltan campos obligatorios: marca, tipo_bateria, autonomia_km",faltan_campos,https://www.revolico.com/search?q=e-bike&page=3,https://www.revolico.com/item/bicicleta-20-vcfg-56669905
56669859,Bicicleta 24 vcfg,185.0,USD,Cienfuegos,Cienfuegos,"marca, tipo_bateria, autonomia_km","faltan campos obligatorios: marca, tipo_bateria, autonomia_km",faltan_campos,https://www.revolico.com/search?q=e-bike&page=3,https://www.revolico.com/item/bicicleta-24-vcfg-56669859
57580600,Bicicleta 26,1.0,USD,La Habana,Plaza,"marca, tipo_bateria, autonomia_km","faltan campos obligatorios: marca, tipo_bateria, autonomia_km",faltan_campos,https://www.revolico.com/search?q=e-bike&page=3,https://www.revolico.com/item/bicicleta-26-57580600
56641292,Bicicleta 26,190.0,USD,La Habana,Centro Habana,"marca, tipo_bateria, autonomia_km","faltan campos obligatorios: marca, tipo_bateria, autonomia_km",faltan_campos,https://www.revolico.com/search?q=e-bike&page=3,https://www.revolico.com/item/bicicleta-26-56641292
56315042,Bicicleta 26,190.0,USD,La Habana,Centro Habana,"marca, tipo_bateria, autonomia_km","faltan campos obligatorios: marca, tipo_bateria, autonomia_km",faltan_campos,https://www.revolico.com/search?q=e-bike&page=3,https://www.revolico.com/item/bicicleta-26-56315042
54581321,Bicicleta 26,170.0,USD,La Habana,Playa,"marca, tipo_bateria, autonomia_km","faltan campos obligatorios: marca, tipo_bateria, autonomia_km",faltan_campos,https://www.revolico.com/search?q=e-bike&page=4,https://www.revolico.com/item/bicicleta-26-54581321
57360189,"Bicicleta 26 MTB Myniao 7 Vel Acero Con Timbre, Myniao 26 Bicicleta MTB 7 Vel Azul V-Brake .",170.0,USD,La Habana,Centro Habana,"marca, tipo_bateria, autonomia_km","faltan campos obligatorios: marca, tipo_bateria, autonomia_km",faltan_campos,https://www.revolico.com/search?q=e-bike&page=4,https://www.revolico.com/item/bicicleta-26-mtb-myniao-7-vel-acero-con-timbre-myniao-26-bicicleta-mtb-7-vel-azul-v-brake-57360189
56985675,Bicicleta 26 Silver Bike,200.0,USD,La Habana,Arroyo Naranjo,"marca, tipo_bateria, autonomia_km","faltan campos obligatorios: marca, tipo_bateria, autonomia_km",faltan_campos,https://www.revolico.com/search?q=e-bike&page=1,https://www.revolico.com/item/bicicleta-26-silver-bike-56985675
56324461,Bicicleta 26 super Bike,190.0,USD,La Habana,Centro Habana,"marca, tipo_bateria, autonomia_km","faltan campos obligatorios: marca, tipo_bateria, autonomia_km",faltan_campos,https://www.revolico.com/search?q=e-bike&page=1,https://www.revolico.com/item/bicicleta-26-super-bike-56324461
56669833,Bicicleta 26 vcfg,210.0,USD,Cienfuegos,Cienfuegos,"marca, tipo_bateria, autonomia_km","faltan campos obligatorios: marca, tipo_bateria, autonomia_km",faltan_campos,https://www.revolico.com/search?q=e-bike&page=3,https://www.revolico.com/item/bicicleta-26-vcfg-56669833
57217976,"Bicicleta 26""",170.0,USD,La Habana,Plaza,"marca, tipo_bateria, autonomia_km","faltan campos obligatorios: marca, tipo_bateria, autonomia_km",faltan_campos,https://www.revolico.com/search?q=e-bike&page=4,https://www.revolico.com/item/bicicleta-26-57217976
57555701,"Bicicleta 26"" .",170.0,USD,La Habana,Plaza,"marca, tipo_bateria, autonomia_km","faltan campos obligatorios: marca, tipo_bateria, autonomia_km",faltan_campos,https://www.revolico.com/search?q=e-bike&page=4,https://www.revolico.com/item/bicicleta-26-57555701
57647347,"Bicicleta 26"" .",170.0,USD,La Habana,Centro Habana,"marca, tipo_bateria, autonomia_km","faltan campos obligatorios: marca, tipo_bateria, autonomia_km",faltan_campos,https://www.revolico.com/search?q=e-bike&page=4,https://www.revolico.com/item/bicicleta-26-57647347
57236535,"Bicicleta 26"" .",170.0,USD,La Habana,Centro Habana,"marca, tipo_bateria, autonomia_km","faltan campos obligatorios: marca, tipo_bateria, autonomia_km",faltan_campos,https://www.revolico.com/search?q=e-bike&page=5,https://www.revolico.com/item/bicicleta-26-57236535
57179170,Bicicleta BMX,100.0,USD,La Habana,Playa,"marca, tipo_bateria, autonomia_km","faltan campos obligatorios: marca, tipo_bateria, autonomia_km",faltan_campos,https://www.revolico.com/search?q=e-bike&page=3,https://www.revolico.com/item/bicicleta-bmx-57179170
57680290,Bicicleta Caribean Bike.60 US.necesita reparar frenos y falta sillín te.50407267,60.0,USD,La Habana,Plaza,"marca, tipo_bateria, autonomia_km","faltan campos obligatorios: marca, tipo_bateria, autonomia_km",faltan_campos,https://www.revolico.com/search?q=e-bike&page=1,https://www.revolico.com/item/bicicleta-caribean-bike60-usnecesita-reparar-frenos-y-falta-sillin-te50407267-57680290
57509940,Bicicleta E Bike Sport,550.0,USD,La Habana,Cerro,"marca, tipo_bateria, autonomia_km","faltan campos obligatorios: marca, tipo_bateria, autonomia_km",faltan_campos,https://www.revolico.com/search?q=e-bike&page=1,https://www.revolico.com/item/bicicleta-e-bike-sport-57509940
57681620,Bicicleta Electrica,470.0,USD,La Habana,Plaza,"marca, tipo_bateria, autonomia_km","faltan campos obligatorios: marca, tipo_bateria, autonomia_km",faltan_campos,https://www.revolico.com/search?q=bicicleta+electrica&page=1,https://www.revolico.com/item/bicicleta-electrica-57681620
57679674,Bicicleta Electrica,480.0,USD,La Habana,Plaza,"marca, tipo_bateria, autonomia_km","faltan campos obligatorios: marca, tipo_bateria, autonomia_km",faltan_campos,https://www.revolico.com/search?q=bicicleta+electrica&page=1,https://www.revolico.com/item/bicicleta-electrica-57679674
57594482,Bicicleta Electrica,570.0,USD,La Habana,Cerro,"marca, tipo_bateria, autonomia_km","faltan campos obligatorios: marca, tipo_bateria, autonomia_km",faltan_campos,https://www.revolico.com/search?q=bicicleta+electrica&page=1,https://www.revolico.com/item/bicicleta-electrica-57594482
57534397,Bicicleta Electrica,790.0,USD,Matanzas,Colón,"marca, tipo_bateria, autonomia_km","faltan campos obligatorios: marca, tipo_bateria, autonomia_km",faltan_campos,https://www.revolico.com/search?q=bicicleta+electrica&page=1,https://www.revolico.com/item/bicicleta-electrica-57534397
57397247,Bicicleta Electrica,1000.0,USD,La Habana,Habana del Este,"marca, tipo_bateria, autonomia_km","faltan campos obligatorios: marca, tipo_bateria, autonomia_km",faltan_campos,https://www.revolico.com/search?q=bicicleta+electrica&page=2,https://www.revolico.com/item/bicicleta-electrica-57397247
57318955,Bicicleta Electrica,590.0,USD,La Habana,Centro Habana,"marca, tipo_bateria, autonomia_km","faltan campos obligatorios: marca, tipo_bateria, autonomia_km",faltan_campos,https://www.revolico.com/search?q=bicicleta+electrica&page=2,https://www.revolico.com/item/bicicleta-electrica-57318955
57306290,Bicicleta Electrica,1.8,USD,La Habana,Diez de Octubre,"marca, tipo_bateria, autonomia_km","faltan campos obligatorios: marca, tipo_bateria, autonomia_km",faltan_campos,https://www.revolico.com/search?q=bicicleta+electrica&page=2,https://www.revolico.com/item/bicicleta-electrica-57306290
57305723,Bicicleta Electrica,1800.0,USD,La Habana,Diez de Octubre,"marca, tipo_bateria, autonomia_km","faltan campos obligatorios: marca, tipo_bateria, autonomia_km",faltan_campos,https://www.revolico.com/search?q=bicicleta+electrica&page=2,https://www.revolico.com/item/bicicleta-electrica-57305723
57305659,Bicicleta Electrica,1800.0,USD,La Habana,Diez de Octubre,"marca, tipo_bateria, autonomia_km","faltan campos obligatorios: marca, tipo_bateria, autonomia_km",faltan_campos,https://www.revolico.com/search?q=bicicleta+electrica&page=2,https://www.revolico.com/item/bicicleta-electrica-57305659
57222679,Bicicleta Electrica,520.0,USD,La Habana,Centro Habana,"marca, tipo_bateria, autonomia_km","faltan campos obligatorios: marca, tipo_bateria, autonomia_km",faltan_campos,https://www.revolico.com/search?q=bicicleta+electrica&page=3,https://www.revolico.com/item/bicicleta-electrica-57222679
57180312,Bicicleta Electrica,590.0,USD,La Habana,Playa,"marca, tipo_bateria, autonomia_km","faltan campos obligatorios: marca, tipo_bateria, autonomia_km",faltan_campos,https://www.revolico.com/search?q=bicicleta+electrica&page=3,https://www.revolico.com/item/bicicleta-electrica-57180312
56411961,Bicicleta Electrica,600.0,USD,La Habana,Cerro,"marca, tipo_bateria, autonomia_km","faltan campos obligatorios: marca, tipo_bateria, autonomia_km",faltan_campos,https://www.revolico.com/search?q=bicicleta+electrica&page=5,https://www.revolico.com/item/bicicleta-electrica-56411961
56399449,Bicicleta Electrica,520.0,USD,La Habana,Centro Habana,"marca, tipo_bateria, autonomia_km","faltan campos obligatorios: marca, tipo_bateria, autonomia_km",faltan_campos,https://www.revolico.com/search?q=bicicleta+electrica&page=5,https://www.revolico.com/item/bicicleta-electrica-56399449
57669569,Bicicleta Electrica (Envio Gratis),900.0,USD,La Habana,Playa,"marca, tipo_bateria, autonomia_km","faltan campos obligatorios: marca, tipo_bateria, autonomia_km",faltan_campos,https://www.revolico.com/search?q=bicicleta+electrica&page=6,https://www.revolico.com/item/bicicleta-electrica-envio-gratis-57669569
57116431,Bicicleta Electrica / Bicimoto / Moto Electrica,1.0,USD,La Habana,Diez de Octubre,"marca, tipo_bateria, autonomia_km","faltan campos obligatorios: marca, tipo_bateria, autonomia_km",faltan_campos,https://www.revolico.com/search?q=bicimoto+electrica&page=4,https://www.revolico.com/item/bicicleta-electrica-bicimoto-moto-electrica-57116431
57560919,Bicicleta Electrica G29,1200.0,USD,La Habana,Plaza,"marca, tipo_bateria, autonomia_km","faltan campos obligatorios: marca, tipo_bateria, autonomia_km",faltan_campos,https://www.revolico.com/search?q=bicicleta+electrica&page=7,https://www.revolico.com/item/bicicleta-electrica-g29-57560919
56453700,Bicicleta Electrica G29,1170.0,USD,La Habana,Diez de Octubre,"marca, tipo_bateria, autonomia_km","faltan campos obligatorios: marca, tipo_bateria, autonomia_km",faltan_campos,https://www.revolico.com/search?q=e-bike&page=4,https://www.revolico.com/item/bicicleta-electrica-g29-56453700
57576479,Bicicleta Electrica Kickwey DL 20,800.0,USD,La Habana,Playa,"marca, tipo_bateria, autonomia_km","faltan campos obligatorios: marca, tipo_bateria, autonomia_km",faltan_campos,https://www.revolico.com/search?q=bicicleta+electrica&page=7,https://www.revolico.com/item/bicicleta-electrica-kickwey-dl-20-57576479
57004198,Bicicleta Electrica T1 14 inch E- Bike.,580.0,USD,La Habana,Habana del Este,"marca, tipo_bateria, autonomia_km","faltan campos obligatorios: marca, tipo_bateria, autonomia_km",faltan_campos,https://www.revolico.com/search?q=e-bike&page=2,https://www.revolico.com/item/bicicleta-electrica-t1-14-inch-e-bike-57004198
56871574,Bicicleta Electrica T1 14 inch E-Bike Precio: 560 USD 1 mes de garantía.,560.0,USD,La Habana,Playa,"marca, tipo_bateria, autonomia_km","faltan campos obligatorios: marca, tipo_bateria, autonomia_km",faltan_campos,https://www.revolico.com/search?q=e-bike&page=2,https://www.revolico.com/item/bicicleta-electrica-t1-14-inch-e-bike-precio-560-usd-1-mes-de-garantia-56871574
57477353,Bicicleta Electrica T16 Ganga,770.0,USD,La Habana,Plaza,"marca, tipo_bateria, autonomia_km","faltan campos obligatorios: marca, tipo_bateria, autonomia_km",faltan_campos,https://www.revolico.com/search?q=bicicleta+electrica&page=9,https://www.revolico.com/item/bicicleta-electrica-plegable-57477353
57546572,Bicicleta Electrica TST X6 750W,1180.0,USD,La Habana,Centro Habana,"marca, tipo_bateria, autonomia_km","faltan campos obligatorios: marca, tipo_bateria, autonomia_km",faltan_campos,https://www.revolico.com/search?q=bicicleta+electrica&page=8,https://www.revolico.com/item/bicicleta-electrica-tst-x6-750w-57546572
57619201,Bicicleta Electrica YESELF,570.0,USD,La Habana,Centro Habana,"marca, tipo_bateria, autonomia_km","faltan campos obligatorios: marca, tipo_bateria, autonomia_km",faltan_campos,https://www.revolico.com/search?q=bicicleta+electrica&page=7,https://www.revolico.com/item/bicicleta-electrica-yeself-57619201
57502568,Bicicleta Electrica plegable K1 Max,450.0,USD,La Habana,Cotorro,"marca, tipo_bateria, autonomia_km","faltan campos obligatorios: marca, tipo_bateria, autonomia_km",faltan_campos,https://www.revolico.com/search?q=bicicleta+electrica&page=8,https://www.revolico.com/item/bicicleta-electrica-plegable-k1-max-57502568
56244316,Bicicleta Electrica.,1111111111111111.0,USD,La Habana,Playa,"marca, tipo_bateria, autonomia_km","faltan campos obligatorios: marca, tipo_bateria, autonomia_km",faltan_campos,https://www.revolico.com/search?q=bicicleta+electrica&page=5,https://www.revolico.com/item/bicicleta-electrica-56244316
57042372,Bicicleta Eléctrica,970.0,USD,La Habana,Plaza,"marca, tipo_bateria, autonomia_km","faltan campos obligatorios: marca, tipo_bateria, autonomia_km",faltan_campos,https://www.revolico.com/search?q=bici+electrica&page=2,https://www.revolico.com/item/bicicleta-electrica-57042372
56675063,Bicicleta Eléctrica,480.0,USD,La Habana,Centro Habana,"marca, tipo_bateria, autonomia_km","faltan campos obligatorios: marca, tipo_bateria, autonomia_km",faltan_campos,https://www.revolico.com/search?q=bici+electrica&page=2,https://www.revolico.com/item/bicicleta-electrica-56675063
56407231,Bicicleta Eléctrica,695.0,USD,La Habana,Marianao,"marca, tipo_bateria, autonomia_km","faltan campos obligatorios: marca, tipo_bateria, autonomia_km",faltan_campos,https://www.revolico.com/search?q=bici+electrica&page=2,https://www.revolico.com/item/bicicleta-electrica-56407231
57681535,Bicicleta Eléctrica,590.0,USD,La Habana,Plaza,"marca, tipo_bateria, autonomia_km","faltan campos obligatorios: marca, tipo_bateria, autonomia_km",faltan_campos,https://www.revolico.com/search?q=bicicleta+electrica&page=1,https://www.revolico.com/item/bicicleta-electrica-57681535
57663606,Bicicleta Eléctrica,650.0,USD,La Habana,San Miguel del Padrón,"marca, tipo_bateria, autonomia_km","faltan campos obligatorios: marca, tipo_bateria, autonomia_km",faltan_campos,https://www.revolico.com/search?q=bicicleta+electrica&page=1,https://www.revolico.com/item/bicicleta-electrica-57663606
57643391,Bicicleta Eléctrica,1200.0,USD,La Habana,Cotorro,"marca, tipo_bateria, autonomia_km","faltan campos obligatorios: marca, tipo_bateria, autonomia_km",faltan_campos,https://www.revolico.com/search?q=bicicleta+electrica&page=1,https://www.revolico.com/item/bicicleta-electrica-57643391
57636459,Bicicleta Eléctrica,590.0,USD,La Habana,Arroyo Naranjo,"marca, tipo_bateria, autonomia_km","faltan campos obligatorios: marca, tipo_bateria, autonomia_km",faltan_campos,https://www.revolico.com/search?q=bicicleta+electrica&page=1,https://www.revolico.com/item/bicicleta-electrica-57636459
57579578,Bicicleta Eléctrica,650.0,USD,La Habana,Cerro,"marca, tipo_bateria, autonomia_km","faltan campos obligatorios: marca, tipo_bateria, autonomia_km",faltan_campos,https://www.revolico.com/search?q=bicicleta+electrica&page=1,https://www.revolico.com/item/bicicleta-electrica-57579578
57573691,Bicicleta Eléctrica,590.0,USD,La Habana,Habana Vieja,"marca, tipo_bateria, autonomia_km","faltan campos obligatorios: marca, tipo_bateria, autonomia_km",faltan_campos,https://www.revolico.com/search?q=bicicleta+electrica&page=1,https://www.revolico.com/item/bicicleta-electrica-57573691
57547335,Bicicleta Eléctrica,700.0,USD,La Habana,Cotorro,"marca, tipo_bateria, autonomia_km","faltan campos obligatorios: marca, tipo_bateria, autonomia_km",faltan_campos,https://www.revolico.com/search?q=bicicleta+electrica&page=1,https://www.revolico.com/item/bicicleta-electrica-57547335
57521700,Bicicleta Eléctrica,590.0,USD,La Habana,Habana Vieja,"marca, tipo_bateria, autonomia_km","faltan campos obligatorios: marca, tipo_bateria, autonomia_km",faltan_campos,https://www.revolico.com/search?q=bicicleta+electrica&page=2,https://www.revolico.com/item/bicicleta-electrica-57521700
57518164,Bicicleta Eléctrica,520.0,USD,Matanzas,Cárdenas,"marca, tipo_bateria, autonomia_km","faltan campos obligatorios: marca, tipo_bateria, autonomia_km",faltan_campos,https://www.revolico.com/search?q=bicicleta+electrica&page=2,https://www.revolico.com/item/bicicleta-electrica-57518164
57509647,Bicicleta Eléctrica,980.0,USD,La Habana,Centro Habana,"marca, tipo_bateria, autonomia_km","faltan campos obligatorios: marca, tipo_bateria, autonomia_km",faltan_campos,https://www.revolico.com/search?q=bicicleta+electrica&page=2,https://www.revolico.com/item/bicicleta-electrica-57509647
57438869,Bicicleta Eléctrica,520.0,USD,La Habana,Playa,"marca, tipo_bateria, autonomia_km","faltan campos obligatorios: marca, tipo_bateria, autonomia_km",faltan_campos,https://www.revolico.com/search?q=bicicleta+electrica&page=2,https://www.revolico.com/item/bicicleta-electrica-57438869
57389587,Bicicleta Eléctrica,440.0,USD,La Habana,Plaza,"marca, tipo_bateria, autonomia_km","faltan campos obligatorios: marca, tipo_bateria, autonomia_km",faltan_campos,https://www.revolico.com/search?q=bicicleta+electrica&page=2,https://www.revolico.com/item/bicicleta-electrica-57389587
57330168,Bicicleta Eléctrica,590.0,USD,La Habana,La Lisa,"marca, tipo_bateria, autonomia_km","faltan campos obligatorios: marca, tipo_bateria, autonomia_km",faltan_campos,https://www.revolico.com/search?q=bicicleta+electrica&page=2,https://www.revolico.com/item/bicicleta-electrica-57330168
57315717,Bicicleta Eléctrica,600.0,USD,La Habana,Playa,"marca, tipo_bateria, autonomia_km","faltan campos obligatorios: marca, tipo_bateria, autonomia_km",faltan_campos,https://www.revolico.com/search?q=bicicleta+electrica&page=2,https://www.revolico.com/item/bicicleta-electrica-57315717
57302998,Bicicleta Eléctrica,500.0,USD,La Habana,Playa,"marca, tipo_bateria, autonomia_km","faltan campos obligatorios: marca, tipo_bateria, autonomia_km",faltan_campos,https://www.revolico.com/search?q=bicicleta+electrica&page=2,https://www.revolico.com/item/bicicleta-electrica-57302998
57285402,Bicicleta Eléctrica,1240.0,USD,La Habana,Centro Habana,"marca, tipo_bateria, autonomia_km","faltan campos obligatorios: marca, tipo_bateria, autonomia_km",faltan_campos,https://www.revolico.com/search?q=bicicleta+electrica&page=2,https://www.revolico.com/item/bicicleta-electrica-57285402
57256787,Bicicleta Eléctrica,500.0,USD,La Habana,Habana Vieja,"marca, tipo_bateria, autonomia_km","faltan campos obligatorios: marca, tipo_bateria, autonomia_km",faltan_campos,https://www.revolico.com/search?q=bicicleta+electrica&page=2,https://www.revolico.com/item/bicicleta-electrica-57256787
57256791,Bicicleta Eléctrica,500.0,USD,La Habana,Habana Vieja,"marca, tipo_bateria, autonomia_km","faltan campos obligatorios: marca, tipo_bateria, autonomia_km",faltan_campos,https://www.revolico.com/search?q=bicicleta+electrica&page=2,https://www.revolico.com/item/bicicleta-electrica-57256791
57242199,Bicicleta Eléctrica,550.0,USD,La Habana,Centro Habana,"marca, tipo_bateria, autonomia_km","faltan campos obligatorios: marca, tipo_bateria, autonomia_km",faltan_campos,https://www.revolico.com/search?q=bicicleta+electrica&page=2,https://www.revolico.com/item/bicicleta-electrica-57242199
57196961,Bicicleta Eléctrica,490.0,USD,La Habana,Plaza,"marca, tipo_bateria, autonomia_km","faltan campos obligatorios: marca, tipo_bateria, autonomia_km",faltan_campos,https://www.revolico.com/search?q=bicicleta+electrica&page=3,https://www.revolico.com/item/bicicleta-electrica-57196961
57184593,Bicicleta Eléctrica,550.0,USD,La Habana,Playa,"marca, tipo_bateria, autonomia_km","faltan campos obligatorios: marca, tipo_bateria, autonomia_km",faltan_campos,https://www.revolico.com/search?q=bicicleta+electrica&page=3,https://www.revolico.com/item/bicicleta-electrica-57184593
57176620,Bicicleta Eléctrica,890.0,USD,La Habana,Centro Habana,"marca, tipo_bateria, autonomia_km","faltan campos obligatorios: marca, tipo_bateria, autonomia_km",faltan_campos,https://www.revolico.com/search?q=bicicleta+electrica&page=3,https://www.revolico.com/item/bicicleta-electrica-57176620
57139177,Bicicleta Eléctrica,500.0,USD,La Habana,Centro Habana,"marca, tipo_bateria, autonomia_km","faltan campos obligatorios: marca, tipo_bateria, autonomia_km",faltan_campos,https://www.revolico.com/search?q=bicicleta+electrica&page=3,https://www.revolico.com/item/bicicleta-electrica-57139177
57125763,Bicicleta Eléctrica,590.0,USD,La Habana,Diez de Octubre,"marca, tipo_bateria, autonomia_km","faltan campos obligatorios: marca, tipo_bateria, autonomia_km",faltan_campos,https://www.revolico.com/search?q=bicicleta+electrica&page=3,https://www.revolico.com/item/bicicleta-electrica-57125763
57025781,Bicicleta Eléctrica,550.0,USD,La Habana,San Miguel del Padrón,"marca, tipo_bateria, autonomia_km","faltan campos obligatorios: marca, tipo_bateria, autonomia_km",faltan_campos,https://www.revolico.com/search?q=bicicleta+electrica&page=3,https://www.revolico.com/item/bicicleta-electrica-57025781
57015599,Bicicleta Eléctrica,550.0,USD,La Habana,Arroyo Naranjo,"marca, tipo_bateria, autonomia_km","faltan campos obligatorios: marca, tipo_bateria, autonomia_km",faltan_campos,https://www.revolico.com/search?q=bicicleta+electrica&page=3,https://www.revolico.com/item/bicicleta-electrica-57015599
56941294,Bicicleta Eléctrica,550.0,USD,La Habana,Boyeros,"marca, tipo_bateria, autonomia_km","faltan campos obligatorios: marca, tipo_bateria, autonomia_km",faltan_campos,https://www.revolico.com/search?q=bicicleta+electrica&page=3,https://www.revolico.com/item/bicicleta-electrica-56941294
56891244,Bicicleta Eléctrica,590.0,USD,La Habana,Playa,"marca, tipo_bateria, autonomia_km","faltan campos obligatorios: marca, tipo_bateria, autonomia_km",faltan_campos,https://www.revolico.com/search?q=bicicleta+electrica&page=4,https://www.revolico.com/item/bicicleta-electrica-56891244
56848707,Bicicleta Eléctrica,520.0,USD,La Habana,Centro Habana,"marca, tipo_bateria, autonomia_km","faltan campos obligatorios: marca, tipo_bateria, autonomia_km",faltan_campos,https://www.revolico.com/search?q=bicicleta+electrica&page=4,https://www.revolico.com/item/bicicleta-electrica-56848707
56848677,Bicicleta Eléctrica,530.0,USD,La Habana,Centro Habana,"marca, tipo_bateria, autonomia_km","faltan campos obligatorios: marca, tipo_bateria, autonomia_km",faltan_campos,https://www.revolico.com/search?q=bicicleta+electrica&page=4,https://www.revolico.com/item/bicicleta-electrica-56848677
56842914,Bicicleta Eléctrica,570.0,USD,La Habana,Centro Habana,"marca, tipo_bateria, autonomia_km","faltan campos obligatorios: marca, tipo_bateria, autonomia_km",faltan_campos,https://www.revolico.com/search?q=bicicleta+electrica&page=4,https://www.revolico.com/item/bicicleta-electrica-56842914
56822591,Bicicleta Eléctrica,530.0,USD,La Habana,Centro Habana,"marca, tipo_bateria, autonomia_km","faltan campos obligatorios: marca, tipo_bateria, autonomia_km",faltan_campos,https://www.revolico.com/search?q=bicicleta+electrica&page=4,https://www.revolico.com/item/bicicleta-electrica-56822591
56806426,Bicicleta Eléctrica,490.0,USD,La Habana,Centro Habana,"marca, tipo_bateria, autonomia_km","faltan campos obligatorios: marca, tipo_bateria, autonomia_km",faltan_campos,https://www.revolico.com/search?q=bicicleta+electrica&page=4,https://www.revolico.com/item/bicicleta-electrica-56806426
56672958,Bicicleta Eléctrica,920.0,USD,La Habana,Plaza,"marca, tipo_bateria, autonomia_km","faltan campos obligatorios: marca, tipo_bateria, autonomia_km",faltan_campos,https://www.revolico.com/search?q=bicicleta+electrica&page=4,https://www.revolico.com/item/bicicleta-electrica-56672958
56633288,Bicicleta Eléctrica,450.0,USD,La Habana,Habana Vieja,"marca, tipo_bateria, autonomia_km","faltan campos obligatorios: marca, tipo_bateria, autonomia_km",faltan_campos,https://www.revolico.com/search?q=bicicleta+electrica&page=5,https://www.revolico.com/item/bicicleta-electrica-56633288
56602834,Bicicleta Eléctrica,600.0,USD,La Habana,Plaza,"marca, tipo_bateria, autonomia_km","faltan campos obligatorios: marca, tipo_bateria, autonomia_km",faltan_campos,https://www.revolico.com/search?q=bicicleta+electrica&page=5,https://www.revolico.com/item/bicicleta-electrica-56602834
56588190,Bicicleta Eléctrica,590.0,USD,La Habana,Playa,"marca, tipo_bateria, autonomia_km","faltan campos obligatorios: marca, tipo_bateria, autonomia_km",faltan_campos,https://www.revolico.com/search?q=bicicleta+electrica&page=5,https://www.revolico.com/item/bicicleta-electrica-56588190
56578803,Bicicleta Eléctrica,500.0,USD,Artemisa,Artemisa,"marca, tipo_bateria, autonomia_km","faltan campos obligatorios: marca, tipo_bateria, autonomia_km",faltan_campos,https://www.revolico.com/search?q=bicicleta+electrica&page=5,https://www.revolico.com/item/bicicleta-electrica-56578803
56549632,Bicicleta Eléctrica,2100.0,USD,La Habana,Centro Habana,"marca, tipo_bateria, autonomia_km","faltan campos obligatorios: marca, tipo_bateria, autonomia_km",faltan_campos,https://www.revolico.com/search?q=bicicleta+electrica&page=5,https://www.revolico.com/item/bicicleta-electrica-56549632
56533788,Bicicleta Eléctrica,520.0,USD,La Habana,San Miguel del Padrón,"marca, tipo_bateria, autonomia_km","faltan campos obligatorios: marca, tipo_bateria, autonomia_km",faltan_campos,https://www.revolico.com/search?q=bicicleta+electrica&page=5,https://www.revolico.com/item/bicicleta-electrica-56533788
56307759,Bicicleta Eléctrica,1100.0,USD,La Habana,Habana Vieja,"marca, tipo_bateria, autonomia_km","faltan campos obligatorios: marca, tipo_bateria, autonomia_km",faltan_campos,https://www.revolico.com/search?q=bicicleta+electrica&page=5,https://www.revolico.com/item/bicicleta-electrica-56307759
56199039,Bicicleta Eléctrica,540.0,USD,Matanzas,Cárdenas,"marca, tipo_bateria, autonomia_km","faltan campos obligatorios: marca, tipo_bateria, autonomia_km",faltan_campos,https://www.revolico.com/search?q=bicicleta+electrica&page=5,https://www.revolico.com/item/bicicleta-electrica-56199039
56115839,Bicicleta Eléctrica,850.0,USD,Santiago de Cuba,Santiago de Cuba,"marca, tipo_bateria, autonomia_km","faltan campos obligatorios: marca, tipo_bateria, autonomia_km",faltan_campos,https://www.revolico.com/search?q=bicicleta+electrica&page=5,https://www.revolico.com/item/bicicleta-electrica-56115839
56093867,Bicicleta Eléctrica,595.0,USD,La Habana,Plaza,"marca, tipo_bateria, autonomia_km","faltan campos obligatorios: marca, tipo_bateria, autonomia_km",faltan_campos,https://www.revolico.com/search?q=bicicleta+electrica&page=5,https://www.revolico.com/item/bicicleta-electrica-56093867
57612972,Bicicleta Eléctrica ( autonomía 22-40 ),650.0,USD,La Habana,Centro Habana,"marca, tipo_bateria, autonomia_km","faltan campos obligatorios: marca, tipo_bateria, autonomia_km",faltan_campos,https://www.revolico.com/search?q=bicicleta+electrica&page=7,https://www.revolico.com/item/bicicleta-electrica-autonomia-22-40-57612972
57612878,Bicicleta Eléctrica ( autonomía 22-40 millas ),650.0,USD,La Habana,Centro Habana,"marca, tipo_bateria, autonomia_km","faltan campos obligatorios: marca, tipo_bateria, autonomia_km",faltan_campos,https://www.revolico.com/search?q=bicicleta+electrica&page=7,https://www.revolico.com/item/bicicleta-electrica-autonomia-22-40-millas-57612878
56786753,Bicicleta Eléctrica / Bicimoto eléctrica,1100.0,USD,La Habana,Arroyo Naranjo,"marca, tipo_bateria, autonomia_km","faltan campos obligatorios: marca, tipo_bateria, autonomia_km",faltan_campos,https://www.revolico.com/search?q=bicimoto+electrica&page=4,https://www.revolico.com/item/bicicleta-electrica-bicimoto-electrica-56786753
57649446,"Bicicleta Eléctrica 14""",480.0,USD,La Habana,Centro Habana,"marca, tipo_bateria, autonomia_km","faltan campos obligatorios: marca, tipo_bateria, autonomia_km",faltan_campos,https://www.revolico.com/search?q=bicicleta+electrica&page=6,https://www.revolico.com/item/bicicleta-electrica-14-57649446
57601887,Bicicleta Eléctrica 4209 D2 🚲 720 USD,720.0,USD,La Habana,Plaza,"marca, tipo_bateria, autonomia_km","faltan campos obligatorios: marca, tipo_bateria, autonomia_km",faltan_campos,https://www.revolico.com/search?q=bicicleta+electrica&page=7,https://www.revolico.com/item/bicicleta-electrica-4209-d2-720-usd-57601887
57621810,Bicicleta Eléctrica 480 USD,480.0,USD,La Habana,Centro Habana,"marca, tipo_bateria, autonomia_km","faltan campos obligatorios: marca, tipo_bateria, autonomia_km",faltan_campos,https://www.revolico.com/search?q=bicicleta+electrica&page=6,https://www.revolico.com/item/bicicleta-electrica-480-usd-57621810
57471337,Bicicleta Eléctrica 750w-1500w,1180.0,USD,La Habana,Diez de Octubre,"marca, tipo_bateria, autonomia_km","faltan campos obligatorios: marca, tipo_bateria, autonomia_km",faltan_campos,https://www.revolico.com/search?q=bicicleta+electrica&page=9,https://www.revolico.com/item/bicicleta-electrica-750w-1500w-57471337
57420868,Bicicleta Eléctrica AURA STORE,850.0,USD,La Habana,Arroyo Naranjo,"marca, tipo_bateria, autonomia_km","faltan campos obligatorios: marca, tipo_bateria, autonomia_km",faltan_campos,https://www.revolico.com/search?q=bicicleta+electrica&page=9,https://www.revolico.com/item/bicicleta-electrica-aura-store-57420868
57685110,Bicicleta Eléctrica Askmy,590.0,USD,La Habana,Playa,"marca, tipo_bateria, autonomia_km","faltan campos obligatorios: marca, tipo_bateria, autonomia_km",faltan_campos,https://www.revolico.com/search?q=bicicleta+electrica&page=6,https://www.revolico.com/item/bicicleta-electrica-askmy-57685110
57682216,Bicicleta Eléctrica Askmy,590.0,USD,La Habana,Centro Habana,"marca, tipo_bateria, autonomia_km","faltan campos obligatorios: marca, tipo_bateria, autonomia_km",faltan_campos,https://www.revolico.com/search?q=bicicleta+electrica&page=6,https://www.revolico.com/item/bicicleta-electrica-askmy-57682216
57685285,Bicicleta Eléctrica Askmy*,590.0,USD,La Habana,Boyeros,"marca, tipo_bateria, autonomia_km","faltan campos obligatorios: marca, tipo_bateria, autonomia_km",faltan_campos,https://www.revolico.com/search?q=bicicleta+electrica&page=6,https://www.revolico.com/item/bicicleta-electrica-askmy-57685285
57519417,Bicicleta Eléctrica BEVOMECON,620.0,USD,La Habana,Playa,"marca, tipo_bateria, autonomia_km","faltan campos obligatorios: marca, tipo_bateria, autonomia_km",faltan_campos,https://www.revolico.com/search?q=bicicleta+electrica&page=8,https://www.revolico.com/item/bicicleta-electrica-bevomecon-57519417
57527832,Bicicleta Eléctrica BEVOMECON venta habana,670.0,USD,La Habana,Centro Habana,"marca, tipo_bateria, autonomia_km","faltan campos obligatorios: marca, tipo_bateria, autonomia_km",faltan_campos,https://www.revolico.com/search?q=bicicleta+electrica&page=8,https://www.revolico.com/item/bicicleta-electrica-bevomecon-venta-habana-57527832
57509372,Bicicleta Eléctrica BEVOMECON🇮🇱,630.0,USD,La Habana,Plaza,"marca, tipo_bateria, autonomia_km","faltan campos obligatorios: marca, tipo_bateria, autonomia_km",faltan_campos,https://www.revolico.com/search?q=bicicleta+electrica&page=8,https://www.revolico.com/item/bicicleta-electrica-bevomecon-57509372
57418343,Bicicleta Eléctrica Ebike,600.0,USD,La Habana,Centro Habana,"marca, tipo_bateria, autonomia_km","faltan campos obligatorios: marca, tipo_bateria, autonomia_km",faltan_campos,https://www.revolico.com/search?q=bicicleta+electrica&page=9,https://www.revolico.com/item/bicicleta-electrica-ebike-57418343
57269423,Bicicleta Eléctrica Ebike TST R002,1200.0,USD,La Habana,Plaza,"marca, tipo_bateria, autonomia_km","faltan campos obligatorios: marca, tipo_bateria, autonomia_km",faltan_campos,https://www.revolico.com/search?q=e-bike&page=3,https://www.revolico.com/item/bicicleta-electrica-ebike-tst-r002-57269423
56539680,Bicicleta Eléctrica G29,1160.0,USD,La Habana,Diez de Octubre,"marca, tipo_bateria, autonomia_km","faltan campos obligatorios: marca, tipo_bateria, autonomia_km",faltan_campos,https://www.revolico.com/search?q=e-bike&page=4,https://www.revolico.com/item/bicicleta-electrica-g29-56539680
56545405,Bicicleta Eléctrica G29 1000W 2500W Peak 48V 25Ah 26 Fat Tire,1160.0,USD,La Habana,Habana Vieja,"marca, tipo_bateria, autonomia_km","faltan campos obligatorios: marca, tipo_bateria, autonomia_km",faltan_campos,https://www.revolico.com/search?q=e-bike&page=4,https://www.revolico.com/item/bicicleta-electrica-g29-1000w-2500w-peak-48v-25ah-26-fat-tire-56545405
57541655,Bicicleta Eléctrica G29 1000W 2500W Peak 48V 25Ah 26 Fat Tire Negr,1170.0,USD,La Habana,Plaza,"marca, tipo_bateria, autonomia_km","faltan campos obligatorios: marca, tipo_bateria, autonomia_km",faltan_campos,https://www.revolico.com/search?q=bicicleta+electrica&page=8,https://www.revolico.com/item/bicicleta-electrica-g29-1000w-2500w-peak-48v-25ah-26-fat-tire-negr-57541655
57569605,Bicicleta Eléctrica G29 1000W 2500W Peak 48V 25Ah 26 Fat Tire Negro,1200.0,USD,La Habana,Plaza,"marca, tipo_bateria, autonomia_km","faltan campos obligatorios: marca, tipo_bateria, autonomia_km",faltan_campos,https://www.revolico.com/search?q=bicicleta+electrica&page=7,https://www.revolico.com/item/bicicleta-electrica-g29-1000w-2500w-peak-48v-25ah-26-fat-tire-negro-57569605
57384740,Bicicleta Eléctrica G29 1000W 2500W Peak 48V 25Ah 26 Fat Tire Negro,1170.0,USD,La Habana,Marianao,"marca, tipo_bateria, autonomia_km","faltan campos obligatorios: marca, tipo_bateria, autonomia_km",faltan_campos,https://www.revolico.com/search?q=bicicleta+electrica&page=10,https://www.revolico.com/item/bicicleta-electrica-g29-1000w-2500w-peak-48v-25ah-26-fat-tire-negro-57384740
56900783,Bicicleta Eléctrica G29 1000W 2500W Peak 48V 25Ah 26 Fat Tire Negro,1170.0,USD,La Habana,Playa,"marca, tipo_bateria, autonomia_km","faltan campos obligatorios: marca, tipo_bateria, autonomia_km",faltan_campos,https://www.revolico.com/search?q=e-bike&page=3,https://www.revolico.com/item/bicicleta-electrica-g29-1000w-2500w-peak-48v-25ah-26-fat-tire-negro-56900783
57025634,Bicicleta Eléctrica G29 1000W 2500W Peak 48V 25Ah 26 Fat Tire Negro,1120.0,USD,La Habana,Cerro,"marca, tipo_bateria, autonomia_km","faltan campos obligatorios: marca, tipo_bateria, autonomia_km",faltan_campos,https://www.revolico.com/search?q=e-bike&page=4,https://www.revolico.com/item/bicicleta-electrica-g29-1000w-2500w-peak-48v-25ah-26-fat-tire-negro-57025634
56554259,Bicicleta Eléctrica G29 1000W 2500W Peak 48V 25Ah 26 Fat Tire Negro,1170.0,USD,La Habana,Centro Habana,"marca, tipo_bateria, autonomia_km","faltan campos obligatorios: marca, tipo_bateria, autonomia_km",faltan_campos,https://www.revolico.com/search?q=e-bike&page=4,https://www.revolico.com/item/bicicleta-electrica-g29-1000w-2500w-peak-48v-25ah-26-fat-tire-negro-56554259
56503631,Bicicleta Eléctrica G29 1000W 2500W Peak 48V 25Ah 26 Fat Tire Negro,1170.0,USD,La Habana,Diez de Octubre,"marca, tipo_bateria, autonomia_km","faltan campos obligatorios: marca, tipo_bateria, autonomia_km",faltan_campos,https://www.revolico.com/search?q=e-bike&page=4,https://www.revolico.com/item/bicicleta-electrica-g29-1000w-2500w-peak-48v-25ah-26-fat-tire-negro-56503631
57551366,Bicicleta Eléctrica G29 1000W 2500W Peak 48V 25Ah 26 Fat Tire Negro . Con mensajería,1135.0,USD,La Habana,Playa,"marca, tipo_bateria, autonomia_km","faltan campos obligatorios: marca, tipo_bateria, autonomia_km",faltan_campos,https://www.revolico.com/search?q=bicicleta+electrica&page=7,https://www.revolico.com/item/bicicleta-electrica-g29-1000w-2500w-peak-48v-25ah-26-fat-tire-negro-con-mensajeria-57551366
57482478,Bicicleta Eléctrica G29 1000W 2500W Peak 48V 25Ah 26 Fat Tire Negro .Envío incluido,1135.0,USD,La Habana,Playa,"marca, tipo_bateria, autonomia_km","faltan campos obligatorios: marca, tipo_bateria, autonomia_km",faltan_campos,https://www.revolico.com/search?q=bicicleta+electrica&page=9,https://www.revolico.com/item/bicicleta-electrica-g29-1000w-2500w-peak-48v-25ah-26-fat-tire-negro-envio-incluido-57482478
57431049,Bicicleta Eléctrica G29 1000W 2500W Peak 48V 25Ah 26 Fat Tire Negro 1130$,1130.0,USD,La Habana,San Miguel del Padrón,"marca, tipo_bateria, autonomia_km","faltan campos obligatorios: marca, tipo_bateria, autonomia_km",faltan_campos,https://www.revolico.com/search?q=bicicleta+electrica&page=9,https://www.revolico.com/item/bicicleta-electrica-g29-1000w-2500w-peak-48v-25ah-26-fat-tire-negro-1130-57431049
56884975,"Bicicleta Eléctrica G29 1000W 2500W Peak 48V 25Ah 26 Fat Tire Negro Bicicleta eléctrica G29 para adultos, 1170💵",1170.0,USD,La Habana,Diez de Octubre,"marca, tipo_bateria, autonomia_km","faltan campos obligatorios: marca, tipo_bateria, autonomia_km",faltan_campos,https://www.revolico.com/search?q=e-bike&page=4,https://www.revolico.com/item/bicicleta-electrica-g29-1000w-2500w-peak-48v-25ah-26-fat-tire-negro-bicicleta-electrica-g29-para-adultos-1170-56884975
57375530,"Bicicleta Eléctrica G29 1000W 2500W Peak 48V 25Ah 26 Fat Tire Negro Bicicleta eléctrica G29 para adultos, tipo e-mounta",1170.0,USD,La Habana,Playa,"marca, tipo_bateria, autonomia_km","faltan campos obligatorios: marca, tipo_bateria, autonomia_km",faltan_campos,https://www.revolico.com/search?q=bicicleta+electrica&page=10,https://www.revolico.com/item/bicicleta-electrica-g29-1000w-2500w-peak-48v-25ah-26-fat-tire-negro-bicicleta-electrica-g29-para-adultos-tipo-e-mounta-57375530
56973447,"Bicicleta Eléctrica G29 1000W 2500W Peak 48V 25Ah 26 Fat Tire Negro Bicicleta eléctrica G29 para adultos, tipo e-mounta",1170.0,USD,La Habana,Centro Habana,"marca, tipo_bateria, autonomia_km","faltan campos obligatorios: marca, tipo_bateria, autonomia_km",faltan_campos,https://www.revolico.com/search?q=e-bike&page=4,https://www.revolico.com/item/bicicleta-electrica-g29-1000w-2500w-peak-48v-25ah-26-fat-tire-negro-bicicleta-electrica-g29-para-adultos-tipo-e-mounta-56973447
56863297,"Bicicleta Eléctrica G29 1000W 2500W Peak 48V 25Ah 26 Fat Tire Negro • Bicicleta eléctrica G29 para adultos, tipo e-mount",1150.0,USD,La Habana,Cotorro,"marca, tipo_bateria, autonomia_km","faltan campos obligatorios: marca, tipo_bateria, autonomia_km",faltan_campos,https://www.revolico.com/search?q=e-bike&page=4,https://www.revolico.com/item/bicicleta-electrica-g29-1000w-2500w-peak-48v-25ah-26-fat-tire-negro-bicicleta-electrica-g29-para-adultos-tipo-e-mount-56863297
57512675,Bicicleta Eléctrica G29 1000W 2500W Peak 48V 25Ah 26 Fat Tire Negro 🔶,1120.0,USD,La Habana,Plaza,"marca, tipo_bateria, autonomia_km","faltan campos obligatorios: marca, tipo_bateria, autonomia_km",faltan_campos,https://www.revolico.com/search?q=bicicleta+electrica&page=8,https://www.revolico.com/item/bicicleta-electrica-g29-1000w-2500w-peak-48v-25ah-26-fat-tire-negro-57512675
57332928,Bicicleta Eléctrica G29 1000W 2500W Peak 48V 25Ah 26 Fat Tire Negro 🔶 $1120,1120.0,USD,La Habana,Plaza,"marca, tipo_bateria, autonomia_km","faltan campos obligatorios: marca, tipo_bateria, autonomia_km",faltan_campos,https://www.revolico.com/search?q=bicicleta+electrica&page=10,https://www.revolico.com/item/bicicleta-electrica-g29-1000w-2500w-peak-48v-25ah-26-fat-tire-negro-1140-57332928
56397429,Bicicleta Eléctrica G29 1000W 2500W Peak 48V 25Ah 26 Fat Tire Negro(1130 USD),1130.0,USD,La Habana,Plaza,"marca, tipo_bateria, autonomia_km","faltan campos obligatorios: marca, tipo_bateria, autonomia_km",faltan_campos,https://www.revolico.com/search?q=e-bike&page=4,https://www.revolico.com/item/bicicleta-electrica-g29-1000w-2500w-peak-48v-25ah-26-fat-tire-negro1130-usd-56397429
57564696,Bicicleta Eléctrica G29 1000W 2500W Peak 48V 25Ah 26 Fat Tire Negro. Envío libre de costo,1135.0,USD,La Habana,Playa,"marca, tipo_bateria, autonomia_km","faltan campos obligatorios: marca, tipo_bateria, autonomia_km",faltan_campos,https://www.revolico.com/search?q=bicicleta+electrica&page=7,https://www.revolico.com/item/bicicleta-electrica-g29-1000w-2500w-peak-48v-25ah-26-fat-tire-negro-envio-libre-de-costo-57564696
57561549,Bicicleta Eléctrica G29 1000W 2500W Peak 48V 25Ah 26 Fat Tire Negro. Transporte incluido,1135.0,USD,La Habana,Marianao,"marca, tipo_bateria, autonomia_km","faltan campos obligatorios: marca, tipo_bateria, autonomia_km",faltan_campos,https://www.revolico.com/search?q=bicicleta+electrica&page=7,https://www.revolico.com/item/bicicleta-electrica-g29-1000w-2500w-peak-48v-25ah-26-fat-tire-negro-transporte-incluido-57561549
56553129,Bicicleta Eléctrica G29 1000W 2500W Peak 48V 25Ah 26 Fat Tire venta habana,1160.0,USD,La Habana,Playa,"marca, tipo_bateria, autonomia_km","faltan campos obligatorios: marca, tipo_bateria, autonomia_km",faltan_campos,https://www.revolico.com/search?q=e-bike&page=4,https://www.revolico.com/item/bicicleta-electrica-g29-1000w-2500w-peak-48v-25ah-26-fat-tire-venta-habana-56553129
57682288,Bicicleta Eléctrica GLEERIDE A9 STAR,500.0,USD,La Habana,Centro Habana,"marca, tipo_bateria, autonomia_km","faltan campos obligatorios: marca, tipo_bateria, autonomia_km",faltan_campos,https://www.revolico.com/search?q=bicicleta+electrica&page=6,https://www.revolico.com/item/bicicleta-electrica-gleeride-a9-star-57682288
57626728,Bicicleta Eléctrica GLEERIDE A9 STAR,470.0,USD,La Habana,Centro Habana,"marca, tipo_bateria, autonomia_km","faltan campos obligatorios: marca, tipo_bateria, autonomia_km",faltan_campos,https://www.revolico.com/search?q=bicicleta+electrica&page=6,https://www.revolico.com/item/bicicleta-electrica-gleeride-a9-star-57626728
57475738,Bicicleta Eléctrica GLEERIDE A9 STAR,490.0,USD,La Habana,Plaza,"marca, tipo_bateria, autonomia_km","faltan campos obligatorios: marca, tipo_bateria, autonomia_km",faltan_campos,https://www.revolico.com/search?q=bicicleta+electrica&page=9,https://www.revolico.com/item/bicicleta-electrica-gleeride-a9-star-57475738
57381198,Bicicleta Eléctrica GLEERIDE A9 STAR,460.0,USD,La Habana,Diez de Octubre,"marca, tipo_bateria, autonomia_km","faltan campos obligatorios: marca, tipo_bateria, autonomia_km",faltan_campos,https://www.revolico.com/search?q=bicicleta+electrica&page=10,https://www.revolico.com/item/bicicleta-electrica-gleeride-a9-star-57381198
57447218,"Bicicleta Eléctrica GLEERIDE A9 STAR ⚡ Batería: 48V 15Ah, extraíble",520.0,USD,La Habana,Centro Habana,"marca, tipo_bateria, autonomia_km","faltan campos obligatorios: marca, tipo_bateria, autonomia_km",faltan_campos,https://www.revolico.com/search?q=bicicleta+electrica&page=9,https://www.revolico.com/item/bicicleta-electrica-gleeride-a9-star-bateria-48v-15ah-extraible-57447218
57541279,Bicicleta Eléctrica Gleeride A9,560.0,USD,La Habana,Plaza,"marca, tipo_bateria, autonomia_km","faltan campos obligatorios: marca, tipo_bateria, autonomia_km",faltan_campos,https://www.revolico.com/search?q=bicicleta+electrica&page=8,https://www.revolico.com/item/bicicleta-electrica-gleeride-a9-57541279
57384993,Bicicleta Eléctrica IZUKI THE ONE 2026,900.0,USD,La Habana,Arroyo Naranjo,"marca, tipo_bateria, autonomia_km","faltan campos obligatorios: marca, tipo_bateria, autonomia_km",faltan_campos,https://www.revolico.com/search?q=bicicleta+electrica&page=10,https://www.revolico.com/item/bicicleta-electrica-izuki-the-one-2026-57384993
57385736,Bicicleta Eléctrica Nueva,450.0,USD,La Habana,Playa,"marca, tipo_bateria, autonomia_km","faltan campos obligatorios: marca, tipo_bateria, autonomia_km",faltan_campos,https://www.revolico.com/search?q=bicicleta+electrica&page=10,https://www.revolico.com/item/bicicleta-electrica-57385736
57685231,Bicicleta Eléctrica One Bot,850.0,USD,La Habana,Arroyo Naranjo,"marca, tipo_bateria, autonomia_km","faltan campos obligatorios: marca, tipo_bateria, autonomia_km",faltan_campos,https://www.revolico.com/search?q=bicicleta+electrica&page=6,https://www.revolico.com/item/bicicleta-electrica-one-bot-57685231
57613656,Bicicleta Eléctrica PicaBikeZ6,650.0,USD,La Habana,Plaza,"marca, tipo_bateria, autonomia_km","faltan campos obligatorios: marca, tipo_bateria, autonomia_km",faltan_campos,https://www.revolico.com/search?q=bicicleta+electrica&page=7,https://www.revolico.com/item/bicicleta-electrica-picabikez6-57613656
57600871,Bicicleta Eléctrica Plegable,550.0,USD,La Habana,Playa,"marca, tipo_bateria, autonomia_km","faltan campos obligatorios: marca, tipo_bateria, autonomia_km",faltan_campos,https://www.revolico.com/search?q=bicicleta+electrica&page=7,https://www.revolico.com/item/bicicleta-electrica-plegable-57600871
57557516,Bicicleta Eléctrica Plegable,550.0,USD,La Habana,Marianao,"marca, tipo_bateria, autonomia_km","faltan campos obligatorios: marca, tipo_bateria, autonomia_km",faltan_campos,https://www.revolico.com/search?q=bicicleta+electrica&page=7,https://www.revolico.com/item/bicicleta-electrica-plegable-57557516
57511623,Bicicleta Eléctrica Plegable,480.0,USD,La Habana,Cotorro,"marca, tipo_bateria, autonomia_km","faltan campos obligatorios: marca, tipo_bateria, autonomia_km",faltan_campos,https://www.revolico.com/search?q=bicicleta+electrica&page=8,https://www.revolico.com/item/bicicleta-electrica-plegable-57511623
57410950,Bicicleta Eléctrica Plegable (Nueva) 🚲,500.0,USD,La Habana,Diez de Octubre,"marca, tipo_bateria, autonomia_km","faltan campos obligatorios: marca, tipo_bateria, autonomia_km",faltan_campos,https://www.revolico.com/search?q=bicicleta+electrica&page=10,https://www.revolico.com/item/bicicleta-electrica-plegable-nueva-57410950
57357302,"Bicicleta Eléctrica Plegable 14"" 1200W 24MPH Batería 48V 10Ah Suspensión y Frenos de Disco",697.47,USD,La Habana,Plaza,"marca, tipo_bateria, autonomia_km","faltan campos obligatorios: marca, tipo_bateria, autonomia_km",faltan_campos,https://www.revolico.com/search?q=bicicleta+electrica&page=10,https://www.revolico.com/item/bicicleta-electrica-plegable-14-1200w-24mph-bateria-48v-10ah-suspension-y-frenos-de-disco-57357302
56624746,Bicicleta Eléctrica Plegable GS3 como nueva,400.0,USD,La Habana,Boyeros,"marca, tipo_bateria, autonomia_km","faltan campos obligatorios: marca, tipo_bateria, autonomia_km",faltan_campos,https://www.revolico.com/search?q=bici+electrica&page=2,https://www.revolico.com/item/bicicleta-electrica-plegable-gs3-como-nueva-56624746
57552988,Bicicleta Eléctrica Plegable Modelo E14,520.0,USD,Santiago de Cuba,Santiago de Cuba,"marca, tipo_bateria, autonomia_km","faltan campos obligatorios: marca, tipo_bateria, autonomia_km",faltan_campos,https://www.revolico.com/search?q=bicicleta+electrica&page=7,https://www.revolico.com/item/bicicleta-electrica-plegable-modelo-e14-57552988
56866043,Bicicleta Eléctrica T114 inch E-Bike 🛵,590.0,USD,La Habana,Centro Habana,"marca, tipo_bateria, autonomia_km","faltan campos obligatorios: marca, tipo_bateria, autonomia_km",faltan_campos,https://www.revolico.com/search?q=e-bike&page=2,https://www.revolico.com/item/bicicleta-electrica-t114-inch-e-bike-56866043
57646004,Bicicleta Eléctrica TREVALIX,620.0,USD,La Habana,Centro Habana,"marca, tipo_bateria, autonomia_km","faltan campos obligatorios: marca, tipo_bateria, autonomia_km",faltan_campos,https://www.revolico.com/search?q=bicicleta+electrica&page=6,https://www.revolico.com/item/bicicleta-electrica-trevalix-57646004
57519335,Bicicleta Eléctrica TREVALIX,620.0,USD,La Habana,Playa,"marca, tipo_bateria, autonomia_km","faltan campos obligatorios: marca, tipo_bateria, autonomia_km",faltan_campos,https://www.revolico.com/search?q=bicicleta+electrica&page=8,https://www.revolico.com/item/bicicleta-electrica-trevalix-57519335
57655219,Bicicleta Eléctrica TREVALIX y BEVOMECON,650.0,USD,La Habana,Diez de Octubre,"marca, tipo_bateria, autonomia_km","faltan campos obligatorios: marca, tipo_bateria, autonomia_km",faltan_campos,https://www.revolico.com/search?q=bicicleta+electrica&page=6,https://www.revolico.com/item/bicicleta-electrica-trevalix-y-bevomecon-57655219
57509304,Bicicleta Eléctrica TREVALIX🇮🇱,630.0,USD,La Habana,Plaza,"marca, tipo_bateria, autonomia_km","faltan campos obligatorios: marca, tipo_bateria, autonomia_km",faltan_campos,https://www.revolico.com/search?q=bicicleta+electrica&page=8,https://www.revolico.com/item/bicicleta-electrica-trevalix-57509304
57634614,Bicicleta Eléctrica TST X6 750W 48V 15Ah,1100.0,USD,La Habana,Diez de Octubre,"marca, tipo_bateria, autonomia_km","faltan campos obligatorios: marca, tipo_bateria, autonomia_km",faltan_campos,https://www.revolico.com/search?q=bicicleta+electrica&page=6,https://www.revolico.com/item/bicicleta-electrica-tst-x6-750w-48v-15ah-57634614
57551375,Bicicleta Eléctrica TST X6 750W 48V 15Ah 20x4 Fat Tire Con Rack,1125.0,USD,La Habana,Playa,"marca, tipo_bateria, autonomia_km","faltan campos obligatorios: marca, tipo_bateria, autonomia_km",faltan_campos,https://www.revolico.com/search?q=bicicleta+electrica&page=7,https://www.revolico.com/item/bicicleta-electrica-tst-x6-750w-48v-15ah-20x4-fat-tire-con-rack-57551375
57360558,Bicicleta Eléctrica TST X6 750W 48V 15Ah 20x4 Fat Tire Con Rack,1100.0,USD,La Habana,Plaza,"marca, tipo_bateria, autonomia_km","faltan campos obligatorios: marca, tipo_bateria, autonomia_km",faltan_campos,https://www.revolico.com/search?q=bicicleta+electrica&page=10,https://www.revolico.com/item/bicicleta-electrica-tst-x6-750w-48v-15ah-20x4-fat-tire-con-rack-57360558
57640169,Bicicleta Eléctrica TST X6 750W 48V 15Ah 20x4 Fat Tire Con Rack 1100$,1100.0,USD,La Habana,San Miguel del Padrón,"marca, tipo_bateria, autonomia_km","faltan campos obligatorios: marca, tipo_bateria, autonomia_km",faltan_campos,https://www.revolico.com/search?q=bicicleta+electrica&page=6,https://www.revolico.com/item/bicicleta-electrica-tst-x6-750w-48v-15ah-20x4-fat-tire-con-rack-1100-57640169
57641396,Bicicleta Eléctrica TST X6 750W 48V 15Ah 20x4 Fat Tire Con Rack Precio $1100 USD 🚛 por costo adicional,1100.0,USD,La Habana,Boyeros,"marca, tipo_bateria, autonomia_km","faltan campos obligatorios: marca, tipo_bateria, autonomia_km",faltan_campos,https://www.revolico.com/search?q=bicicleta+electrica&page=6,https://www.revolico.com/item/bicicleta-electrica-tst-x6-750w-48v-15ah-20x4-fat-tire-con-rack-precio-1100-usd-por-costo-adicional-57641396
57665183,Bicicleta Eléctrica TST X6 750W 48V 15Ah 20x4 Fat Tire Con Rack Y Candado Negro,1170.0,USD,La Habana,Plaza,"marca, tipo_bateria, autonomia_km","faltan campos obligatorios: marca, tipo_bateria, autonomia_km",faltan_campos,https://www.revolico.com/search?q=bicicleta+electrica&page=6,https://www.revolico.com/item/bicicleta-electrica-tst-x6-750w-48v-15ah-20x4-fat-tire-con-rack-y-candado-negro-57665183
57541720,Bicicleta Eléctrica TST X6 750W 48V 15Ah 20x4 Fat Tire Con Rack Y Candado Negro,1170.0,USD,La Habana,Plaza,"marca, tipo_bateria, autonomia_km","faltan campos obligatorios: marca, tipo_bateria, autonomia_km",faltan_campos,https://www.revolico.com/search?q=bicicleta+electrica&page=8,https://www.revolico.com/item/bicicleta-electrica-tst-x6-750w-48v-15ah-20x4-fat-tire-con-rack-y-candado-negro-57541720
57375562,Bicicleta Eléctrica TST X6 750W 48V 15Ah 20x4 Fat Tire Con Rack Y Candado Negro Bicicleta eléctrica TST X6 para adultos,1170.0,USD,La Habana,Playa,"marca, tipo_bateria, autonomia_km","faltan campos obligatorios: marca, tipo_bateria, autonomia_km",faltan_campos,https://www.revolico.com/search?q=bicicleta+electrica&page=10,https://www.revolico.com/item/bicicleta-electrica-tst-x6-750w-48v-15ah-20x4-fat-tire-con-rack-y-candado-negro-bicicleta-electrica-tst-x6-para-adultos-57375562
57332980,Bicicleta Eléctrica TST X6 750W 48V 15Ah 20x4 Fat Tire Con Rack Y Candado Negro 🔶 $1100,1100.0,USD,La Habana,Plaza,"marca, tipo_bateria, autonomia_km","faltan campos obligatorios: marca, tipo_bateria, autonomia_km",faltan_campos,https://www.revolico.com/search?q=bicicleta+electrica&page=10,https://www.revolico.com/item/bicicleta-electrica-tst-x6-750w-48v-15ah-20x4-fat-tire-con-rack-y-candado-negro-1120-57332980
57514311,Bicicleta Eléctrica TST X6 750W 48V 15Ah 20x4 Fat Tire Con Rack. Envío incluido,1125.0,USD,La Habana,Centro Habana,"marca, tipo_bateria, autonomia_km","faltan campos obligatorios: marca, tipo_bateria, autonomia_km",faltan_campos,https://www.revolico.com/search?q=bicicleta+electrica&page=8,https://www.revolico.com/item/bicicleta-electrica-tst-x6-750w-48v-15ah-20x4-fat-tire-con-rack-envio-incluido-57514311
57561580,Bicicleta Eléctrica TST X6 750W 48V 15Ah 20x4 Fat Tire Con Rack. Transporte incluido,1125.0,USD,La Habana,Marianao,"marca, tipo_bateria, autonomia_km","faltan campos obligatorios: marca, tipo_bateria, autonomia_km",faltan_campos,https://www.revolico.com/search?q=bicicleta+electrica&page=7,https://www.revolico.com/item/bicicleta-electrica-tst-x6-750w-48v-15ah-20x4-fat-tire-con-rack-transporte-incluido-57561580
57595585,Bicicleta Eléctrica UNIZUKI,1050.0,USD,La Habana,Centro Habana,"marca, tipo_bateria, autonomia_km","faltan campos obligatorios: marca, tipo_bateria, autonomia_km",faltan_campos,https://www.revolico.com/search?q=bicicleta+electrica&page=7,https://www.revolico.com/item/bicicleta-electrica-unizuki-57595585
57138256,Bicicleta Eléctrica URLIFE E20 E-Bike 1000W 48V 13AH,750.0,USD,La Habana,Playa,"marca, tipo_bateria, autonomia_km","faltan campos obligatorios: marca, tipo_bateria, autonomia_km",faltan_campos,https://www.revolico.com/search?q=e-bike&page=2,https://www.revolico.com/item/bicicleta-electrica-urlife-e20-e-bike-1000w-48v-13ah-57138256
57670461,"Bicicleta Eléctrica VOLTVOGUE una combinación perfecta de potencia, autonomía y comodidad brutales. 100% nueva, sellada",1200.0,USD,La Habana,Playa,"marca, tipo_bateria, autonomia_km","faltan campos obligatorios: marca, tipo_bateria, autonomia_km",faltan_campos,https://www.revolico.com/search?q=bicicleta+electrica&page=6,https://www.revolico.com/item/bicicleta-electrica-voltvogue-una-combinacion-perfecta-de-potencia-autonomia-y-comodidad-brutales-100-nueva-sellada-57670461
57646124,Bicicleta Eléctrica YESELF,620.0,USD,La Habana,Centro Habana,"marca, tipo_bateria, autonomia_km","faltan campos obligatorios: marca, tipo_bateria, autonomia_km",faltan_campos,https://www.revolico.com/search?q=bicicleta+electrica&page=6,https://www.revolico.com/item/bicicleta-electrica-yeself-57646124
57519308,Bicicleta Eléctrica YESELF,620.0,USD,La Habana,Playa,"marca, tipo_bateria, autonomia_km","faltan campos obligatorios: marca, tipo_bateria, autonomia_km",faltan_campos,https://www.revolico.com/search?q=bicicleta+electrica&page=8,https://www.revolico.com/item/bicicleta-electrica-yeself-57519308
57509257,Bicicleta Eléctrica YESELF🇮🇱,630.0,USD,La Habana,Plaza,"marca, tipo_bateria, autonomia_km","faltan campos obligatorios: marca, tipo_bateria, autonomia_km",faltan_campos,https://www.revolico.com/search?q=bicicleta+electrica&page=8,https://www.revolico.com/item/bicicleta-electrica-yeself-57509257
57691372,Bicicleta Eléctrica Zefiora 48V,800.0,USD,La Habana,La Lisa,"marca, tipo_bateria, autonomia_km","faltan campos obligatorios: marca, tipo_bateria, autonomia_km",faltan_campos,https://www.revolico.com/search?q=bicicleta+electrica&page=6,https://www.revolico.com/item/bicicleta-electrica-zefiora-48v-57691372
57645679,Bicicleta Eléctrica Zefiora 48V 17.5Ah,700.0,USD,La Habana,Playa,"marca, tipo_bateria, autonomia_km","faltan campos obligatorios: marca, tipo_bateria, autonomia_km",faltan_campos,https://www.revolico.com/search?q=bicicleta+electrica&page=6,https://www.revolico.com/item/bicicleta-electrica-zefiora-48v-175ah-57645679
57406211,Bicicleta Eléctrica a Excelente Precio,440.0,USD,La Habana,Plaza,"marca, tipo_bateria, autonomia_km","faltan campos obligatorios: marca, tipo_bateria, autonomia_km",faltan_campos,https://www.revolico.com/search?q=bicicleta+electrica&page=10,https://www.revolico.com/item/bicicleta-electrica-a-excelente-precio-57406211
57429604,Bicicleta Eléctrica en venta,500.0,USD,La Habana,Cerro,"marca, tipo_bateria, autonomia_km","faltan campos obligatorios: marca, tipo_bateria, autonomia_km",faltan_campos,https://www.revolico.com/search?q=bicicleta+electrica&page=9,https://www.revolico.com/item/bicicleta-electrica-en-venta-57429604
57632461,Bicicleta Eléctrica plegable y compacta.,650.0,USD,La Habana,Playa,"marca, tipo_bateria, autonomia_km","faltan campos obligatorios: marca, tipo_bateria, autonomia_km",faltan_campos,https://www.revolico.com/search?q=bicicleta+electrica&page=6,https://www.revolico.com/item/bicicleta-electrica-plegable-y-compacta-57632461
57447998,Bicicleta Eléctrica plegable. Pikabike Z6,480.0,USD,La Habana,La Lisa,"marca, tipo_bateria, autonomia_km","faltan campos obligatorios: marca, tipo_bateria, autonomia_km",faltan_campos,https://www.revolico.com/search?q=bicicleta+electrica&page=9,https://www.revolico.com/item/bicicleta-electrica-plegable-pikabike-z6-57447998
56681114,Bicicleta Eléctrica ⚡🚲 G29 1000W 2500W Peak 48V 25Ah 26 Fat Tire Negro,1115.0,USD,La Habana,Plaza,"marca, tipo_bateria, autonomia_km","faltan campos obligatorios: marca, tipo_bateria, autonomia_km",faltan_campos,https://www.revolico.com/search?q=e-bike&page=4,https://www.revolico.com/item/bicicleta-electrica-g29-1000w-2500w-peak-48v-25ah-26-fat-tire-negro-56681114
57568793,"Bicicleta Eléctrica,Bicimoto,Motos eléctricas",1.0,USD,La Habana,Playa,"marca, tipo_bateria, autonomia_km","faltan campos obligatorios: marca, tipo_bateria, autonomia_km",faltan_campos,https://www.revolico.com/search?q=bicicleta+electrica&page=7,https://www.revolico.com/item/bicicleta-electricabicimotomotos-electricas-57568793
56867508,Bicicleta Eléctrica.,800.0,USD,La Habana,San Miguel del Padrón,"marca, tipo_bateria, autonomia_km","faltan campos obligatorios: marca, tipo_bateria, autonomia_km",faltan_campos,https://www.revolico.com/search?q=bicicleta+electrica&page=4,https://www.revolico.com/item/bicicleta-electrica-56867508
57444738,Bicicleta Eléctrica| 490 usd,490.0,USD,La Habana,San Miguel del Padrón,"marca, tipo_bateria, autonomia_km","faltan campos obligatorios: marca, tipo_bateria, autonomia_km",faltan_campos,https://www.revolico.com/search?q=bicicleta+electrica&page=9,https://www.revolico.com/item/bicicleta-electrica-490-usd-57444738
56624423,"Bicicleta MTB 26"" | Montañesa | Mountain bike | Bicicleta | Bisicleta | Visicleta | Vicicleta",150.0,USD,La Habana,Cerro,"marca, tipo_bateria, autonomia_km","faltan campos obligatorios: marca, tipo_bateria, autonomia_km",faltan_campos,https://www.revolico.com/search?q=e-bike&page=2,https://www.revolico.com/item/bicicleta-mtb-56624423
57230404,Bicicleta Mountain Bike 29,700.0,USD,La Habana,Diez de Octubre,"marca, tipo_bateria, autonomia_km","faltan campos obligatorios: marca, tipo_bateria, autonomia_km",faltan_campos,https://www.revolico.com/search?q=e-bike&page=1,https://www.revolico.com/item/bicicleta-mountain-bike-29-57230404
57348597,"Bicicleta Myniao 26 7 Vel MTB Protector Radios, Bicicleta Myniao 26 7 Vel MTB Pata Lateral Y Timbre .",170.0,USD,La Habana,Centro Habana,"marca, tipo_bateria, autonomia_km","faltan campos obligatorios: marca, tipo_bateria, autonomia_km",faltan_campos,https://www.revolico.com/search?q=e-bike&page=4,https://www.revolico.com/item/bicicleta-myniao-26-7-vel-mtb-protector-radios-bicicleta-myniao-26-7-vel-mtb-pata-lateral-y-timbre-57348597
57450162,"Bicicleta Myniao MTB 26 7 Cambios Azul Acero, Bicicleta Myniao 26 MTB 7 Vel Rines Negros .",170.0,USD,La Habana,Plaza,"marca, tipo_bateria, autonomia_km","faltan campos obligatorios: marca, tipo_bateria, autonomia_km",faltan_campos,https://www.revolico.com/search?q=e-bike&page=5,https://www.revolico.com/item/bicicleta-myniao-mtb-26-7-cambios-azul-acero-bicicleta-myniao-26-mtb-7-vel-rines-negros-57450162
57534821,Bicicleta Plegable,470.0,USD,La Habana,Diez de Octubre,"marca, tipo_bateria, autonomia_km","faltan campos obligatorios: marca, tipo_bateria, autonomia_km",faltan_campos,https://www.revolico.com/search?q=e-bike&page=4,https://www.revolico.com/item/bicicleta-plegable-57534821
56682415,Bicicleta Silver 24 Cienfuegos,185.0,USD,Cienfuegos,Cienfuegos,"marca, tipo_bateria, autonomia_km","faltan campos obligatorios: marca, tipo_bateria, autonomia_km",faltan_campos,https://www.revolico.com/search?q=e-bike&page=3,https://www.revolico.com/item/bicicleta-silver-24-cienfuegos-56682415
57514022,Bicicleta Silver Bike 26,190.0,USD,La Habana,Arroyo Naranjo,"marca, tipo_bateria, autonomia_km","faltan campos obligatorios: marca, tipo_bateria, autonomia_km",faltan_campos,https://www.revolico.com/search?q=e-bike&page=1,https://www.revolico.com/item/bicicleta-silver-bike-26-57514022
56651721,"Bicicleta Silver Bike 26""",200.0,USD,La Habana,Arroyo Naranjo,"marca, tipo_bateria, autonomia_km","faltan campos obligatorios: marca, tipo_bateria, autonomia_km",faltan_campos,https://www.revolico.com/search?q=e-bike&page=1,https://www.revolico.com/item/bicicleta-silver-bike-26-56651721
57153080,Bicicleta Silver bike 20 pcfg,160.0,USD,Cienfuegos,Cienfuegos,"marca, tipo_bateria, autonomia_km","faltan campos obligatorios: marca, tipo_bateria, autonomia_km",faltan_campos,https://www.revolico.com/search?q=e-bike&page=1,https://www.revolico.com/item/bicicleta-silver-bike-20-pcfg-57153080
57214997,Bicicleta Silver bike 20 vcfg,150.0,USD,Cienfuegos,Cienfuegos,"marca, tipo_bateria, autonomia_km","faltan campos obligatorios: marca, tipo_bateria, autonomia_km",faltan_campos,https://www.revolico.com/search?q=e-bike&page=1,https://www.revolico.com/item/bicicleta-silver-bike-20-vcfg-57214997
57214976,Bicicleta Silver bike 24 vcfg,185.0,USD,Cienfuegos,Cienfuegos,"marca, tipo_bateria, autonomia_km","faltan campos obligatorios: marca, tipo_bateria, autonomia_km",faltan_campos,https://www.revolico.com/search?q=e-bike&page=1,https://www.revolico.com/item/bicicleta-silver-bike-24-vcfg-57214976
57000546,Bicicleta Silver pcfg,200.0,USD,Cienfuegos,Cienfuegos,"marca, tipo_bateria, autonomia_km","faltan campos obligatorios: marca, tipo_bateria, autonomia_km",faltan_campos,https://www.revolico.com/search?q=e-bike&page=3,https://www.revolico.com/item/bicicleta-silver-pcfg-57000546
57601101,Bicicleta Super Bike,190.0,USD,La Habana,Centro Habana,"marca, tipo_bateria, autonomia_km","faltan campos obligatorios: marca, tipo_bateria, autonomia_km",faltan_campos,https://www.revolico.com/search?q=e-bike&page=1,https://www.revolico.com/item/bicicleta-super-bike-57601101
56872005,Bicicleta Super Bike,190.0,USD,La Habana,Centro Habana,"marca, tipo_bateria, autonomia_km","faltan campos obligatorios: marca, tipo_bateria, autonomia_km",faltan_campos,https://www.revolico.com/search?q=e-bike&page=1,https://www.revolico.com/item/bicicleta-super-bike-56872005
57588157,Bicicleta bike,510.0,USD,Matanzas,Matanzas,"marca, tipo_bateria, autonomia_km","faltan campos obligatorios: marca, tipo_bateria, autonomia_km",faltan_campos,https://www.revolico.com/search?q=e-bike&page=1,https://www.revolico.com/item/bicicleta-bike-57588157
57585968,Bicicleta de niña,100.0,USD,La Habana,Plaza,"marca, tipo_bateria, autonomia_km","faltan campos obligatorios: marca, tipo_bateria, autonomia_km",faltan_campos,https://www.revolico.com/search?q=e-bike&page=4,https://www.revolico.com/item/bicicleta-de-nina-57585968
57493867,Bicicleta de niña,100.0,USD,La Habana,Cerro,"marca, tipo_bateria, autonomia_km","faltan campos obligatorios: marca, tipo_bateria, autonomia_km",faltan_campos,https://www.revolico.com/search?q=e-bike&page=4,https://www.revolico.com/item/bicicleta-de-nina-57493867
57521667,Bicicleta de niño,125.0,USD,La Habana,Centro Habana,"marca, tipo_bateria, autonomia_km","faltan campos obligatorios: marca, tipo_bateria, autonomia_km",faltan_campos,https://www.revolico.com/search?q=e-bike&page=3,https://www.revolico.com/item/bicicleta-de-nino-57521667
57585988,Bicicleta de niño,100.0,USD,La Habana,Plaza,"marca, tipo_bateria, autonomia_km","faltan campos obligatorios: marca, tipo_bateria, autonomia_km",faltan_campos,https://www.revolico.com/search?q=e-bike&page=4,https://www.revolico.com/item/bicicleta-de-nino-57585988
57493875,Bicicleta de niño,100.0,USD,La Habana,Cerro,"marca, tipo_bateria, autonomia_km","faltan campos obligatorios: marca, tipo_bateria, autonomia_km",faltan_campos,https://www.revolico.com/search?q=e-bike&page=4,https://www.revolico.com/item/bicicleta-de-nino-57493875
57476149,Bicicleta de niño,100.0,USD,La Habana,Diez de Octubre,"marca, tipo_bateria, autonomia_km","faltan campos obligatorios: marca, tipo_bateria, autonomia_km",faltan_campos,https://www.revolico.com/search?q=e-bike&page=4,https://www.revolico.com/item/bicicleta-de-nino-57476149
57633660,Bicicleta electrica,500.0,USD,La Habana,Centro Habana,"marca, tipo_bateria, autonomia_km","faltan campos obligatorios: marca, tipo_bateria, autonomia_km",faltan_campos,https://www.revolico.com/search?q=bici+electrica&page=2,https://www.revolico.com/item/bicicleta-electrica-57633660
57401121,Bicicleta electrica,895.0,USD,Las Tunas,Las Tunas,"marca, tipo_bateria, autonomia_km","faltan campos obligatorios: marca, tipo_bateria, autonomia_km",faltan_campos,https://www.revolico.com/search?q=bici+electrica&page=2,https://www.revolico.com/item/bicicleta-electrica-57401121
56386502,Bicicleta electrica,650.0,USD,La Habana,San Miguel del Padrón,"marca, tipo_bateria, autonomia_km","faltan campos obligatorios: marca, tipo_bateria, autonomia_km",faltan_campos,https://www.revolico.com/search?q=bici+electrica&page=2,https://www.revolico.com/item/bicicleta-electrica-56386502
56350356,Bicicleta electrica,650.0,USD,La Habana,Guanabacoa,"marca, tipo_bateria, autonomia_km","faltan campos obligatorios: marca, tipo_bateria, autonomia_km",faltan_campos,https://www.revolico.com/search?q=bici+electrica&page=2,https://www.revolico.com/item/bicicleta-electrica-56350356
57687094,Bicicleta electrica,490.0,USD,La Habana,Plaza,"marca, tipo_bateria, autonomia_km","faltan campos obligatorios: marca, tipo_bateria, autonomia_km",faltan_campos,https://www.revolico.com/search?q=bicicleta+electrica&page=1,https://www.revolico.com/item/bicicleta-electrica-57687094
57682170,Bicicleta electrica,1050.0,USD,Holguín,Holguín,"marca, tipo_bateria, autonomia_km","faltan campos obligatorios: marca, tipo_bateria, autonomia_km",faltan_campos,https://www.revolico.com/search?q=bicicleta+electrica&page=1,https://www.revolico.com/item/bicicleta-electrica-57682170
57671403,Bicicleta electrica,800.0,USD,La Habana,Centro Habana,"marca, tipo_bateria, autonomia_km","faltan campos obligatorios: marca, tipo_bateria, autonomia_km",faltan_campos,https://www.revolico.com/search?q=bicicleta+electrica&page=1,https://www.revolico.com/item/bicicleta-electrica-57671403
57660855,Bicicleta electrica,900.0,USD,La Habana,Centro Habana,"marca, tipo_bateria, autonomia_km","faltan campos obligatorios: marca, tipo_bateria, autonomia_km",faltan_campos,https://www.revolico.com/search?q=bicicleta+electrica&page=1,https://www.revolico.com/item/bicicleta-electrica-57660855
57650435,Bicicleta electrica,500.0,USD,La Habana,Playa,"marca, tipo_bateria, autonomia_km","faltan campos obligatorios: marca, tipo_bateria, autonomia_km",faltan_campos,https://www.revolico.com/search?q=bicicleta+electrica&page=1,https://www.revolico.com/item/bicicleta-electrica-57650435
57631076,Bicicleta electrica,1500.0,USD,La Habana,Habana del Este,"marca, tipo_bateria, autonomia_km","faltan campos obligatorios: marca, tipo_bateria, autonomia_km",faltan_campos,https://www.revolico.com/search?q=bicicleta+electrica&page=1,https://www.revolico.com/item/bicicleta-electrica-57631076
57626675,Bicicleta electrica,470.0,USD,La Habana,Marianao,"marca, tipo_bateria, autonomia_km","faltan campos obligatorios: marca, tipo_bateria, autonomia_km",faltan_campos,https://www.revolico.com/search?q=bicicleta+electrica&page=1,https://www.revolico.com/item/bicicleta-electrica-57626675
57619703,Bicicleta electrica,1.0,USD,La Habana,La Lisa,"marca, tipo_bateria, autonomia_km","faltan campos obligatorios: marca, tipo_bateria, autonomia_km",faltan_campos,https://www.revolico.com/search?q=bicicleta+electrica&page=1,https://www.revolico.com/item/bicicleta-electrica-57619703
57614298,Bicicleta electrica,470.0,USD,La Habana,Habana del Este,"marca, tipo_bateria, autonomia_km","faltan campos obligatorios: marca, tipo_bateria, autonomia_km",faltan_campos,https://www.revolico.com/search?q=bicicleta+electrica&page=1,https://www.revolico.com/item/bicicleta-electrica-57614298
57594366,Bicicleta electrica,600.0,USD,La Habana,Centro Habana,"marca, tipo_bateria, autonomia_km","faltan campos obligatorios: marca, tipo_bateria, autonomia_km",faltan_campos,https://www.revolico.com/search?q=bicicleta+electrica&page=1,https://www.revolico.com/item/bicicleta-electrica-57594366
57594358,Bicicleta electrica,1200.0,USD,La Habana,Centro Habana,"marca, tipo_bateria, autonomia_km","faltan campos obligatorios: marca, tipo_bateria, autonomia_km",faltan_campos,https://www.revolico.com/search?q=bicicleta+electrica&page=1,https://www.revolico.com/item/bicicleta-electrica-57594358
57594332,Bicicleta electrica,650.0,USD,La Habana,Centro Habana,"marca, tipo_bateria, autonomia_km","faltan campos obligatorios: marca, tipo_bateria, autonomia_km",faltan_campos,https://www.revolico.com/search?q=bicicleta+electrica&page=1,https://www.revolico.com/item/bicicleta-electrica-57594332
57587322,Bicicleta electrica,500.0,USD,La Habana,Centro Habana,"marca, tipo_bateria, autonomia_km","faltan campos obligatorios: marca, tipo_bateria, autonomia_km",faltan_campos,https://www.revolico.com/search?q=bicicleta+electrica&page=1,https://www.revolico.com/item/bicicleta-electrica-57587322
57586147,Bicicleta electrica,590.0,USD,Las Tunas,Las Tunas,"marca, tipo_bateria, autonomia_km","faltan campos obligatorios: marca, tipo_bateria, autonomia_km",faltan_campos,https://www.revolico.com/search?q=bicicleta+electrica&page=1,https://www.revolico.com/item/bicicleta-electrica-57586147
57584923,Bicicleta electrica,1180.0,USD,La Habana,Centro Habana,"marca, tipo_bateria, autonomia_km","faltan campos obligatorios: marca, tipo_bateria, autonomia_km",faltan_campos,https://www.revolico.com/search?q=bicicleta+electrica&page=1,https://www.revolico.com/item/bicicleta-electrica-57584923
57577827,Bicicleta electrica,445.0,USD,La Habana,Centro Habana,"marca, tipo_bateria, autonomia_km","faltan campos obligatorios: marca, tipo_bateria, autonomia_km",faltan_campos,https://www.revolico.com/search?q=bicicleta+electrica&page=1,https://www.revolico.com/item/bicicleta-electrica-57577827
57576765,Bicicleta electrica,1180.0,USD,Las Tunas,Las Tunas,"marca, tipo_bateria, autonomia_km","faltan campos obligatorios: marca, tipo_bateria, autonomia_km",faltan_campos,https://www.revolico.com/search?q=bicicleta+electrica&page=1,https://www.revolico.com/item/bicicleta-electrica-57576765
57558294,Bicicleta electrica,595.0,USD,La Habana,Diez de Octubre,"marca, tipo_bateria, autonomia_km","faltan campos obligatorios: marca, tipo_bateria, autonomia_km",faltan_campos,https://www.revolico.com/search?q=bicicleta+electrica&page=1,https://www.revolico.com/item/bicicleta-electrica-57558294
57547009,Bicicleta electrica,500.0,USD,La Habana,Centro Habana,"marca, tipo_bateria, autonomia_km","faltan campos obligatorios: marca, tipo_bateria, autonomia_km",faltan_campos,https://www.revolico.com/search?q=bicicleta+electrica&page=1,https://www.revolico.com/item/bicicleta-electrica-57547009
57543339,Bicicleta electrica,1.0,USD,La Habana,Cerro,"marca, tipo_bateria, autonomia_km","faltan campos obligatorios: marca, tipo_bateria, autonomia_km",faltan_campos,https://www.revolico.com/search?q=bicicleta+electrica&page=1,https://www.revolico.com/item/bicicleta-electrica-57543339
57511211,Bicicleta electrica,470.0,USD,Matanzas,Matanzas,"marca, tipo_bateria, autonomia_km","faltan campos obligatorios: marca, tipo_bateria, autonomia_km",faltan_campos,https://www.revolico.com/search?q=bicicleta+electrica&page=2,https://www.revolico.com/item/bicicleta-electrica-57511211
57475259,Bicicleta electrica,830.0,USD,Pinar del Río,Pinar del Río,"marca, tipo_bateria, autonomia_km","faltan campos obligatorios: marca, tipo_bateria, autonomia_km",faltan_campos,https://www.revolico.com/search?q=bicicleta+electrica&page=2,https://www.revolico.com/item/bicicleta-electrica-57475259
57472551,Bicicleta electrica,1100.0,USD,Artemisa,San Antonio de los Baños,"marca, tipo_bateria, autonomia_km","faltan campos obligatorios: marca, tipo_bateria, autonomia_km",faltan_campos,https://www.revolico.com/search?q=bicicleta+electrica&page=2,https://www.revolico.com/item/bicicleta-electrica-57472551
57445986,Bicicleta electrica,500.0,USD,La Habana,La Lisa,"marca, tipo_bateria, autonomia_km","faltan campos obligatorios: marca, tipo_bateria, autonomia_km",faltan_campos,https://www.revolico.com/search?q=bicicleta+electrica&page=2,https://www.revolico.com/item/bicicleta-electrica-57445986
57445987,Bicicleta electrica,500.0,USD,La Habana,La Lisa,"marca, tipo_bateria, autonomia_km","faltan campos obligatorios: marca, tipo_bateria, autonomia_km",faltan_campos,https://www.revolico.com/search?q=bicicleta+electrica&page=2,https://www.revolico.com/item/bicicleta-electrica-57445987
57401001,Bicicleta electrica,1100.0,USD,La Habana,Playa,"marca, tipo_bateria, autonomia_km","faltan campos obligatorios: marca, tipo_bateria, autonomia_km",faltan_campos,https://www.revolico.com/search?q=bicicleta+electrica&page=2,https://www.revolico.com/item/bicicleta-electrica-57401001
57369228,Bicicleta electrica,500.0,USD,La Habana,Playa,"marca, tipo_bateria, autonomia_km","faltan campos obligatorios: marca, tipo_bateria, autonomia_km",faltan_campos,https://www.revolico.com/search?q=bicicleta+electrica&page=2,https://www.revolico.com/item/bicicleta-electrica-57369228
57356552,Bicicleta electrica,490.0,USD,La Habana,Plaza,"marca, tipo_bateria, autonomia_km","faltan campos obligatorios: marca, tipo_bateria, autonomia_km",faltan_campos,https://www.revolico.com/search?q=bicicleta+electrica&page=2,https://www.revolico.com/item/bicicleta-electrica-57356552
57354080,Bicicleta electrica,520.0,USD,La Habana,Centro Habana,"marca, tipo_bateria, autonomia_km","faltan campos obligatorios: marca, tipo_bateria, autonomia_km",faltan_campos,https://www.revolico.com/search?q=bicicleta+electrica&page=2,https://www.revolico.com/item/bicicleta-electrica-57354080
57333569,Bicicleta electrica,500.0,USD,La Habana,Centro Habana,"marca, tipo_bateria, autonomia_km","faltan campos obligatorios: marca, tipo_bateria, autonomia_km",faltan_campos,https://www.revolico.com/search?q=bicicleta+electrica&page=2,https://www.revolico.com/item/bicicleta-electrica-57333569
57295427,Bicicleta electrica,475.0,USD,La Habana,Diez de Octubre,"marca, tipo_bateria, autonomia_km","faltan campos obligatorios: marca, tipo_bateria, autonomia_km",faltan_campos,https://www.revolico.com/search?q=bicicleta+electrica&page=2,https://www.revolico.com/item/bicicleta-electrica-57295427
57282800,Bicicleta electrica,590.0,USD,Granma,Bayamo,"marca, tipo_bateria, autonomia_km","faltan campos obligatorios: marca, tipo_bateria, autonomia_km",faltan_campos,https://www.revolico.com/search?q=bicicleta+electrica&page=2,https://www.revolico.com/item/bicicleta-electrica-57282800
57277332,Bicicleta electrica,510.0,USD,La Habana,Diez de Octubre,"marca, tipo_bateria, autonomia_km","faltan campos obligatorios: marca, tipo_bateria, autonomia_km",faltan_campos,https://www.revolico.com/search?q=bicicleta+electrica&page=2,https://www.revolico.com/item/bicicleta-electrica-57277332
57275087,Bicicleta electrica,900.0,USD,La Habana,Centro Habana,"marca, tipo_bateria, autonomia_km","faltan campos obligatorios: marca, tipo_bateria, autonomia_km",faltan_campos,https://www.revolico.com/search?q=bicicleta+electrica&page=2,https://www.revolico.com/item/bicicleta-electrica-57275087
57268191,Bicicleta electrica,500.0,USD,La Habana,Diez de Octubre,"marca, tipo_bateria, autonomia_km","faltan campos obligatorios: marca, tipo_bateria, autonomia_km",faltan_campos,https://www.revolico.com/search?q=bicicleta+electrica&page=2,https://www.revolico.com/item/bicicleta-electrica-57268191
57260643,Bicicleta electrica,450.0,USD,La Habana,Centro Habana,"marca, tipo_bateria, autonomia_km","faltan campos obligatorios: marca, tipo_bateria, autonomia_km",faltan_campos,https://www.revolico.com/search?q=bicicleta+electrica&page=2,https://www.revolico.com/item/bicicleta-electrica-57260643
57252888,Bicicleta electrica,570.0,USD,La Habana,Centro Habana,"marca, tipo_bateria, autonomia_km","faltan campos obligatorios: marca, tipo_bateria, autonomia_km",faltan_campos,https://www.revolico.com/search?q=bicicleta+electrica&page=2,https://www.revolico.com/item/bicicleta-electrica-57252888
57251661,Bicicleta electrica,450.0,USD,La Habana,Arroyo Naranjo,"marca, tipo_bateria, autonomia_km","faltan campos obligatorios: marca, tipo_bateria, autonomia_km",faltan_campos,https://www.revolico.com/search?q=bicicleta+electrica&page=2,https://www.revolico.com/item/bicicleta-electrica-plegable-57251661
57236746,Bicicleta electrica,690.0,USD,La Habana,Diez de Octubre,"marca, tipo_bateria, autonomia_km","faltan campos obligatorios: marca, tipo_bateria, autonomia_km",faltan_campos,https://www.revolico.com/search?q=bicicleta+electrica&page=2,https://www.revolico.com/item/bicicleta-electrica-57236746
57229906,Bicicleta electrica,570.0,USD,La Habana,Centro Habana,"marca, tipo_bateria, autonomia_km","faltan campos obligatorios: marca, tipo_bateria, autonomia_km",faltan_campos,https://www.revolico.com/search?q=bicicleta+electrica&page=2,https://www.revolico.com/item/bicicleta-electrica-57229906
57220630,Bicicleta electrica,300.0,USD,La Habana,Guanabacoa,"marca, tipo_bateria, autonomia_km","faltan campos obligatorios: marca, tipo_bateria, autonomia_km",faltan_campos,https://www.revolico.com/search?q=bicicleta+electrica&page=3,https://www.revolico.com/item/bicicleta-electrica-57220630
57213010,Bicicleta electrica,1400.0,USD,La Habana,Centro Habana,"marca, tipo_bateria, autonomia_km","faltan campos obligatorios: marca, tipo_bateria, autonomia_km",faltan_campos,https://www.revolico.com/search?q=bicicleta+electrica&page=3,https://www.revolico.com/item/bicicleta-electrica-57213010
57206680,Bicicleta electrica,490.0,USD,La Habana,Centro Habana,"marca, tipo_bateria, autonomia_km","faltan campos obligatorios: marca, tipo_bateria, autonomia_km",faltan_campos,https://www.revolico.com/search?q=bicicleta+electrica&page=3,https://www.revolico.com/item/bicicleta-electrica-57206680
57188352,Bicicleta electrica,590.0,USD,La Habana,Playa,"marca, tipo_bateria, autonomia_km","faltan campos obligatorios: marca, tipo_bateria, autonomia_km",faltan_campos,https://www.revolico.com/search?q=bicicleta+electrica&page=3,https://www.revolico.com/item/bicicleta-electrica-57188352
57136472,Bicicleta electrica,520.0,USD,La Habana,Centro Habana,"marca, tipo_bateria, autonomia_km","faltan campos obligatorios: marca, tipo_bateria, autonomia_km",faltan_campos,https://www.revolico.com/search?q=bicicleta+electrica&page=3,https://www.revolico.com/item/bicicleta-electrica-57136472
57108434,Bicicleta electrica,1000.0,USD,La Habana,Playa,"marca, tipo_bateria, autonomia_km","faltan campos obligatorios: marca, tipo_bateria, autonomia_km",faltan_campos,https://www.revolico.com/search?q=bicicleta+electrica&page=3,https://www.revolico.com/item/bicicleta-electrica-57108434
57107117,Bicicleta electrica,1150.0,USD,La Habana,Arroyo Naranjo,"marca, tipo_bateria, autonomia_km","faltan campos obligatorios: marca, tipo_bateria, autonomia_km",faltan_campos,https://www.revolico.com/search?q=bicicleta+electrica&page=3,https://www.revolico.com/item/bicicleta-electrica-57107117
57040972,Bicicleta electrica,640.0,USD,La Habana,Centro Habana,"marca, tipo_bateria, autonomia_km","faltan campos obligatorios: marca, tipo_bateria, autonomia_km",faltan_campos,https://www.revolico.com/search?q=bicicleta+electrica&page=3,https://www.revolico.com/item/bicicleta-electrica-57040972
57037897,Bicicleta electrica,500.0,USD,La Habana,La Lisa,"marca, tipo_bateria, autonomia_km","faltan campos obligatorios: marca, tipo_bateria, autonomia_km",faltan_campos,https://www.revolico.com/search?q=bicicleta+electrica&page=3,https://www.revolico.com/item/bicicleta-electrica-57037897
57026855,Bicicleta electrica,530.0,USD,La Habana,Playa,"marca, tipo_bateria, autonomia_km","faltan campos obligatorios: marca, tipo_bateria, autonomia_km",faltan_campos,https://www.revolico.com/search?q=bicicleta+electrica&page=3,https://www.revolico.com/item/bicicleta-electrica-57026855
57026647,Bicicleta electrica,520.0,USD,La Habana,Plaza,"marca, tipo_bateria, autonomia_km","faltan campos obligatorios: marca, tipo_bateria, autonomia_km",faltan_campos,https://www.revolico.com/search?q=bicicleta+electrica&page=3,https://www.revolico.com/item/bicicleta-electrica-57026647
57026646,Bicicleta electrica,520.0,USD,La Habana,Plaza,"marca, tipo_bateria, autonomia_km","faltan campos obligatorios: marca, tipo_bateria, autonomia_km",faltan_campos,https://www.revolico.com/search?q=bicicleta+electrica&page=3,https://www.revolico.com/item/bicicleta-electrica-57026646
57024000,Bicicleta electrica,420.0,USD,Artemisa,Guanajay,"marca, tipo_bateria, autonomia_km","faltan campos obligatorios: marca, tipo_bateria, autonomia_km",faltan_campos,https://www.revolico.com/search?q=bicicleta+electrica&page=3,https://www.revolico.com/item/bicicleta-electrica-57024000
57004213,Bicicleta electrica,580.0,USD,La Habana,Boyeros,"marca, tipo_bateria, autonomia_km","faltan campos obligatorios: marca, tipo_bateria, autonomia_km",faltan_campos,https://www.revolico.com/search?q=bicicleta+electrica&page=3,https://www.revolico.com/item/bicicleta-electrica-57004213
56997381,Bicicleta electrica,690.0,USD,La Habana,Diez de Octubre,"marca, tipo_bateria, autonomia_km","faltan campos obligatorios: marca, tipo_bateria, autonomia_km",faltan_campos,https://www.revolico.com/search?q=bicicleta+electrica&page=3,https://www.revolico.com/item/bicicleta-electrica-56997381
56991170,Bicicleta electrica,430.0,USD,La Habana,Boyeros,"marca, tipo_bateria, autonomia_km","faltan campos obligatorios: marca, tipo_bateria, autonomia_km",faltan_campos,https://www.revolico.com/search?q=bicicleta+electrica&page=3,https://www.revolico.com/item/bicicleta-electrica-56991170
56976750,Bicicleta electrica,1150.0,USD,La Habana,Arroyo Naranjo,"marca, tipo_bateria, autonomia_km","faltan campos obligatorios: marca, tipo_bateria, autonomia_km",faltan_campos,https://www.revolico.com/search?q=bicicleta+electrica&page=3,https://www.revolico.com/item/bicicleta-electrica-56976750
56923561,Bicicleta electrica,600.0,USD,La Habana,Cerro,"marca, tipo_bateria, autonomia_km","faltan campos obligatorios: marca, tipo_bateria, autonomia_km",faltan_campos,https://www.revolico.com/search?q=bicicleta+electrica&page=3,https://www.revolico.com/item/bicicleta-electrica-56923561
56918137,Bicicleta electrica,1000.0,USD,La Habana,Arroyo Naranjo,"marca, tipo_bateria, autonomia_km","faltan campos obligatorios: marca, tipo_bateria, autonomia_km",faltan_campos,https://www.revolico.com/search?q=bicicleta+electrica&page=3,https://www.revolico.com/item/bicicleta-electrica-56918137
56918059,Bicicleta electrica,690.0,USD,La Habana,Diez de Octubre,"marca, tipo_bateria, autonomia_km","faltan campos obligatorios: marca, tipo_bateria, autonomia_km",faltan_campos,https://www.revolico.com/search?q=bicicleta+electrica&page=3,https://www.revolico.com/item/bicicleta-electrica-56918059
56903513,Bicicleta electrica,540.0,USD,La Habana,Centro Habana,"marca, tipo_bateria, autonomia_km","faltan campos obligatorios: marca, tipo_bateria, autonomia_km",faltan_campos,https://www.revolico.com/search?q=bicicleta+electrica&page=4,https://www.revolico.com/item/bicicleta-electrica-56903513
56902270,Bicicleta electrica,540.0,USD,La Habana,Playa,"marca, tipo_bateria, autonomia_km","faltan campos obligatorios: marca, tipo_bateria, autonomia_km",faltan_campos,https://www.revolico.com/search?q=bicicleta+electrica&page=4,https://www.revolico.com/item/bicicleta-electrica-56902270
56897312,Bicicleta electrica,600.0,USD,La Habana,La Lisa,"marca, tipo_bateria, autonomia_km","faltan campos obligatorios: marca, tipo_bateria, autonomia_km",faltan_campos,https://www.revolico.com/search?q=bicicleta+electrica&page=4,https://www.revolico.com/item/bicicleta-electrica-56897312
56892590,Bicicleta electrica,1.0,USD,La Habana,Habana Vieja,"marca, tipo_bateria, autonomia_km","faltan campos obligatorios: marca, tipo_bateria, autonomia_km",faltan_campos,https://www.revolico.com/search?q=bicicleta+electrica&page=4,https://www.revolico.com/item/bicicleta-electrica-56892590
56878914,Bicicleta electrica,500.0,USD,La Habana,Diez de Octubre,"marca, tipo_bateria, autonomia_km","faltan campos obligatorios: marca, tipo_bateria, autonomia_km",faltan_campos,https://www.revolico.com/search?q=bicicleta+electrica&page=4,https://www.revolico.com/item/bicicleta-electrica-56878914
56863134,Bicicleta electrica,590.0,USD,La Habana,Diez de Octubre,"marca, tipo_bateria, autonomia_km","faltan campos obligatorios: marca, tipo_bateria, autonomia_km",faltan_campos,https://www.revolico.com/search?q=bicicleta+electrica&page=4,https://www.revolico.com/item/bicicleta-electrica-56863134
56857886,Bicicleta electrica,600.0,USD,La Habana,La Lisa,"marca, tipo_bateria, autonomia_km","faltan campos obligatorios: marca, tipo_bateria, autonomia_km",faltan_campos,https://www.revolico.com/search?q=bicicleta+electrica&page=4,https://www.revolico.com/item/bicicleta-electrica-56857886
56829625,Bicicleta electrica,480.0,USD,La Habana,Arroyo Naranjo,"marca, tipo_bateria, autonomia_km","faltan campos obligatorios: marca, tipo_bateria, autonomia_km",faltan_campos,https://www.revolico.com/search?q=bicicleta+electrica&page=4,https://www.revolico.com/item/bicicleta-electrica-56829625
56815095,Bicicleta electrica,550.0,USD,La Habana,Playa,"marca, tipo_bateria, autonomia_km","faltan campos obligatorios: marca, tipo_bateria, autonomia_km",faltan_campos,https://www.revolico.com/search?q=bicicleta+electrica&page=4,https://www.revolico.com/item/bicicleta-electrica-56815095
56810003,Bicicleta electrica,450.0,USD,La Habana,Playa,"marca, tipo_bateria, autonomia_km","faltan campos obligatorios: marca, tipo_bateria, autonomia_km",faltan_campos,https://www.revolico.com/search?q=bicicleta+electrica&page=4,https://www.revolico.com/item/bicicleta-electrica-56810003
56809776,Bicicleta electrica,1650.0,USD,La Habana,Plaza,"marca, tipo_bateria, autonomia_km","faltan campos obligatorios: marca, tipo_bateria, autonomia_km",faltan_campos,https://www.revolico.com/search?q=bicicleta+electrica&page=4,https://www.revolico.com/item/bicicleta-electrica-56809776
56793826,Bicicleta electrica,690.0,USD,La Habana,Diez de Octubre,"marca, tipo_bateria, autonomia_km","faltan campos obligatorios: marca, tipo_bateria, autonomia_km",faltan_campos,https://www.revolico.com/search?q=bicicleta+electrica&page=4,https://www.revolico.com/item/bicicleta-electrica-56793826
56778292,Bicicleta electrica,500.0,USD,La Habana,Plaza,"marca, tipo_bateria, autonomia_km","faltan campos obligatorios: marca, tipo_bateria, autonomia_km",faltan_campos,https://www.revolico.com/search?q=bicicleta+electrica&page=4,https://www.revolico.com/item/bicicleta-electrica-56778292
56731794,Bicicleta electrica,1150.0,USD,Mayabeque,San José de las Lajas,"marca, tipo_bateria, autonomia_km","faltan campos obligatorios: marca, tipo_bateria, autonomia_km",faltan_campos,https://www.revolico.com/search?q=bicicleta+electrica&page=4,https://www.revolico.com/item/bicicleta-electrica-56731794
56731155,Bicicleta electrica,690.0,USD,La Habana,Diez de Octubre,"marca, tipo_bateria, autonomia_km","faltan campos obligatorios: marca, tipo_bateria, autonomia_km",faltan_campos,https://www.revolico.com/search?q=bicicleta+electrica&page=4,https://www.revolico.com/item/bicicleta-electrica-56731155
56709173,Bicicleta electrica,1650.0,USD,Cienfuegos,Cienfuegos,"marca, tipo_bateria, autonomia_km","faltan campos obligatorios: marca, tipo_bateria, autonomia_km",faltan_campos,https://www.revolico.com/search?q=bicicleta+electrica&page=4,https://www.revolico.com/item/bicicleta-electrica-56709173
56707498,Bicicleta electrica,520.0,USD,La Habana,Arroyo Naranjo,"marca, tipo_bateria, autonomia_km","faltan campos obligatorios: marca, tipo_bateria, autonomia_km",faltan_campos,https://www.revolico.com/search?q=bicicleta+electrica&page=4,https://www.revolico.com/item/bicicleta-electrica-56707498
56680607,Bicicleta electrica,550.0,USD,La Habana,Playa,"marca, tipo_bateria, autonomia_km","faltan campos obligatorios: marca, tipo_bateria, autonomia_km",faltan_campos,https://www.revolico.com/search?q=bicicleta+electrica&page=4,https://www.revolico.com/item/bicicleta-electrica-56680607
56670509,Bicicleta electrica,550.0,USD,La Habana,Cerro,"marca, tipo_bateria, autonomia_km","faltan campos obligatorios: marca, tipo_bateria, autonomia_km",faltan_campos,https://www.revolico.com/search?q=bicicleta+electrica&page=4,https://www.revolico.com/item/bicicleta-electrica-56670509
56634528,Bicicleta electrica,480.0,USD,La Habana,Arroyo Naranjo,"marca, tipo_bateria, autonomia_km","faltan campos obligatorios: marca, tipo_bateria, autonomia_km",faltan_campos,https://www.revolico.com/search?q=bicicleta+electrica&page=5,https://www.revolico.com/item/bicicleta-electrica-56634528
56614835,Bicicleta electrica,500.0,USD,La Habana,Arroyo Naranjo,"marca, tipo_bateria, autonomia_km","faltan campos obligatorios: marca, tipo_bateria, autonomia_km",faltan_campos,https://www.revolico.com/search?q=bicicleta+electrica&page=5,https://www.revolico.com/item/bicicleta-electrica-56614835
56610535,Bicicleta electrica,560.0,USD,La Habana,Playa,"marca, tipo_bateria, autonomia_km","faltan campos obligatorios: marca, tipo_bateria, autonomia_km",faltan_campos,https://www.revolico.com/search?q=bicicleta+electrica&page=5,https://www.revolico.com/item/bicicleta-electrica-56610535
56610344,Bicicleta electrica,550.0,USD,La Habana,Playa,"marca, tipo_bateria, autonomia_km","faltan campos obligatorios: marca, tipo_bateria, autonomia_km",faltan_campos,https://www.revolico.com/search?q=bicicleta+electrica&page=5,https://www.revolico.com/item/bicicleta-electrica-56610344
56608092,Bicicleta electrica,550.0,USD,La Habana,Playa,"marca, tipo_bateria, autonomia_km","faltan campos obligatorios: marca, tipo_bateria, autonomia_km",faltan_campos,https://www.revolico.com/search?q=bicicleta+electrica&page=5,https://www.revolico.com/item/bicicleta-electrica-56608092
56578100,Bicicleta electrica,600.0,USD,La Habana,Arroyo Naranjo,"marca, tipo_bateria, autonomia_km","faltan campos obligatorios: marca, tipo_bateria, autonomia_km",faltan_campos,https://www.revolico.com/search?q=bicicleta+electrica&page=5,https://www.revolico.com/item/bicicleta-electrica-56578100
56574082,Bicicleta electrica,690.0,USD,La Habana,Diez de Octubre,"marca, tipo_bateria, autonomia_km","faltan campos obligatorios: marca, tipo_bateria, autonomia_km",faltan_campos,https://www.revolico.com/search?q=bicicleta+electrica&page=5,https://www.revolico.com/item/bicicleta-electrica-56574082
56563743,Bicicleta electrica,690.0,USD,La Habana,Diez de Octubre,"marca, tipo_bateria, autonomia_km","faltan campos obligatorios: marca, tipo_bateria, autonomia_km",faltan_campos,https://www.revolico.com/search?q=bicicleta+electrica&page=5,https://www.revolico.com/item/bicicleta-electrica-56563743
56533348,Bicicleta electrica,590.0,USD,La Habana,Guanabacoa,"marca, tipo_bateria, autonomia_km","faltan campos obligatorios: marca, tipo_bateria, autonomia_km",faltan_campos,https://www.revolico.com/search?q=bicicleta+electrica&page=5,https://www.revolico.com/item/bicicleta-electrica-56533348
56528240,Bicicleta electrica,480.0,USD,La Habana,Arroyo Naranjo,"marca, tipo_bateria, autonomia_km","faltan campos obligatorios: marca, tipo_bateria, autonomia_km",faltan_campos,https://www.revolico.com/search?q=bicicleta+electrica&page=5,https://www.revolico.com/item/bicicleta-electrica-56528240
56520662,Bicicleta electrica,690.0,USD,La Habana,Diez de Octubre,"marca, tipo_bateria, autonomia_km","faltan campos obligatorios: marca, tipo_bateria, autonomia_km",faltan_campos,https://www.revolico.com/search?q=bicicleta+electrica&page=5,https://www.revolico.com/item/bicicleta-electrica-56520662
56493704,Bicicleta electrica,1200.0,USD,La Habana,Centro Habana,"marca, tipo_bateria, autonomia_km","faltan campos obligatorios: marca, tipo_bateria, autonomia_km",faltan_campos,https://www.revolico.com/search?q=bicicleta+electrica&page=5,https://www.revolico.com/item/bicicleta-electrica-56493704
56460186,Bicicleta electrica,530.0,USD,La Habana,Centro Habana,"marca, tipo_bateria, autonomia_km","faltan campos obligatorios: marca, tipo_bateria, autonomia_km",faltan_campos,https://www.revolico.com/search?q=bicicleta+electrica&page=5,https://www.revolico.com/item/bicicleta-electrica-56460186
56394899,Bicicleta electrica,590.0,USD,La Habana,Boyeros,"marca, tipo_bateria, autonomia_km","faltan campos obligatorios: marca, tipo_bateria, autonomia_km",faltan_campos,https://www.revolico.com/search?q=bicicleta+electrica&page=5,https://www.revolico.com/item/bicicleta-electrica-56394899
56390044,Bicicleta electrica,1.0,USD,La Habana,Playa,"marca, tipo_bateria, autonomia_km","faltan campos obligatorios: marca, tipo_bateria, autonomia_km",faltan_campos,https://www.revolico.com/search?q=bicicleta+electrica&page=5,https://www.revolico.com/item/bicicleta-electrica-56390044
56384363,Bicicleta electrica,1.0,USD,La Habana,Habana Vieja,"marca, tipo_bateria, autonomia_km","faltan campos obligatorios: marca, tipo_bateria, autonomia_km",faltan_campos,https://www.revolico.com/search?q=bicicleta+electrica&page=5,https://www.revolico.com/item/bicicleta-electrica-56384363
56252356,Bicicleta electrica,690.0,USD,La Habana,Playa,"marca, tipo_bateria, autonomia_km","faltan campos obligatorios: marca, tipo_bateria, autonomia_km",faltan_campos,https://www.revolico.com/search?q=bicicleta+electrica&page=5,https://www.revolico.com/item/bicicleta-electrica-56252356
56213404,Bicicleta electrica,1000.0,USD,La Habana,Plaza,"marca, tipo_bateria, autonomia_km","faltan campos obligatorios: marca, tipo_bateria, autonomia_km",faltan_campos,https://www.revolico.com/search?q=bicicleta+electrica&page=5,https://www.revolico.com/item/bicicleta-electrica-56213404
56108378,Bicicleta electrica,500.0,USD,La Habana,San Miguel del Padrón,"marca, tipo_bateria, autonomia_km","faltan campos obligatorios: marca, tipo_bateria, autonomia_km",faltan_campos,https://www.revolico.com/search?q=bicicleta+electrica&page=5,https://www.revolico.com/item/bicicleta-electrica-56108378
55992130,Bicicleta electrica,880.0,USD,La Habana,Diez de Octubre,"marca, tipo_bateria, autonomia_km","faltan campos obligatorios: marca, tipo_bateria, autonomia_km",faltan_campos,https://www.revolico.com/search?q=bicicleta+electrica&page=5,https://www.revolico.com/item/bicicleta-electrica-55992130
55947774,Bicicleta electrica,760.0,USD,La Habana,Diez de Octubre,"marca, tipo_bateria, autonomia_km","faltan campos obligatorios: marca, tipo_bateria, autonomia_km",faltan_campos,https://www.revolico.com/search?q=bicicleta+electrica&page=5,https://www.revolico.com/item/bicicleta-electrica-55947774
55227067,Bicicleta electrica,590.0,USD,La Habana,Playa,"marca, tipo_bateria, autonomia_km","faltan campos obligatorios: marca, tipo_bateria, autonomia_km",faltan_campos,https://www.revolico.com/search?q=bicicleta+electrica&page=5,https://www.revolico.com/item/bicicleta-electrica-55227067
57378850,"Bicicleta electrica (bicimoto electrica) f30 estilo moto nueva en caja, cambio por ps5 y vuelto, 20"", 48v 20ah",950.0,USD,La Habana,Cerro,"marca, tipo_bateria, autonomia_km","faltan campos obligatorios: marca, tipo_bateria, autonomia_km",faltan_campos,https://www.revolico.com/search?q=bicicleta+electrica&page=10,https://www.revolico.com/item/bicicleta-electrica-f30-estilo-moto-nueva-en-caja-20-48v-20ah-57378850
57683089,Bicicleta electrica 10.5 ah 3 velocidades Aceleración de puño Pedaleo asistido Precio 💰 580 USD,580.0,USD,Granma,Bayamo,"marca, tipo_bateria, autonomia_km","faltan campos obligatorios: marca, tipo_bateria, autonomia_km",faltan_campos,https://www.revolico.com/search?q=bicicleta+electrica&page=6,https://www.revolico.com/item/bicicleta-electrica-105-ah-3-velocidades-aceleracion-de-puno-pedaleo-asistido-precio-580-usd-57683089
57596969,Bicicleta electrica 700usd,700.0,USD,La Habana,Playa,"marca, tipo_bateria, autonomia_km","faltan campos obligatorios: marca, tipo_bateria, autonomia_km",faltan_campos,https://www.revolico.com/search?q=bicicleta+electrica&page=7,https://www.revolico.com/item/bicicleta-electrica-700usd-57596969
57680980,Bicicleta electrica ASkMY,590.0,USD,La Habana,Boyeros,"marca, tipo_bateria, autonomia_km","faltan campos obligatorios: marca, tipo_bateria, autonomia_km",faltan_campos,https://www.revolico.com/search?q=bicicleta+electrica&page=6,https://www.revolico.com/item/bicicleta-electrica-askmy-57680980
57622266,Bicicleta electrica GS93 para adultos,800.0,USD,La Habana,Habana Vieja,"marca, tipo_bateria, autonomia_km","faltan campos obligatorios: marca, tipo_bateria, autonomia_km",faltan_campos,https://www.revolico.com/search?q=bicicleta+electrica&page=6,https://www.revolico.com/item/bicicleta-electrica-gs93-para-adultos-57622266
56048013,Bicicleta electrica HIEHA 2026 1500W E-BIKE,1150.0,USD,La Habana,Plaza,"marca, tipo_bateria, autonomia_km","faltan campos obligatorios: marca, tipo_bateria, autonomia_km",faltan_campos,https://www.revolico.com/search?q=e-bike&page=2,https://www.revolico.com/item/bicicleta-electrica-hieha-2026-1500w-e-bike-56048013
57363970,Bicicleta electrica Lairtuning,600.0,USD,La Habana,La Lisa,"marca, tipo_bateria, autonomia_km","faltan campos obligatorios: marca, tipo_bateria, autonomia_km",faltan_campos,https://www.revolico.com/search?q=bicicleta+electrica&page=10,https://www.revolico.com/item/bicicleta-electrica-lairtuning-57363970
57567003,Bicicleta electrica Mishosuki,700.0,USD,Holguín,Holguín,"marca, tipo_bateria, autonomia_km","faltan campos obligatorios: marca, tipo_bateria, autonomia_km",faltan_campos,https://www.revolico.com/search?q=bicicleta+electrica&page=7,https://www.revolico.com/item/bicicleta-electrica-mishosuki-57567003
57681826,Bicicleta electrica Okday,540.0,USD,La Habana,Centro Habana,"marca, tipo_bateria, autonomia_km","faltan campos obligatorios: marca, tipo_bateria, autonomia_km",faltan_campos,https://www.revolico.com/search?q=bicicleta+electrica&page=6,https://www.revolico.com/item/bicicleta-electrica-okday-57681826
57376204,Bicicleta electrica Okday,545.0,USD,La Habana,Diez de Octubre,"marca, tipo_bateria, autonomia_km","faltan campos obligatorios: marca, tipo_bateria, autonomia_km",faltan_campos,https://www.revolico.com/search?q=bicicleta+electrica&page=10,https://www.revolico.com/item/bicicleta-electrica-okday-57376204
57447033,"Bicicleta electrica Okday Precio:530 usd 1 mes de garantía 👁️j👁️: Vienen desarmadas, si el cliente las quiere arm",530.0,USD,La Habana,Playa,"marca, tipo_bateria, autonomia_km","faltan campos obligatorios: marca, tipo_bateria, autonomia_km",faltan_campos,https://www.revolico.com/search?q=bicicleta+electrica&page=9,https://www.revolico.com/item/bicicleta-electrica-okday-precio530-usd-1-mes-de-garantia-j-vienen-desarmadas-si-el-cliente-las-quiere-arm-57447033
57317992,"Bicicleta electrica Okday Precio:540 usd 1 mes de garantía 👁️j👁️: Vienen desarmadas, si el cliente las quiere arm",540.0,USD,La Habana,Centro Habana,"marca, tipo_bateria, autonomia_km","faltan campos obligatorios: marca, tipo_bateria, autonomia_km",faltan_campos,https://www.revolico.com/search?q=bicicleta+electrica&page=10,https://www.revolico.com/item/bicicleta-electrica-okday-precio540-usd-1-mes-de-garantia-j-vienen-desarmadas-si-el-cliente-las-quiere-arm-57317992
57374289,"Bicicleta electrica Okday Precio:545 usd🚛en dependencia del lugar 1 mes de garantía 👁️j👁️: Vienen desarmadas, si",545.0,USD,La Habana,Habana Vieja,"marca, tipo_bateria, autonomia_km","faltan campos obligatorios: marca, tipo_bateria, autonomia_km",faltan_campos,https://www.revolico.com/search?q=bicicleta+electrica&page=10,https://www.revolico.com/item/bicicleta-electrica-okday-precio545-usden-dependencia-del-lugar-1-mes-de-garantia-j-vienen-desarmadas-si-57374289
57608910,Bicicleta electrica Sport🚐Villa clara,650.0,USD,Villa Clara,Santa Clara,"marca, tipo_bateria, autonomia_km","faltan campos obligatorios: marca, tipo_bateria, autonomia_km",faltan_campos,https://www.revolico.com/search?q=bicicleta+electrica&page=7,https://www.revolico.com/item/bicicleta-electrica-sportvilla-clara-57608910
57196747,Bicicleta electrica T1 14 inch E-Bike,620.0,USD,La Habana,Centro Habana,"marca, tipo_bateria, autonomia_km","faltan campos obligatorios: marca, tipo_bateria, autonomia_km",faltan_campos,https://www.revolico.com/search?q=e-bike&page=2,https://www.revolico.com/item/bicicleta-electrica-t1-14-inch-e-bike-57196747
56963603,Bicicleta electrica T1 14 inch E-Bike Precio: 580 usd 1 mes de garantía Características Modelo: T1 14 inch E-Bike,580.0,USD,La Habana,Centro Habana,"marca, tipo_bateria, autonomia_km","faltan campos obligatorios: marca, tipo_bateria, autonomia_km",faltan_campos,https://www.revolico.com/search?q=e-bike&page=3,https://www.revolico.com/item/bicicleta-electrica-t1-14-inch-e-bike-precio-580-usd-1-mes-de-garantia-caracteristicas-modelo-t1-14-inch-e-bike-56963603
56967777,Bicicleta electrica T1 14 inch E-Bike plegable,580.0,USD,La Habana,Cerro,"marca, tipo_bateria, autonomia_km","faltan campos obligatorios: marca, tipo_bateria, autonomia_km",faltan_campos,https://www.revolico.com/search?q=e-bike&page=2,https://www.revolico.com/item/bicicleta-electrica-t1-14-inch-e-bike-plegable-56967777
57446850,Bicicleta electrica T5,520.0,USD,La Habana,Centro Habana,"marca, tipo_bateria, autonomia_km","faltan campos obligatorios: marca, tipo_bateria, autonomia_km",faltan_campos,https://www.revolico.com/search?q=bicicleta+electrica&page=9,https://www.revolico.com/item/bicicleta-electrica-t5-57446850
57478448,Bicicleta electrica TST Edgar 1180 USD,1180.0,USD,La Habana,Centro Habana,"marca, tipo_bateria, autonomia_km","faltan campos obligatorios: marca, tipo_bateria, autonomia_km",faltan_campos,https://www.revolico.com/search?q=bicicleta+electrica&page=9,https://www.revolico.com/item/bicicleta-electrica-tst-edgar-1180-usd-57478448
57556858,Bicicleta electrica bicimoto Maf de 1200 wat-48 vol_20ah 50-60 por carga,750.0,USD,La Habana,Diez de Octubre,"marca, tipo_bateria, autonomia_km","faltan campos obligatorios: marca, tipo_bateria, autonomia_km",faltan_campos,https://www.revolico.com/search?q=bicicleta+electrica&page=7,https://www.revolico.com/item/bicicleta-electrica-bicimoto-maf-de-1200-wat-48-vol_20ah-50-60-por-carga-57556858
57509952,Bicicleta electrica buccati,1000.0,USD,La Habana,Marianao,"marca, tipo_bateria, autonomia_km","faltan campos obligatorios: marca, tipo_bateria, autonomia_km",faltan_campos,https://www.revolico.com/search?q=bicicleta+electrica&page=8,https://www.revolico.com/item/bicicleta-electrica-buccati-57509952
57385425,Bicicleta electrica buccati,980.0,USD,La Habana,Marianao,"marca, tipo_bateria, autonomia_km","faltan campos obligatorios: marca, tipo_bateria, autonomia_km",faltan_campos,https://www.revolico.com/search?q=bicicleta+electrica&page=10,https://www.revolico.com/item/bicimoto-buccati-57385425
57656199,Bicicleta electrica ebike A12,700.0,USD,La Habana,Marianao,"marca, tipo_bateria, autonomia_km","faltan campos obligatorios: marca, tipo_bateria, autonomia_km",faltan_campos,https://www.revolico.com/search?q=bicicleta+electrica&page=6,https://www.revolico.com/item/bicicleta-electrica-ebike-a12-57656199
57611296,Bicicleta electrica ebike de 2026,600.0,USD,La Habana,Playa,"marca, tipo_bateria, autonomia_km","faltan campos obligatorios: marca, tipo_bateria, autonomia_km",faltan_campos,https://www.revolico.com/search?q=bicicleta+electrica&page=7,https://www.revolico.com/item/bicicleta-electrica-ebike-de-2026-57611296
57664189,Bicicleta electrica ebike de 2026 nueva 0km,600.0,USD,La Habana,Plaza,"marca, tipo_bateria, autonomia_km","faltan campos obligatorios: marca, tipo_bateria, autonomia_km",faltan_campos,https://www.revolico.com/search?q=bicicleta+electrica&page=6,https://www.revolico.com/item/bicicleta-electrica-ebike-de-2026-nueva-0km-57664189
57664613,Bicicleta electrica en la Habana,1500.0,USD,La Habana,Marianao,"marca, tipo_bateria, autonomia_km","faltan campos obligatorios: marca, tipo_bateria, autonomia_km",faltan_campos,https://www.revolico.com/search?q=bicicleta+electrica&page=6,https://www.revolico.com/item/bicicleta-electrica-en-la-habana-57664613
57533032,Bicicleta electrica eskute t300 plus,900.0,USD,La Habana,Marianao,"marca, tipo_bateria, autonomia_km","faltan campos obligatorios: marca, tipo_bateria, autonomia_km",faltan_campos,https://www.revolico.com/search?q=bicicleta+electrica&page=8,https://www.revolico.com/item/bicicleta-electrica-eskute-t300-plus-57533032
57426944,Bicicleta electrica gs3,620.0,USD,La Habana,Habana Vieja,"marca, tipo_bateria, autonomia_km","faltan campos obligatorios: marca, tipo_bateria, autonomia_km",faltan_campos,https://www.revolico.com/search?q=bicicleta+electrica&page=9,https://www.revolico.com/item/bicicleta-electrica-gs3-57426944
57580904,Bicicleta electrica huracán,600.0,USD,La Habana,Diez de Octubre,"marca, tipo_bateria, autonomia_km","faltan campos obligatorios: marca, tipo_bateria, autonomia_km",faltan_campos,https://www.revolico.com/search?q=bicicleta+electrica&page=7,https://www.revolico.com/item/bicicleta-electrica-huracan-57580904
57563675,Bicicleta electrica nueva en su caja,520.0,USD,La Habana,Boyeros,"marca, tipo_bateria, autonomia_km","faltan campos obligatorios: marca, tipo_bateria, autonomia_km",faltan_campos,https://www.revolico.com/search?q=bicicleta+electrica&page=7,https://www.revolico.com/item/bicicleta-electrica-nueva-en-su-caja-57563675
57191970,Bicicleta electrica nueva y bicimoto no dejas de llamas,500.0,USD,La Habana,Playa,"marca, tipo_bateria, autonomia_km","faltan campos obligatorios: marca, tipo_bateria, autonomia_km",faltan_campos,https://www.revolico.com/search?q=bicimoto+electrica&page=6,https://www.revolico.com/item/bicicleta-electrica-nueva-y-bicimoto-no-dejas-de-llamas-57191970
57675880,Bicicleta electrica nueva ‼️💥,550.0,USD,La Habana,La Lisa,"marca, tipo_bateria, autonomia_km","faltan campos obligatorios: marca, tipo_bateria, autonomia_km",faltan_campos,https://www.revolico.com/search?q=bicicleta+electrica&page=6,https://www.revolico.com/item/bicicleta-electrica-nueva-57675880
56986445,Bicicleta electrica nuevas,540.0,USD,La Habana,Diez de Octubre,"marca, tipo_bateria, autonomia_km","faltan campos obligatorios: marca, tipo_bateria, autonomia_km",faltan_campos,https://www.revolico.com/search?q=bici+electrica&page=2,https://www.revolico.com/item/bicicleta-electrica-nuevas-56986445
57454875,Bicicleta electrica nuevo modelo,650.0,USD,La Habana,Playa,"marca, tipo_bateria, autonomia_km","faltan campos obligatorios: marca, tipo_bateria, autonomia_km",faltan_campos,https://www.revolico.com/search?q=bicicleta+electrica&page=9,https://www.revolico.com/item/bicicleta-electrica-nuevo-modelo-57454875
56813714,Bicicleta electrica o bicimoto,1.0,USD,La Habana,Plaza,"marca, tipo_bateria, autonomia_km","faltan campos obligatorios: marca, tipo_bateria, autonomia_km",faltan_campos,https://www.revolico.com/search?q=bicimoto+electrica&page=5,https://www.revolico.com/item/bicicleta-electrica-o-bicimoto-56813714
57658117,Bicicleta electrica plegable,480.0,USD,La Habana,Cotorro,"marca, tipo_bateria, autonomia_km","faltan campos obligatorios: marca, tipo_bateria, autonomia_km",faltan_campos,https://www.revolico.com/search?q=bicicleta+electrica&page=6,https://www.revolico.com/item/bicicleta-electrica-plegable-57658117
57658078,Bicicleta electrica plegable,460.0,USD,La Habana,Cotorro,"marca, tipo_bateria, autonomia_km","faltan campos obligatorios: marca, tipo_bateria, autonomia_km",faltan_campos,https://www.revolico.com/search?q=bicicleta+electrica&page=6,https://www.revolico.com/item/bicicleta-electrica-plegable-57658078
57621199,Bicicleta electrica plegable,1.0,USD,La Habana,Centro Habana,"marca, tipo_bateria, autonomia_km","faltan campos obligatorios: marca, tipo_bateria, autonomia_km",faltan_campos,https://www.revolico.com/search?q=bicicleta+electrica&page=7,https://www.revolico.com/item/bicicleta-electrica-plegable-57621199
57615065,Bicicleta electrica plegable,500.0,USD,La Habana,Playa,"marca, tipo_bateria, autonomia_km","faltan campos obligatorios: marca, tipo_bateria, autonomia_km",faltan_campos,https://www.revolico.com/search?q=bicicleta+electrica&page=7,https://www.revolico.com/item/bicicleta-electrica-plegable-57615065
57574746,Bicicleta electrica plegable,750.0,USD,La Habana,Playa,"marca, tipo_bateria, autonomia_km","faltan campos obligatorios: marca, tipo_bateria, autonomia_km",faltan_campos,https://www.revolico.com/search?q=bicicleta+electrica&page=7,https://www.revolico.com/item/bicicleta-electrica-plegable-57574746
57564753,Bicicleta electrica plegable,1.0,USD,La Habana,Centro Habana,"marca, tipo_bateria, autonomia_km","faltan campos obligatorios: marca, tipo_bateria, autonomia_km",faltan_campos,https://www.revolico.com/search?q=bicicleta+electrica&page=7,https://www.revolico.com/item/bicicleta-electrica-plegable-57564753
57528842,Bicicleta electrica plegable,400.0,USD,La Habana,Arroyo Naranjo,"marca, tipo_bateria, autonomia_km","faltan campos obligatorios: marca, tipo_bateria, autonomia_km",faltan_campos,https://www.revolico.com/search?q=bicicleta+electrica&page=8,https://www.revolico.com/item/bicicleta-electrica-plegable-57528842
57458118,Bicicleta electrica plegable,510.0,USD,La Habana,Cotorro,"marca, tipo_bateria, autonomia_km","faltan campos obligatorios: marca, tipo_bateria, autonomia_km",faltan_campos,https://www.revolico.com/search?q=bicicleta+electrica&page=9,https://www.revolico.com/item/bicicleta-electrica-plegable-57458118
57564719,Bicicleta electrica plegable 14 pulgadas,750.0,USD,La Habana,Playa,"marca, tipo_bateria, autonomia_km","faltan campos obligatorios: marca, tipo_bateria, autonomia_km",faltan_campos,https://www.revolico.com/search?q=bicicleta+electrica&page=7,https://www.revolico.com/item/bicicleta-electrica-plegable-14-pulgadas-57564719
57481227,Bicicleta electrica plegable 580USD,580.0,USD,La Habana,Plaza,"marca, tipo_bateria, autonomia_km","faltan campos obligatorios: marca, tipo_bateria, autonomia_km",faltan_campos,https://www.revolico.com/search?q=bicicleta+electrica&page=9,https://www.revolico.com/item/bicicleta-electrica-plegable-580usd-57481227
56536773,Bicicleta electrica plegable bicimoto,550.0,USD,La Habana,,"marca, tipo_bateria, autonomia_km","faltan campos obligatorios: marca, tipo_bateria, autonomia_km",faltan_campos,https://www.revolico.com/search?q=bicimoto+electrica&page=5,https://www.revolico.com/item/bicicleta-electrica-plegable-bicimoto-56536773
57679015,Bicicleta electrica plegable con complementos,535.0,USD,La Habana,Boyeros,"marca, tipo_bateria, autonomia_km","faltan campos obligatorios: marca, tipo_bateria, autonomia_km",faltan_campos,https://www.revolico.com/search?q=bicicleta+electrica&page=6,https://www.revolico.com/item/bicicleta-electrica-plegable-con-complementos-57679015
57644328,Bicicleta electrica plegable con complementos,535.0,USD,La Habana,Boyeros,"marca, tipo_bateria, autonomia_km","faltan campos obligatorios: marca, tipo_bateria, autonomia_km",faltan_campos,https://www.revolico.com/search?q=bicicleta+electrica&page=6,https://www.revolico.com/item/bicicleta-electrica-plegable-con-complementos-57644328
57686369,Bicicleta electrica plegable de 800w,500.0,USD,La Habana,Playa,"marca, tipo_bateria, autonomia_km","faltan campos obligatorios: marca, tipo_bateria, autonomia_km",faltan_campos,https://www.revolico.com/search?q=bicicleta+electrica&page=6,https://www.revolico.com/item/bicicleta-electrica-plegable-de-800w-57686369
57448048,Bicicleta electrica plegable ebike,630.0,USD,La Habana,Cotorro,"marca, tipo_bateria, autonomia_km","faltan campos obligatorios: marca, tipo_bateria, autonomia_km",faltan_campos,https://www.revolico.com/search?q=bicicleta+electrica&page=9,https://www.revolico.com/item/bicicleta-electrica-plegable-ebike-57448048
57686389,Bicicleta electrica plegable: - Potencia: 800w -,500.0,USD,La Habana,Playa,"marca, tipo_bateria, autonomia_km","faltan campos obligatorios: marca, tipo_bateria, autonomia_km",faltan_campos,https://www.revolico.com/search?q=bicicleta+electrica&page=6,https://www.revolico.com/item/bicicleta-electrica-plegable-potencia-800w-57686389
57592632,Bicicleta electrica plegables T5,580.0,USD,La Habana,Centro Habana,"marca, tipo_bateria, autonomia_km","faltan campos obligatorios: marca, tipo_bateria, autonomia_km",faltan_campos,https://www.revolico.com/search?q=bicicleta+electrica&page=7,https://www.revolico.com/item/bicicleta-electrica-plegables-t5-57592632
57637422,Bicicleta electrica plegables T5 🚲*,550.0,USD,La Habana,Plaza,"marca, tipo_bateria, autonomia_km","faltan campos obligatorios: marca, tipo_bateria, autonomia_km",faltan_campos,https://www.revolico.com/search?q=bicicleta+electrica&page=6,https://www.revolico.com/item/bicicleta-electrica-plegables-t5-57637422
57330148,Bicicleta electrica plegables T5 🚲*,520.0,USD,La Habana,Habana Vieja,"marca, tipo_bateria, autonomia_km","faltan campos obligatorios: marca, tipo_bateria, autonomia_km",faltan_campos,https://www.revolico.com/search?q=bicicleta+electrica&page=10,https://www.revolico.com/item/bicicleta-electrica-plegables-t5-57330148
57407467,Bicicleta electrica práctica y ligera,590.0,USD,La Habana,Habana Vieja,"marca, tipo_bateria, autonomia_km","faltan campos obligatorios: marca, tipo_bateria, autonomia_km",faltan_campos,https://www.revolico.com/search?q=bicicleta+electrica&page=10,https://www.revolico.com/item/bicicleta-electrica-practica-y-ligera-57407467
57517934,Bicicleta electrica sin batería,250.0,USD,Artemisa,Artemisa,"marca, tipo_bateria, autonomia_km","faltan campos obligatorios: marca, tipo_bateria, autonomia_km",faltan_campos,https://www.revolico.com/search?q=bicicleta+electrica&page=8,https://www.revolico.com/item/bicicleta-electrica-sin-bateria-57517934
57500706,Bicicleta electrica sin suspension,480.0,USD,La Habana,Diez de Octubre,"marca, tipo_bateria, autonomia_km","faltan campos obligatorios: marca, tipo_bateria, autonomia_km",faltan_campos,https://www.revolico.com/search?q=bicicleta+electrica&page=8,https://www.revolico.com/item/bicicleta-electrica-sin-suspension-57500706
57526505,Bicicleta electrica sport,500.0,USD,La Habana,Diez de Octubre,"marca, tipo_bateria, autonomia_km","faltan campos obligatorios: marca, tipo_bateria, autonomia_km",faltan_campos,https://www.revolico.com/search?q=bicicleta+electrica&page=8,https://www.revolico.com/item/bicicleta-electrica-sport-57526505
57533008,Bicicleta electrica sport 08,600.0,USD,La Habana,Marianao,"marca, tipo_bateria, autonomia_km","faltan campos obligatorios: marca, tipo_bateria, autonomia_km",faltan_campos,https://www.revolico.com/search?q=bicicleta+electrica&page=8,https://www.revolico.com/item/bicicleta-electrica-sport-08-57533008
57443058,Bicicleta electrica súper oferta solo por hoy,500.0,USD,La Habana,Plaza,"marca, tipo_bateria, autonomia_km","faltan campos obligatorios: marca, tipo_bateria, autonomia_km",faltan_campos,https://www.revolico.com/search?q=bicicleta+electrica&page=9,https://www.revolico.com/item/bicicleta-electrica-super-oferta-solo-por-hoy-57443058
57020913,Bicicleta electrica ultimo modelo nueva,550.0,USD,La Habana,La Lisa,"marca, tipo_bateria, autonomia_km","faltan campos obligatorios: marca, tipo_bateria, autonomia_km",faltan_campos,https://www.revolico.com/search?q=bici+electrica&page=2,https://www.revolico.com/item/bicicleta-electrica-ultimo-modelo-nueva-57020913
57577219,Bicicleta electrica un mes de uso,350.0,USD,La Habana,Boyeros,"marca, tipo_bateria, autonomia_km","faltan campos obligatorios: marca, tipo_bateria, autonomia_km",faltan_campos,https://www.revolico.com/search?q=bicicleta+electrica&page=7,https://www.revolico.com/item/bicicleta-electrica-un-mes-de-uso-57577219
57533021,Bicicleta electrica viporvive,800.0,USD,La Habana,Marianao,"marca, tipo_bateria, autonomia_km","faltan campos obligatorios: marca, tipo_bateria, autonomia_km",faltan_campos,https://www.revolico.com/search?q=bicicleta+electrica&page=8,https://www.revolico.com/item/bicicleta-electrica-viporvive-57533021
57646697,Bicicleta electrica 🍀,570.0,USD,La Habana,Centro Habana,"marca, tipo_bateria, autonomia_km","faltan campos obligatorios: marca, tipo_bateria, autonomia_km",faltan_campos,https://www.revolico.com/search?q=bicicleta+electrica&page=6,https://www.revolico.com/item/bicicleta-electrica-57646697
56704848,Bicicleta elèctrica,590.0,USD,La Habana,Plaza,"marca, tipo_bateria, autonomia_km","faltan campos obligatorios: marca, tipo_bateria, autonomia_km",faltan_campos,https://www.revolico.com/search?q=bicicleta+electrica&page=4,https://www.revolico.com/item/bicicleta-electrica-56704848
57318605,Bicicleta eléctrica,520.0,USD,La Habana,Boyeros,"marca, tipo_bateria, autonomia_km","faltan campos obligatorios: marca, tipo_bateria, autonomia_km",faltan_campos,https://www.revolico.com/search?q=bici+electrica&page=2,https://www.revolico.com/item/bicicleta-electrica-57318605
56846726,Bicicleta eléctrica,780.0,USD,La Habana,Plaza,"marca, tipo_bateria, autonomia_km","faltan campos obligatorios: marca, tipo_bateria, autonomia_km",faltan_campos,https://www.revolico.com/search?q=bici+electrica&page=2,https://www.revolico.com/item/bicicleta-electrica-56846726
56846715,Bicicleta eléctrica,780.0,USD,La Habana,Plaza,"marca, tipo_bateria, autonomia_km","faltan campos obligatorios: marca, tipo_bateria, autonomia_km",faltan_campos,https://www.revolico.com/search?q=bici+electrica&page=2,https://www.revolico.com/item/bicicleta-electrica-56846715
56407679,Bicicleta eléctrica,700.0,USD,La Habana,Diez de Octubre,"marca, tipo_bateria, autonomia_km","faltan campos obligatorios: marca, tipo_bateria, autonomia_km",faltan_campos,https://www.revolico.com/search?q=bici+electrica&page=2,https://www.revolico.com/item/bicicleta-electrica-56407679
57695230,Bicicleta eléctrica,500.0,USD,La Habana,Habana del Este,"marca, tipo_bateria, autonomia_km","faltan campos obligatorios: marca, tipo_bateria, autonomia_km",faltan_campos,https://www.revolico.com/search?q=bicicleta+electrica&page=1,https://www.revolico.com/item/bicicleta-electrica-57695230
57694694,Bicicleta eléctrica,950.0,USD,La Habana,Habana del Este,"marca, tipo_bateria, autonomia_km","faltan campos obligatorios: marca, tipo_bateria, autonomia_km",faltan_campos,https://www.revolico.com/search?q=bicicleta+electrica&page=1,https://www.revolico.com/item/bicicleta-electrica-57694694
57694537,Bicicleta eléctrica,850.0,USD,La Habana,Playa,"marca, tipo_bateria, autonomia_km","faltan campos obligatorios: marca, tipo_bateria, autonomia_km",faltan_campos,https://www.revolico.com/search?q=bicicleta+electrica&page=1,https://www.revolico.com/item/bicicleta-electrica-57694537
57677684,Bicicleta eléctrica,475.0,USD,La Habana,Habana Vieja,"marca, tipo_bateria, autonomia_km","faltan campos obligatorios: marca, tipo_bateria, autonomia_km",faltan_campos,https://www.revolico.com/search?q=bicicleta+electrica&page=1,https://www.revolico.com/item/bicicleta-electrica-57677684
57675158,Bicicleta eléctrica,900.0,USD,La Habana,Centro Habana,"marca, tipo_bateria, autonomia_km","faltan campos obligatorios: marca, tipo_bateria, autonomia_km",faltan_campos,https://www.revolico.com/search?q=bicicleta+electrica&page=1,https://www.revolico.com/item/bicicleta-electrica-57675158
57663269,Bicicleta eléctrica,500.0,USD,La Habana,Arroyo Naranjo,"marca, tipo_bateria, autonomia_km","faltan campos obligatorios: marca, tipo_bateria, autonomia_km",faltan_campos,https://www.revolico.com/search?q=bicicleta+electrica&page=1,https://www.revolico.com/item/bicicleta-electrica-57663269
57662523,Bicicleta eléctrica,480.0,USD,La Habana,Arroyo Naranjo,"marca, tipo_bateria, autonomia_km","faltan campos obligatorios: marca, tipo_bateria, autonomia_km",faltan_campos,https://www.revolico.com/search?q=bicicleta+electrica&page=1,https://www.revolico.com/item/bicicleta-electrica-57662523
57661021,Bicicleta eléctrica,650.0,USD,La Habana,Arroyo Naranjo,"marca, tipo_bateria, autonomia_km","faltan campos obligatorios: marca, tipo_bateria, autonomia_km",faltan_campos,https://www.revolico.com/search?q=bicicleta+electrica&page=1,https://www.revolico.com/item/bicicleta-electrica-57661021
57659349,Bicicleta eléctrica,480.0,USD,La Habana,Regla,"marca, tipo_bateria, autonomia_km","faltan campos obligatorios: marca, tipo_bateria, autonomia_km",faltan_campos,https://www.revolico.com/search?q=bicicleta+electrica&page=1,https://www.revolico.com/item/bicicleta-electrica-57659349
57651896,Bicicleta eléctrica,590.0,USD,La Habana,Diez de Octubre,"marca, tipo_bateria, autonomia_km","faltan campos obligatorios: marca, tipo_bateria, autonomia_km",faltan_campos,https://www.revolico.com/search?q=bicicleta+electrica&page=1,https://www.revolico.com/item/bicicleta-electrica-57651896
57649185,Bicicleta eléctrica,650.0,USD,La Habana,Centro Habana,"marca, tipo_bateria, autonomia_km","faltan campos obligatorios: marca, tipo_bateria, autonomia_km",faltan_campos,https://www.revolico.com/search?q=bicicleta+electrica&page=1,https://www.revolico.com/item/bicicleta-electrica-57649185
57648799,Bicicleta eléctrica,450.0,USD,La Habana,Centro Habana,"marca, tipo_bateria, autonomia_km","faltan campos obligatorios: marca, tipo_bateria, autonomia_km",faltan_campos,https://www.revolico.com/search?q=bicicleta+electrica&page=1,https://www.revolico.com/item/bicicleta-electrica-57648799
57644649,Bicicleta eléctrica,500.0,USD,La Habana,Playa,"marca, tipo_bateria, autonomia_km","faltan campos obligatorios: marca, tipo_bateria, autonomia_km",faltan_campos,https://www.revolico.com/search?q=bicicleta+electrica&page=1,https://www.revolico.com/item/bicicleta-electrica-57644649
57642630,Bicicleta eléctrica,820.0,USD,La Habana,Centro Habana,"marca, tipo_bateria, autonomia_km","faltan campos obligatorios: marca, tipo_bateria, autonomia_km",faltan_campos,https://www.revolico.com/search?q=bicicleta+electrica&page=1,https://www.revolico.com/item/bicicleta-electrica-57642630
57631419,Bicicleta eléctrica,540.0,USD,La Habana,Centro Habana,"marca, tipo_bateria, autonomia_km","faltan campos obligatorios: marca, tipo_bateria, autonomia_km",faltan_campos,https://www.revolico.com/search?q=bicicleta+electrica&page=1,https://www.revolico.com/item/bicicleta-electrica-57631419
57626677,Bicicleta eléctrica,550.0,USD,Villa Clara,Santa Clara,"marca, tipo_bateria, autonomia_km","faltan campos obligatorios: marca, tipo_bateria, autonomia_km",faltan_campos,https://www.revolico.com/search?q=bicicleta+electrica&page=1,https://www.revolico.com/item/bicicleta-electrica-57626677
57626582,Bicicleta eléctrica,1450.0,USD,Villa Clara,Santa Clara,"marca, tipo_bateria, autonomia_km","faltan campos obligatorios: marca, tipo_bateria, autonomia_km",faltan_campos,https://www.revolico.com/search?q=bicicleta+electrica&page=1,https://www.revolico.com/item/bicicleta-electrica-57626582
57621484,Bicicleta eléctrica,500.0,USD,La Habana,Centro Habana,"marca, tipo_bateria, autonomia_km","faltan campos obligatorios: marca, tipo_bateria, autonomia_km",faltan_campos,https://www.revolico.com/search?q=bicicleta+electrica&page=1,https://www.revolico.com/item/bicicleta-electrica-57621484
57617929,Bicicleta eléctrica,450.0,USD,La Habana,Boyeros,"marca, tipo_bateria, autonomia_km","faltan campos obligatorios: marca, tipo_bateria, autonomia_km",faltan_campos,https://www.revolico.com/search?q=bicicleta+electrica&page=1,https://www.revolico.com/item/bicicleta-electrica-57617929
57612950,Bicicleta eléctrica,550.0,USD,La Habana,Habana del Este,"marca, tipo_bateria, autonomia_km","faltan campos obligatorios: marca, tipo_bateria, autonomia_km",faltan_campos,https://www.revolico.com/search?q=bicicleta+electrica&page=1,https://www.revolico.com/item/bicicleta-electrica-57612950
57611629,Bicicleta eléctrica,920.0,USD,La Habana,Cerro,"marca, tipo_bateria, autonomia_km","faltan campos obligatorios: marca, tipo_bateria, autonomia_km",faltan_campos,https://www.revolico.com/search?q=bicicleta+electrica&page=1,https://www.revolico.com/item/bicicleta-electrica-57611629
57604252,Bicicleta eléctrica,1000.0,USD,La Habana,Centro Habana,"marca, tipo_bateria, autonomia_km","faltan campos obligatorios: marca, tipo_bateria, autonomia_km",faltan_campos,https://www.revolico.com/search?q=bicicleta+electrica&page=1,https://www.revolico.com/item/bicicleta-electrica-57604252
57595427,Bicicleta eléctrica,480.0,USD,La Habana,Cerro,"marca, tipo_bateria, autonomia_km","faltan campos obligatorios: marca, tipo_bateria, autonomia_km",faltan_campos,https://www.revolico.com/search?q=bicicleta+electrica&page=1,https://www.revolico.com/item/bicicleta-electrica-57595427
57595008,Bicicleta eléctrica,480.0,USD,Santiago de Cuba,Santiago de Cuba,"marca, tipo_bateria, autonomia_km","faltan campos obligatorios: marca, tipo_bateria, autonomia_km",faltan_campos,https://www.revolico.com/search?q=bicicleta+electrica&page=1,https://www.revolico.com/item/bicicleta-electrica-57595008
57594946,Bicicleta eléctrica,950.0,USD,La Habana,Guanabacoa,"marca, tipo_bateria, autonomia_km","faltan campos obligatorios: marca, tipo_bateria, autonomia_km",faltan_campos,https://www.revolico.com/search?q=bicicleta+electrica&page=1,https://www.revolico.com/item/bicicleta-electrica-57594946
57589779,Bicicleta eléctrica,500.0,USD,La Habana,Cotorro,"marca, tipo_bateria, autonomia_km","faltan campos obligatorios: marca, tipo_bateria, autonomia_km",faltan_campos,https://www.revolico.com/search?q=bicicleta+electrica&page=1,https://www.revolico.com/item/bicicleta-electrica-57589779
57587614,Bicicleta eléctrica,460.0,USD,La Habana,Playa,"marca, tipo_bateria, autonomia_km","faltan campos obligatorios: marca, tipo_bateria, autonomia_km",faltan_campos,https://www.revolico.com/search?q=bicicleta+electrica&page=1,https://www.revolico.com/item/bicicleta-electrica-57587614
57587228,Bicicleta eléctrica,550.0,USD,La Habana,Cerro,"marca, tipo_bateria, autonomia_km","faltan campos obligatorios: marca, tipo_bateria, autonomia_km",faltan_campos,https://www.revolico.com/search?q=bicicleta+electrica&page=1,https://www.revolico.com/item/bicicleta-electrica-57587228
57582058,Bicicleta eléctrica,350.0,USD,La Habana,La Lisa,"marca, tipo_bateria, autonomia_km","faltan campos obligatorios: marca, tipo_bateria, autonomia_km",faltan_campos,https://www.revolico.com/search?q=bicicleta+electrica&page=1,https://www.revolico.com/item/bicicleta-electrica-57582058
57580859,Bicicleta eléctrica,700.0,USD,La Habana,Playa,"marca, tipo_bateria, autonomia_km","faltan campos obligatorios: marca, tipo_bateria, autonomia_km",faltan_campos,https://www.revolico.com/search?q=bicicleta+electrica&page=1,https://www.revolico.com/item/bicicleta-electrica-57580859
57577245,Bicicleta eléctrica,500.0,USD,Pinar del Río,Consolación del Sur,"marca, tipo_bateria, autonomia_km","faltan campos obligatorios: marca, tipo_bateria, autonomia_km",faltan_campos,https://www.revolico.com/search?q=bicicleta+electrica&page=1,https://www.revolico.com/item/bicicleta-electrica-57577245
57572420,Bicicleta eléctrica,800.0,USD,La Habana,Marianao,"marca, tipo_bateria, autonomia_km","faltan campos obligatorios: marca, tipo_bateria, autonomia_km",faltan_campos,https://www.revolico.com/search?q=bicicleta+electrica&page=1,https://www.revolico.com/item/bicicleta-electrica-57572420
57569140,Bicicleta eléctrica,600.0,USD,La Habana,Cotorro,"marca, tipo_bateria, autonomia_km","faltan campos obligatorios: marca, tipo_bateria, autonomia_km",faltan_campos,https://www.revolico.com/search?q=bicicleta+electrica&page=1,https://www.revolico.com/item/bicicleta-electrica-57569140
57566914,Bicicleta eléctrica,640.0,USD,La Habana,Centro Habana,"marca, tipo_bateria, autonomia_km","faltan campos obligatorios: marca, tipo_bateria, autonomia_km",faltan_campos,https://www.revolico.com/search?q=bicicleta+electrica&page=1,https://www.revolico.com/item/bicicleta-electrica-57566914
57565771,Bicicleta eléctrica,470.0,USD,La Habana,Centro Habana,"marca, tipo_bateria, autonomia_km","faltan campos obligatorios: marca, tipo_bateria, autonomia_km",faltan_campos,https://www.revolico.com/search?q=bicicleta+electrica&page=1,https://www.revolico.com/item/bicicleta-electrica-57565771
57565499,Bicicleta eléctrica,500.0,USD,La Habana,Playa,"marca, tipo_bateria, autonomia_km","faltan campos obligatorios: marca, tipo_bateria, autonomia_km",faltan_campos,https://www.revolico.com/search?q=bicicleta+electrica&page=1,https://www.revolico.com/item/bicicleta-electrica-57565499
57564909,Bicicleta eléctrica,520.0,USD,La Habana,Diez de Octubre,"marca, tipo_bateria, autonomia_km","faltan campos obligatorios: marca, tipo_bateria, autonomia_km",faltan_campos,https://www.revolico.com/search?q=bicicleta+electrica&page=1,https://www.revolico.com/item/bicicleta-electrica-57564909
57562075,Bicicleta eléctrica,500.0,USD,La Habana,Centro Habana,"marca, tipo_bateria, autonomia_km","faltan campos obligatorios: marca, tipo_bateria, autonomia_km",faltan_campos,https://www.revolico.com/search?q=bicicleta+electrica&page=1,https://www.revolico.com/item/bicicleta-electrica-57562075
57556579,Bicicleta eléctrica,620.0,USD,La Habana,Centro Habana,"marca, tipo_bateria, autonomia_km","faltan campos obligatorios: marca, tipo_bateria, autonomia_km",faltan_campos,https://www.revolico.com/search?q=bicicleta+electrica&page=1,https://www.revolico.com/item/bicicleta-electrica-57556579
57556295,Bicicleta eléctrica,500.0,USD,La Habana,Marianao,"marca, tipo_bateria, autonomia_km","faltan campos obligatorios: marca, tipo_bateria, autonomia_km",faltan_campos,https://www.revolico.com/search?q=bicicleta+electrica&page=1,https://www.revolico.com/item/bicicleta-electrica-57556295
57555447,Bicicleta eléctrica,1190.0,USD,Matanzas,Matanzas,"marca, tipo_bateria, autonomia_km","faltan campos obligatorios: marca, tipo_bateria, autonomia_km",faltan_campos,https://www.revolico.com/search?q=bicicleta+electrica&page=1,https://www.revolico.com/item/bicicleta-electrica-57555447
57552322,Bicicleta eléctrica,600.0,USD,La Habana,Diez de Octubre,"marca, tipo_bateria, autonomia_km","faltan campos obligatorios: marca, tipo_bateria, autonomia_km",faltan_campos,https://www.revolico.com/search?q=bicicleta+electrica&page=1,https://www.revolico.com/item/bicicleta-electrica-57552322
57552285,Bicicleta eléctrica,1100.0,USD,La Habana,Boyeros,"marca, tipo_bateria, autonomia_km","faltan campos obligatorios: marca, tipo_bateria, autonomia_km",faltan_campos,https://www.revolico.com/search?q=bicicleta+electrica&page=1,https://www.revolico.com/item/bicicleta-electrica-57552285
57552204,Bicicleta eléctrica,600.0,USD,La Habana,Playa,"marca, tipo_bateria, autonomia_km","faltan campos obligatorios: marca, tipo_bateria, autonomia_km",faltan_campos,https://www.revolico.com/search?q=bicicleta+electrica&page=1,https://www.revolico.com/item/bicicleta-electrica-57552204
57552181,Bicicleta eléctrica,650.0,USD,La Habana,Playa,"marca, tipo_bateria, autonomia_km","faltan campos obligatorios: marca, tipo_bateria, autonomia_km",faltan_campos,https://www.revolico.com/search?q=bicicleta+electrica&page=1,https://www.revolico.com/item/bicicleta-electrica-57552181
57549028,Bicicleta eléctrica,690.0,USD,La Habana,Plaza,"marca, tipo_bateria, autonomia_km","faltan campos obligatorios: marca, tipo_bateria, autonomia_km",faltan_campos,https://www.revolico.com/search?q=bicicleta+electrica&page=1,https://www.revolico.com/item/bicicleta-electrica-57549028
57529697,Bicicleta eléctrica,900.0,USD,La Habana,Centro Habana,"marca, tipo_bateria, autonomia_km","faltan campos obligatorios: marca, tipo_bateria, autonomia_km",faltan_campos,https://www.revolico.com/search?q=bicicleta+electrica&page=1,https://www.revolico.com/item/bicicleta-electrica-57529697
57523026,Bicicleta eléctrica,480.0,USD,La Habana,Arroyo Naranjo,"marca, tipo_bateria, autonomia_km","faltan campos obligatorios: marca, tipo_bateria, autonomia_km",faltan_campos,https://www.revolico.com/search?q=bicicleta+electrica&page=2,https://www.revolico.com/item/bicicleta-electrica-57523026
57515966,Bicicleta eléctrica,520.0,USD,La Habana,Marianao,"marca, tipo_bateria, autonomia_km","faltan campos obligatorios: marca, tipo_bateria, autonomia_km",faltan_campos,https://www.revolico.com/search?q=bicicleta+electrica&page=2,https://www.revolico.com/item/bicicleta-electrica-57515966
57512374,Bicicleta eléctrica,550.0,USD,La Habana,Centro Habana,"marca, tipo_bateria, autonomia_km","faltan campos obligatorios: marca, tipo_bateria, autonomia_km",faltan_campos,https://www.revolico.com/search?q=bicicleta+electrica&page=2,https://www.revolico.com/item/bicicleta-electrica-57512374
57499855,Bicicleta eléctrica,960.0,USD,La Habana,Cerro,"marca, tipo_bateria, autonomia_km","faltan campos obligatorios: marca, tipo_bateria, autonomia_km",faltan_campos,https://www.revolico.com/search?q=bicicleta+electrica&page=2,https://www.revolico.com/item/bicicleta-electrica-57499855
57486661,Bicicleta eléctrica,600.0,USD,La Habana,Centro Habana,"marca, tipo_bateria, autonomia_km","faltan campos obligatorios: marca, tipo_bateria, autonomia_km",faltan_campos,https://www.revolico.com/search?q=bicicleta+electrica&page=2,https://www.revolico.com/item/bicicleta-electrica-57486661
57485599,Bicicleta eléctrica,550.0,USD,La Habana,Centro Habana,"marca, tipo_bateria, autonomia_km","faltan campos obligatorios: marca, tipo_bateria, autonomia_km",faltan_campos,https://www.revolico.com/search?q=bicicleta+electrica&page=2,https://www.revolico.com/item/bicicleta-electrica-57485599
57485359,Bicicleta eléctrica,500.0,USD,La Habana,Centro Habana,"marca, tipo_bateria, autonomia_km","faltan campos obligatorios: marca, tipo_bateria, autonomia_km",faltan_campos,https://www.revolico.com/search?q=bicicleta+electrica&page=2,https://www.revolico.com/item/bicicleta-electrica-57485359
57482656,Bicicleta eléctrica,1300.0,USD,La Habana,Cotorro,"marca, tipo_bateria, autonomia_km","faltan campos obligatorios: marca, tipo_bateria, autonomia_km",faltan_campos,https://www.revolico.com/search?q=bicicleta+electrica&page=2,https://www.revolico.com/item/bicicleta-electrica-57482656
57480460,Bicicleta eléctrica,1300.0,USD,La Habana,Cotorro,"marca, tipo_bateria, autonomia_km","faltan campos obligatorios: marca, tipo_bateria, autonomia_km",faltan_campos,https://www.revolico.com/search?q=bicicleta+electrica&page=2,https://www.revolico.com/item/bicicleta-electrica-57480460
57476618,Bicicleta eléctrica,450.0,USD,La Habana,Diez de Octubre,"marca, tipo_bateria, autonomia_km","faltan campos obligatorios: marca, tipo_bateria, autonomia_km",faltan_campos,https://www.revolico.com/search?q=bicicleta+electrica&page=2,https://www.revolico.com/item/bicicleta-electrica-57476618
57464388,Bicicleta eléctrica,1200.0,USD,La Habana,Plaza,"marca, tipo_bateria, autonomia_km","faltan campos obligatorios: marca, tipo_bateria, autonomia_km",faltan_campos,https://www.revolico.com/search?q=bicicleta+electrica&page=2,https://www.revolico.com/item/bicicleta-electrica-57464388
57463576,Bicicleta eléctrica,690.0,USD,La Habana,Playa,"marca, tipo_bateria, autonomia_km","faltan campos obligatorios: marca, tipo_bateria, autonomia_km",faltan_campos,https://www.revolico.com/search?q=bicicleta+electrica&page=2,https://www.revolico.com/item/bicicleta-electrica-57463576
57459187,Bicicleta eléctrica,950.0,USD,La Habana,Playa,"marca, tipo_bateria, autonomia_km","faltan campos obligatorios: marca, tipo_bateria, autonomia_km",faltan_campos,https://www.revolico.com/search?q=bicicleta+electrica&page=2,https://www.revolico.com/item/bicicleta-electrica-57459187
57450320,Bicicleta eléctrica,550.0,USD,La Habana,Centro Habana,"marca, tipo_bateria, autonomia_km","faltan campos obligatorios: marca, tipo_bateria, autonomia_km",faltan_campos,https://www.revolico.com/search?q=bicicleta+electrica&page=2,https://www.revolico.com/item/bicicleta-electrica-57450320
57447539,Bicicleta eléctrica,500.0,USD,La Habana,Arroyo Naranjo,"marca, tipo_bateria, autonomia_km","faltan campos obligatorios: marca, tipo_bateria, autonomia_km",faltan_campos,https://www.revolico.com/search?q=bicicleta+electrica&page=2,https://www.revolico.com/item/bicicleta-electrica-57447539
57438827,Bicicleta eléctrica,520.0,USD,Matanzas,Matanzas,"marca, tipo_bateria, autonomia_km","faltan campos obligatorios: marca, tipo_bateria, autonomia_km",faltan_campos,https://www.revolico.com/search?q=bicicleta+electrica&page=2,https://www.revolico.com/item/bicicleta-electrica-57438827
57435814,Bicicleta eléctrica,1.0,USD,La Habana,Diez de Octubre,"marca, tipo_bateria, autonomia_km","faltan campos obligatorios: marca, tipo_bateria, autonomia_km",faltan_campos,https://www.revolico.com/search?q=bicicleta+electrica&page=2,https://www.revolico.com/item/bicicleta-electrica-57435814
57432675,Bicicleta eléctrica,500.0,USD,La Habana,Centro Habana,"marca, tipo_bateria, autonomia_km","faltan campos obligatorios: marca, tipo_bateria, autonomia_km",faltan_campos,https://www.revolico.com/search?q=bicicleta+electrica&page=2,https://www.revolico.com/item/bicicleta-electrica-57432675
57431303,Bicicleta eléctrica,450.0,USD,La Habana,Diez de Octubre,"marca, tipo_bateria, autonomia_km","faltan campos obligatorios: marca, tipo_bateria, autonomia_km",faltan_campos,https://www.revolico.com/search?q=bicicleta+electrica&page=2,https://www.revolico.com/item/bicicleta-electrica-57431303
57423277,Bicicleta eléctrica,1200.0,USD,La Habana,Cotorro,"marca, tipo_bateria, autonomia_km","faltan campos obligatorios: marca, tipo_bateria, autonomia_km",faltan_campos,https://www.revolico.com/search?q=bicicleta+electrica&page=2,https://www.revolico.com/item/bicicleta-electrica-57423277
57417773,Bicicleta eléctrica,800.0,USD,La Habana,Cotorro,"marca, tipo_bateria, autonomia_km","faltan campos obligatorios: marca, tipo_bateria, autonomia_km",faltan_campos,https://www.revolico.com/search?q=bicicleta+electrica&page=2,https://www.revolico.com/item/bicicleta-electrica-57417773
57411793,Bicicleta eléctrica,1000.0,USD,La Habana,Boyeros,"marca, tipo_bateria, autonomia_km","faltan campos obligatorios: marca, tipo_bateria, autonomia_km",faltan_campos,https://www.revolico.com/search?q=bicicleta+electrica&page=2,https://www.revolico.com/item/bicicleta-electrica-57411793
57404448,Bicicleta eléctrica,540.0,USD,Matanzas,Matanzas,"marca, tipo_bateria, autonomia_km","faltan campos obligatorios: marca, tipo_bateria, autonomia_km",faltan_campos,https://www.revolico.com/search?q=bicicleta+electrica&page=2,https://www.revolico.com/item/bicicleta-electrica-57404448
57402207,Bicicleta eléctrica,540.0,USD,La Habana,Centro Habana,"marca, tipo_bateria, autonomia_km","faltan campos obligatorios: marca, tipo_bateria, autonomia_km",faltan_campos,https://www.revolico.com/search?q=bicicleta+electrica&page=2,https://www.revolico.com/item/bicicleta-electrica-57402207
57400241,Bicicleta eléctrica,600.0,USD,La Habana,Marianao,"marca, tipo_bateria, autonomia_km","faltan campos obligatorios: marca, tipo_bateria, autonomia_km",faltan_campos,https://www.revolico.com/search?q=bicicleta+electrica&page=2,https://www.revolico.com/item/bicicleta-electrica-57400241
57396410,Bicicleta eléctrica,600.0,USD,La Habana,Boyeros,"marca, tipo_bateria, autonomia_km","faltan campos obligatorios: marca, tipo_bateria, autonomia_km",faltan_campos,https://www.revolico.com/search?q=bicicleta+electrica&page=2,https://www.revolico.com/item/bicicleta-electrica-57396410
57386434,Bicicleta eléctrica,1180.0,USD,La Habana,Centro Habana,"marca, tipo_bateria, autonomia_km","faltan campos obligatorios: marca, tipo_bateria, autonomia_km",faltan_campos,https://www.revolico.com/search?q=bicicleta+electrica&page=2,https://www.revolico.com/item/bicicleta-electrica-57386434
57377631,Bicicleta eléctrica,1030.0,USD,La Habana,Marianao,"marca, tipo_bateria, autonomia_km","faltan campos obligatorios: marca, tipo_bateria, autonomia_km",faltan_campos,https://www.revolico.com/search?q=bicicleta+electrica&page=2,https://www.revolico.com/item/bicicleta-electrica-57377631
57364287,Bicicleta eléctrica,500.0,USD,La Habana,Centro Habana,"marca, tipo_bateria, autonomia_km","faltan campos obligatorios: marca, tipo_bateria, autonomia_km",faltan_campos,https://www.revolico.com/search?q=bicicleta+electrica&page=2,https://www.revolico.com/item/bicicleta-electrica-57364287
57353213,Bicicleta eléctrica,800.0,USD,La Habana,Diez de Octubre,"marca, tipo_bateria, autonomia_km","faltan campos obligatorios: marca, tipo_bateria, autonomia_km",faltan_campos,https://www.revolico.com/search?q=bicicleta+electrica&page=2,https://www.revolico.com/item/bicicleta-electrica-57353213
57348161,Bicicleta eléctrica,590.0,USD,La Habana,Playa,"marca, tipo_bateria, autonomia_km","faltan campos obligatorios: marca, tipo_bateria, autonomia_km",faltan_campos,https://www.revolico.com/search?q=bicicleta+electrica&page=2,https://www.revolico.com/item/bicicleta-electrica-57348161
57339935,Bicicleta eléctrica,550.0,USD,La Habana,Marianao,"marca, tipo_bateria, autonomia_km","faltan campos obligatorios: marca, tipo_bateria, autonomia_km",faltan_campos,https://www.revolico.com/search?q=bicicleta+electrica&page=2,https://www.revolico.com/item/bicicleta-electrica-57339935
57334652,Bicicleta eléctrica,550.0,USD,La Habana,Centro Habana,"marca, tipo_bateria, autonomia_km","faltan campos obligatorios: marca, tipo_bateria, autonomia_km",faltan_campos,https://www.revolico.com/search?q=bicicleta+electrica&page=2,https://www.revolico.com/item/bicicleta-electrica-57334652
57321197,Bicicleta eléctrica,1100.0,USD,La Habana,Arroyo Naranjo,"marca, tipo_bateria, autonomia_km","faltan campos obligatorios: marca, tipo_bateria, autonomia_km",faltan_campos,https://www.revolico.com/search?q=bicicleta+electrica&page=2,https://www.revolico.com/item/bicicleta-electrica-57321197
57317924,Bicicleta eléctrica,550.0,USD,La Habana,Centro Habana,"marca, tipo_bateria, autonomia_km","faltan campos obligatorios: marca, tipo_bateria, autonomia_km",faltan_campos,https://www.revolico.com/search?q=bicicleta+electrica&page=2,https://www.revolico.com/item/bicicleta-electrica-57317924
57306411,Bicicleta eléctrica,550.0,USD,La Habana,Centro Habana,"marca, tipo_bateria, autonomia_km","faltan campos obligatorios: marca, tipo_bateria, autonomia_km",faltan_campos,https://www.revolico.com/search?q=bicicleta+electrica&page=2,https://www.revolico.com/item/bicicleta-electrica-57306411
57297729,Bicicleta eléctrica,1.0,USD,La Habana,Centro Habana,"marca, tipo_bateria, autonomia_km","faltan campos obligatorios: marca, tipo_bateria, autonomia_km",faltan_campos,https://www.revolico.com/search?q=bicicleta+electrica&page=2,https://www.revolico.com/item/bicicleta-electrica-57297729
57292154,Bicicleta eléctrica,590.0,USD,La Habana,Plaza,"marca, tipo_bateria, autonomia_km","faltan campos obligatorios: marca, tipo_bateria, autonomia_km",faltan_campos,https://www.revolico.com/search?q=bicicleta+electrica&page=2,https://www.revolico.com/item/bicicleta-electrica-57292154
57279401,Bicicleta eléctrica,500.0,USD,La Habana,Diez de Octubre,"marca, tipo_bateria, autonomia_km","faltan campos obligatorios: marca, tipo_bateria, autonomia_km",faltan_campos,https://www.revolico.com/search?q=bicicleta+electrica&page=2,https://www.revolico.com/item/bicicleta-electrica-57279401
57279267,Bicicleta eléctrica,550.0,USD,La Habana,Playa,"marca, tipo_bateria, autonomia_km","faltan campos obligatorios: marca, tipo_bateria, autonomia_km",faltan_campos,https://www.revolico.com/search?q=bicicleta+electrica&page=2,https://www.revolico.com/item/bicicleta-electrica-57279267
57273869,Bicicleta eléctrica,1400.0,USD,Cienfuegos,Cienfuegos,"marca, tipo_bateria, autonomia_km","faltan campos obligatorios: marca, tipo_bateria, autonomia_km",faltan_campos,https://www.revolico.com/search?q=bicicleta+electrica&page=2,https://www.revolico.com/item/bicicleta-electrica-57273869
57258153,Bicicleta eléctrica,900.0,USD,La Habana,Plaza,"marca, tipo_bateria, autonomia_km","faltan campos obligatorios: marca, tipo_bateria, autonomia_km",faltan_campos,https://www.revolico.com/search?q=bicicleta+electrica&page=2,https://www.revolico.com/item/bicicleta-electrica-57258153
57252986,Bicicleta eléctrica,1800.0,USD,La Habana,Centro Habana,"marca, tipo_bateria, autonomia_km","faltan campos obligatorios: marca, tipo_bateria, autonomia_km",faltan_campos,https://www.revolico.com/search?q=bicicleta+electrica&page=2,https://www.revolico.com/item/bicicleta-electrica-57252986
57246499,Bicicleta eléctrica,460.0,USD,La Habana,Playa,"marca, tipo_bateria, autonomia_km","faltan campos obligatorios: marca, tipo_bateria, autonomia_km",faltan_campos,https://www.revolico.com/search?q=bicicleta+electrica&page=2,https://www.revolico.com/item/bicicleta-electrica-57246499
57203073,Bicicleta eléctrica,1190.0,USD,La Habana,La Lisa,"marca, tipo_bateria, autonomia_km","faltan campos obligatorios: marca, tipo_bateria, autonomia_km",faltan_campos,https://www.revolico.com/search?q=bicicleta+electrica&page=3,https://www.revolico.com/item/bicicleta-electrica-57203073
57190508,Bicicleta eléctrica,470.0,USD,La Habana,Playa,"marca, tipo_bateria, autonomia_km","faltan campos obligatorios: marca, tipo_bateria, autonomia_km",faltan_campos,https://www.revolico.com/search?q=bicicleta+electrica&page=3,https://www.revolico.com/item/bicicleta-electrica-57190508
57180814,Bicicleta eléctrica,320.0,USD,La Habana,Guanabacoa,"marca, tipo_bateria, autonomia_km","faltan campos obligatorios: marca, tipo_bateria, autonomia_km",faltan_campos,https://www.revolico.com/search?q=bicicleta+electrica&page=3,https://www.revolico.com/item/bicicleta-electrica-57180814
57173414,Bicicleta eléctrica,450.0,USD,La Habana,Playa,"marca, tipo_bateria, autonomia_km","faltan campos obligatorios: marca, tipo_bateria, autonomia_km",faltan_campos,https://www.revolico.com/search?q=bicicleta+electrica&page=3,https://www.revolico.com/item/bicicleta-electrica-57173414
57172734,Bicicleta eléctrica,1100.0,USD,La Habana,Habana del Este,"marca, tipo_bateria, autonomia_km","faltan campos obligatorios: marca, tipo_bateria, autonomia_km",faltan_campos,https://www.revolico.com/search?q=bicicleta+electrica&page=3,https://www.revolico.com/item/bicicleta-electrica-57172734
57165981,Bicicleta eléctrica,650.0,USD,La Habana,Centro Habana,"marca, tipo_bateria, autonomia_km","faltan campos obligatorios: marca, tipo_bateria, autonomia_km",faltan_campos,https://www.revolico.com/search?q=bicicleta+electrica&page=3,https://www.revolico.com/item/bicicleta-electrica-57165981
57155893,Bicicleta eléctrica,740.0,USD,La Habana,Playa,"marca, tipo_bateria, autonomia_km","faltan campos obligatorios: marca, tipo_bateria, autonomia_km",faltan_campos,https://www.revolico.com/search?q=bicicleta+electrica&page=3,https://www.revolico.com/item/bicicleta-electrica-57155893
57153612,Bicicleta eléctrica,590.0,USD,La Habana,Playa,"marca, tipo_bateria, autonomia_km","faltan campos obligatorios: marca, tipo_bateria, autonomia_km",faltan_campos,https://www.revolico.com/search?q=bicicleta+electrica&page=3,https://www.revolico.com/item/bicicleta-electrica-57153612
57148368,Bicicleta eléctrica,590.0,USD,La Habana,Playa,"marca, tipo_bateria, autonomia_km","faltan campos obligatorios: marca, tipo_bateria, autonomia_km",faltan_campos,https://www.revolico.com/search?q=bicicleta+electrica&page=3,https://www.revolico.com/item/bicicleta-electrica-57148368
57146280,Bicicleta eléctrica,600.0,USD,La Habana,Centro Habana,"marca, tipo_bateria, autonomia_km","faltan campos obligatorios: marca, tipo_bateria, autonomia_km",faltan_campos,https://www.revolico.com/search?q=bicicleta+electrica&page=3,https://www.revolico.com/item/bicicleta-electrica-57146280
57136311,Bicicleta eléctrica,2250.0,USD,Cienfuegos,Cienfuegos,"marca, tipo_bateria, autonomia_km","faltan campos obligatorios: marca, tipo_bateria, autonomia_km",faltan_campos,https://www.revolico.com/search?q=bicicleta+electrica&page=3,https://www.revolico.com/item/bicicleta-electrica-57136311
57127054,Bicicleta eléctrica,600.0,USD,La Habana,Centro Habana,"marca, tipo_bateria, autonomia_km","faltan campos obligatorios: marca, tipo_bateria, autonomia_km",faltan_campos,https://www.revolico.com/search?q=bicicleta+electrica&page=3,https://www.revolico.com/item/bicicleta-electrica-57127054
57114060,Bicicleta eléctrica,1.0,USD,La Habana,Diez de Octubre,"marca, tipo_bateria, autonomia_km","faltan campos obligatorios: marca, tipo_bateria, autonomia_km",faltan_campos,https://www.revolico.com/search?q=bicicleta+electrica&page=3,https://www.revolico.com/item/bicicleta-electrica-57114060
57111820,Bicicleta eléctrica,350.0,USD,La Habana,Centro Habana,"marca, tipo_bateria, autonomia_km","faltan campos obligatorios: marca, tipo_bateria, autonomia_km",faltan_campos,https://www.revolico.com/search?q=bicicleta+electrica&page=3,https://www.revolico.com/item/bicicleta-electrica-57111820
57110065,Bicicleta eléctrica,600.0,USD,La Habana,Diez de Octubre,"marca, tipo_bateria, autonomia_km","faltan campos obligatorios: marca, tipo_bateria, autonomia_km",faltan_campos,https://www.revolico.com/search?q=bicicleta+electrica&page=3,https://www.revolico.com/item/bicicleta-electrica-57110065
57108479,Bicicleta eléctrica,590.0,USD,La Habana,Cotorro,"marca, tipo_bateria, autonomia_km","faltan campos obligatorios: marca, tipo_bateria, autonomia_km",faltan_campos,https://www.revolico.com/search?q=bicicleta+electrica&page=3,https://www.revolico.com/item/bicicleta-electrica-57108479
57107081,Bicicleta eléctrica,550.0,USD,La Habana,Habana del Este,"marca, tipo_bateria, autonomia_km","faltan campos obligatorios: marca, tipo_bateria, autonomia_km",faltan_campos,https://www.revolico.com/search?q=bicicleta+electrica&page=3,https://www.revolico.com/item/bicicleta-electrica-57107081
57103207,Bicicleta eléctrica,1350.0,USD,La Habana,Cotorro,"marca, tipo_bateria, autonomia_km","faltan campos obligatorios: marca, tipo_bateria, autonomia_km",faltan_campos,https://www.revolico.com/search?q=bicicleta+electrica&page=3,https://www.revolico.com/item/bicicleta-electrica-57103207
57103030,Bicicleta eléctrica,130.0,USD,La Habana,La Lisa,"marca, tipo_bateria, autonomia_km","faltan campos obligatorios: marca, tipo_bateria, autonomia_km",faltan_campos,https://www.revolico.com/search?q=bicicleta+electrica&page=3,https://www.revolico.com/item/bicicleta-electrica-57103030
57099814,Bicicleta eléctrica,960.0,USD,La Habana,Centro Habana,"marca, tipo_bateria, autonomia_km","faltan campos obligatorios: marca, tipo_bateria, autonomia_km",faltan_campos,https://www.revolico.com/search?q=bicicleta+electrica&page=3,https://www.revolico.com/item/bicicleta-electrica-57099814
57078029,Bicicleta eléctrica,950.0,USD,La Habana,Centro Habana,"marca, tipo_bateria, autonomia_km","faltan campos obligatorios: marca, tipo_bateria, autonomia_km",faltan_campos,https://www.revolico.com/search?q=bicicleta+electrica&page=3,https://www.revolico.com/item/bicicleta-electrica-57078029
57077996,Bicicleta eléctrica,1050.0,USD,La Habana,Centro Habana,"marca, tipo_bateria, autonomia_km","faltan campos obligatorios: marca, tipo_bateria, autonomia_km",faltan_campos,https://www.revolico.com/search?q=bicicleta+electrica&page=3,https://www.revolico.com/item/bicicleta-electrica-57077996
57077981,Bicicleta eléctrica,600.0,USD,La Habana,Centro Habana,"marca, tipo_bateria, autonomia_km","faltan campos obligatorios: marca, tipo_bateria, autonomia_km",faltan_campos,https://www.revolico.com/search?q=bicicleta+electrica&page=3,https://www.revolico.com/item/bicicleta-electrica-57077981
57068919,Bicicleta eléctrica,1150.0,USD,La Habana,Centro Habana,"marca, tipo_bateria, autonomia_km","faltan campos obligatorios: marca, tipo_bateria, autonomia_km",faltan_campos,https://www.revolico.com/search?q=bicicleta+electrica&page=3,https://www.revolico.com/item/bicimoto-57068919
57067872,Bicicleta eléctrica,600.0,USD,La Habana,Diez de Octubre,"marca, tipo_bateria, autonomia_km","faltan campos obligatorios: marca, tipo_bateria, autonomia_km",faltan_campos,https://www.revolico.com/search?q=bicicleta+electrica&page=3,https://www.revolico.com/item/bicicleta-electrica-57067872
57065392,Bicicleta eléctrica,1.0,USD,La Habana,Centro Habana,"marca, tipo_bateria, autonomia_km","faltan campos obligatorios: marca, tipo_bateria, autonomia_km",faltan_campos,https://www.revolico.com/search?q=bicicleta+electrica&page=3,https://www.revolico.com/item/bicicleta-electrica-57065392
57056253,Bicicleta eléctrica,450.0,USD,La Habana,Arroyo Naranjo,"marca, tipo_bateria, autonomia_km","faltan campos obligatorios: marca, tipo_bateria, autonomia_km",faltan_campos,https://www.revolico.com/search?q=bicicleta+electrica&page=3,https://www.revolico.com/item/bicicleta-electrica-57056253
57055904,Bicicleta eléctrica,900.0,USD,La Habana,Boyeros,"marca, tipo_bateria, autonomia_km","faltan campos obligatorios: marca, tipo_bateria, autonomia_km",faltan_campos,https://www.revolico.com/search?q=bicicleta+electrica&page=3,https://www.revolico.com/item/bicicleta-electrica-57055904
57049055,Bicicleta eléctrica,2.0,USD,La Habana,Centro Habana,"marca, tipo_bateria, autonomia_km","faltan campos obligatorios: marca, tipo_bateria, autonomia_km",faltan_campos,https://www.revolico.com/search?q=bicicleta+electrica&page=3,https://www.revolico.com/item/bicicleta-electrica-57049055
57041322,Bicicleta eléctrica,1900.0,USD,Ciego de Ávila,Ciego de Ávila,"marca, tipo_bateria, autonomia_km","faltan campos obligatorios: marca, tipo_bateria, autonomia_km",faltan_campos,https://www.revolico.com/search?q=bicicleta+electrica&page=3,https://www.revolico.com/item/bicicleta-electrica-57041322
57019414,Bicicleta eléctrica,560.0,USD,La Habana,Diez de Octubre,"marca, tipo_bateria, autonomia_km","faltan campos obligatorios: marca, tipo_bateria, autonomia_km",faltan_campos,https://www.revolico.com/search?q=bicicleta+electrica&page=3,https://www.revolico.com/item/bicicleta-electrica-57019414
57005341,Bicicleta eléctrica,550.0,USD,Artemisa,Alquízar,"marca, tipo_bateria, autonomia_km","faltan campos obligatorios: marca, tipo_bateria, autonomia_km",faltan_campos,https://www.revolico.com/search?q=bicicleta+electrica&page=3,https://www.revolico.com/item/bicicleta-electrica-57005341
57003047,Bicicleta eléctrica,950.0,USD,La Habana,Playa,"marca, tipo_bateria, autonomia_km","faltan campos obligatorios: marca, tipo_bateria, autonomia_km",faltan_campos,https://www.revolico.com/search?q=bicicleta+electrica&page=3,https://www.revolico.com/item/bicicleta-electrica-57003047
56997849,Bicicleta eléctrica,550.0,USD,La Habana,Centro Habana,"marca, tipo_bateria, autonomia_km","faltan campos obligatorios: marca, tipo_bateria, autonomia_km",faltan_campos,https://www.revolico.com/search?q=bicicleta+electrica&page=3,https://www.revolico.com/item/bicicleta-electrica-56997849
56995556,Bicicleta eléctrica,590.0,USD,La Habana,Playa,"marca, tipo_bateria, autonomia_km","faltan campos obligatorios: marca, tipo_bateria, autonomia_km",faltan_campos,https://www.revolico.com/search?q=bicicleta+electrica&page=3,https://www.revolico.com/item/bicicleta-electrica-56995556
56986947,Bicicleta eléctrica,590.0,USD,La Habana,Centro Habana,"marca, tipo_bateria, autonomia_km","faltan campos obligatorios: marca, tipo_bateria, autonomia_km",faltan_campos,https://www.revolico.com/search?q=bicicleta+electrica&page=3,https://www.revolico.com/item/bicicleta-electrica-56986947
56975664,Bicicleta eléctrica,590.0,USD,La Habana,Centro Habana,"marca, tipo_bateria, autonomia_km","faltan campos obligatorios: marca, tipo_bateria, autonomia_km",faltan_campos,https://www.revolico.com/search?q=bicicleta+electrica&page=3,https://www.revolico.com/item/bicicleta-electrica-56975664
56972885,Bicicleta eléctrica,590.0,USD,La Habana,Playa,"marca, tipo_bateria, autonomia_km","faltan campos obligatorios: marca, tipo_bateria, autonomia_km",faltan_campos,https://www.revolico.com/search?q=bicicleta+electrica&page=3,https://www.revolico.com/item/bicicleta-electrica-56972885
56971674,Bicicleta eléctrica,680.0,USD,Santiago de Cuba,Santiago de Cuba,"marca, tipo_bateria, autonomia_km","faltan campos obligatorios: marca, tipo_bateria, autonomia_km",faltan_campos,https://www.revolico.com/search?q=bicicleta+electrica&page=3,https://www.revolico.com/item/bicicleta-electrica-56971674
56957228,Bicicleta eléctrica,550.0,USD,La Habana,Habana del Este,"marca, tipo_bateria, autonomia_km","faltan campos obligatorios: marca, tipo_bateria, autonomia_km",faltan_campos,https://www.revolico.com/search?q=bicicleta+electrica&page=3,https://www.revolico.com/item/bicicleta-electrica-56957228
56947840,Bicicleta eléctrica,500.0,USD,Cienfuegos,Palmira,"marca, tipo_bateria, autonomia_km","faltan campos obligatorios: marca, tipo_bateria, autonomia_km",faltan_campos,https://www.revolico.com/search?q=bicicleta+electrica&page=3,https://www.revolico.com/item/bicicleta-electrica-56947840
56945952,Bicicleta eléctrica,560.0,USD,La Habana,Plaza,"marca, tipo_bateria, autonomia_km","faltan campos obligatorios: marca, tipo_bateria, autonomia_km",faltan_campos,https://www.revolico.com/search?q=bicicleta+electrica&page=3,https://www.revolico.com/item/bicicleta-electrica-56945952
56941252,Bicicleta eléctrica,590.0,USD,La Habana,Plaza,"marca, tipo_bateria, autonomia_km","faltan campos obligatorios: marca, tipo_bateria, autonomia_km",faltan_campos,https://www.revolico.com/search?q=bicicleta+electrica&page=3,https://www.revolico.com/item/bicicleta-electrica-56941252
56921855,Bicicleta eléctrica,1050.0,USD,La Habana,Playa,"marca, tipo_bateria, autonomia_km","faltan campos obligatorios: marca, tipo_bateria, autonomia_km",faltan_campos,https://www.revolico.com/search?q=bicicleta+electrica&page=3,https://www.revolico.com/item/bicicleta-electrica-56921855
56921649,Bicicleta eléctrica,950.0,USD,La Habana,Diez de Octubre,"marca, tipo_bateria, autonomia_km","faltan campos obligatorios: marca, tipo_bateria, autonomia_km",faltan_campos,https://www.revolico.com/search?q=bicicleta+electrica&page=3,https://www.revolico.com/item/bicicleta-electrica-56921649
56922023,Bicicleta eléctrica,950.0,USD,La Habana,Playa,"marca, tipo_bateria, autonomia_km","faltan campos obligatorios: marca, tipo_bateria, autonomia_km",faltan_campos,https://www.revolico.com/search?q=bicicleta+electrica&page=3,https://www.revolico.com/item/bicicleta-electrica-56922023
56921959,Bicicleta eléctrica,950.0,USD,La Habana,Playa,"marca, tipo_bateria, autonomia_km","faltan campos obligatorios: marca, tipo_bateria, autonomia_km",faltan_campos,https://www.revolico.com/search?q=bicicleta+electrica&page=3,https://www.revolico.com/item/bicicleta-electrica-56921959
56921543,Bicicleta eléctrica,1100.0,USD,La Habana,Playa,"marca, tipo_bateria, autonomia_km","faltan campos obligatorios: marca, tipo_bateria, autonomia_km",faltan_campos,https://www.revolico.com/search?q=bicicleta+electrica&page=4,https://www.revolico.com/item/bicicleta-electrica-56921543
56921412,Bicicleta eléctrica,1000.0,USD,La Habana,Plaza,"marca, tipo_bateria, autonomia_km","faltan campos obligatorios: marca, tipo_bateria, autonomia_km",faltan_campos,https://www.revolico.com/search?q=bicicleta+electrica&page=4,https://www.revolico.com/item/bicicleta-electrica-56921412
56921378,Bicicleta eléctrica,1300.0,USD,La Habana,Diez de Octubre,"marca, tipo_bateria, autonomia_km","faltan campos obligatorios: marca, tipo_bateria, autonomia_km",faltan_campos,https://www.revolico.com/search?q=bicicleta+electrica&page=4,https://www.revolico.com/item/bicicleta-electrica-56921378
56910101,Bicicleta eléctrica,500.0,USD,La Habana,La Lisa,"marca, tipo_bateria, autonomia_km","faltan campos obligatorios: marca, tipo_bateria, autonomia_km",faltan_campos,https://www.revolico.com/search?q=bicicleta+electrica&page=4,https://www.revolico.com/item/bicicleta-electrica-56910101
56907146,Bicicleta eléctrica,1300.0,USD,La Habana,Habana Vieja,"marca, tipo_bateria, autonomia_km","faltan campos obligatorios: marca, tipo_bateria, autonomia_km",faltan_campos,https://www.revolico.com/search?q=bicicleta+electrica&page=4,https://www.revolico.com/item/bicicleta-electrica-56907146
56898538,Bicicleta eléctrica,500.0,USD,La Habana,Cotorro,"marca, tipo_bateria, autonomia_km","faltan campos obligatorios: marca, tipo_bateria, autonomia_km",faltan_campos,https://www.revolico.com/search?q=bicicleta+electrica&page=4,https://www.revolico.com/item/bicicleta-electrica-56898538
56897861,Bicicleta eléctrica,610.0,USD,La Habana,Playa,"marca, tipo_bateria, autonomia_km","faltan campos obligatorios: marca, tipo_bateria, autonomia_km",faltan_campos,https://www.revolico.com/search?q=bicicleta+electrica&page=4,https://www.revolico.com/item/bicicleta-electrica-56897861
56896827,Bicicleta eléctrica,450.0,USD,La Habana,Diez de Octubre,"marca, tipo_bateria, autonomia_km","faltan campos obligatorios: marca, tipo_bateria, autonomia_km",faltan_campos,https://www.revolico.com/search?q=bicicleta+electrica&page=4,https://www.revolico.com/item/bicicleta-electrica-56896827
56887205,Bicicleta eléctrica,570.0,USD,La Habana,Habana del Este,"marca, tipo_bateria, autonomia_km","faltan campos obligatorios: marca, tipo_bateria, autonomia_km",faltan_campos,https://www.revolico.com/search?q=bicicleta+electrica&page=4,https://www.revolico.com/item/bicicleta-electrica-56887205
56880922,Bicicleta eléctrica,650.0,USD,La Habana,Cotorro,"marca, tipo_bateria, autonomia_km","faltan campos obligatorios: marca, tipo_bateria, autonomia_km",faltan_campos,https://www.revolico.com/search?q=bicicleta+electrica&page=4,https://www.revolico.com/item/bicicleta-electrica-56880922
56868047,Bicicleta eléctrica,540.0,USD,La Habana,Marianao,"marca, tipo_bateria, autonomia_km","faltan campos obligatorios: marca, tipo_bateria, autonomia_km",faltan_campos,https://www.revolico.com/search?q=bicicleta+electrica&page=4,https://www.revolico.com/item/bicicleta-electrica-56868047
56867598,Bicicleta eléctrica,580.0,USD,La Habana,Habana del Este,"marca, tipo_bateria, autonomia_km","faltan campos obligatorios: marca, tipo_bateria, autonomia_km",faltan_campos,https://www.revolico.com/search?q=bicicleta+electrica&page=4,https://www.revolico.com/item/bicicleta-electrica-56867598
56865373,Bicicleta eléctrica,1100.0,USD,La Habana,Boyeros,"marca, tipo_bateria, autonomia_km","faltan campos obligatorios: marca, tipo_bateria, autonomia_km",faltan_campos,https://www.revolico.com/search?q=bicicleta+electrica&page=4,https://www.revolico.com/item/bicicleta-electrica-56865373
56858767,Bicicleta eléctrica,590.0,USD,La Habana,Plaza,"marca, tipo_bateria, autonomia_km","faltan campos obligatorios: marca, tipo_bateria, autonomia_km",faltan_campos,https://www.revolico.com/search?q=bicicleta+electrica&page=4,https://www.revolico.com/item/bicicleta-electrica-56858767
56857269,Bicicleta eléctrica,590.0,USD,La Habana,Cerro,"marca, tipo_bateria, autonomia_km","faltan campos obligatorios: marca, tipo_bateria, autonomia_km",faltan_campos,https://www.revolico.com/search?q=bicicleta+electrica&page=4,https://www.revolico.com/item/bicicleta-electrica-56857269
56835012,Bicicleta eléctrica,1300.0,USD,La Habana,Centro Habana,"marca, tipo_bateria, autonomia_km","faltan campos obligatorios: marca, tipo_bateria, autonomia_km",faltan_campos,https://www.revolico.com/search?q=bicicleta+electrica&page=4,https://www.revolico.com/item/bicicleta-electrica-56835012
56828020,Bicicleta eléctrica,1.0,USD,La Habana,Plaza,"marca, tipo_bateria, autonomia_km","faltan campos obligatorios: marca, tipo_bateria, autonomia_km",faltan_campos,https://www.revolico.com/search?q=bicicleta+electrica&page=4,https://www.revolico.com/item/bicicleta-electrica-56828020
56825983,Bicicleta eléctrica,570.0,USD,Santiago de Cuba,Santiago de Cuba,"marca, tipo_bateria, autonomia_km","faltan campos obligatorios: marca, tipo_bateria, autonomia_km",faltan_campos,https://www.revolico.com/search?q=bicicleta+electrica&page=4,https://www.revolico.com/item/bicicleta-electrica-56825983
56825790,Bicicleta eléctrica,45.0,USD,Santiago de Cuba,Santiago de Cuba,"marca, tipo_bateria, autonomia_km","faltan campos obligatorios: marca, tipo_bateria, autonomia_km",faltan_campos,https://www.revolico.com/search?q=bicicleta+electrica&page=4,https://www.revolico.com/item/bicicleta-electrica-56825790
56814914,Bicicleta eléctrica,900.0,USD,La Habana,Boyeros,"marca, tipo_bateria, autonomia_km","faltan campos obligatorios: marca, tipo_bateria, autonomia_km",faltan_campos,https://www.revolico.com/search?q=bicicleta+electrica&page=4,https://www.revolico.com/item/bicicleta-electrica-56814914
56812927,Bicicleta eléctrica,950.0,USD,La Habana,Centro Habana,"marca, tipo_bateria, autonomia_km","faltan campos obligatorios: marca, tipo_bateria, autonomia_km",faltan_campos,https://www.revolico.com/search?q=bicicleta+electrica&page=4,https://www.revolico.com/item/bicicleta-electrica-56812927
56806470,Bicicleta eléctrica,950.0,USD,La Habana,Centro Habana,"marca, tipo_bateria, autonomia_km","faltan campos obligatorios: marca, tipo_bateria, autonomia_km",faltan_campos,https://www.revolico.com/search?q=bicicleta+electrica&page=4,https://www.revolico.com/item/bicicleta-electrica-56806470
56806454,Bicicleta eléctrica,950.0,USD,La Habana,Centro Habana,"marca, tipo_bateria, autonomia_km","faltan campos obligatorios: marca, tipo_bateria, autonomia_km",faltan_campos,https://www.revolico.com/search?q=bicicleta+electrica&page=4,https://www.revolico.com/item/bicicleta-electrica-56806454
56789270,Bicicleta eléctrica,450.0,USD,La Habana,Playa,"marca, tipo_bateria, autonomia_km","faltan campos obligatorios: marca, tipo_bateria, autonomia_km",faltan_campos,https://www.revolico.com/search?q=bicicleta+electrica&page=4,https://www.revolico.com/item/bicicleta-electrica-56789270
56788653,Bicicleta eléctrica,350.0,USD,La Habana,Marianao,"marca, tipo_bateria, autonomia_km","faltan campos obligatorios: marca, tipo_bateria, autonomia_km",faltan_campos,https://www.revolico.com/search?q=bicicleta+electrica&page=4,https://www.revolico.com/item/bicicleta-electrica-56788653
56783571,Bicicleta eléctrica,590.0,USD,La Habana,Marianao,"marca, tipo_bateria, autonomia_km","faltan campos obligatorios: marca, tipo_bateria, autonomia_km",faltan_campos,https://www.revolico.com/search?q=bicicleta+electrica&page=4,https://www.revolico.com/item/bicicleta-electrica-56783571
56773582,Bicicleta eléctrica,590.0,USD,La Habana,Playa,"marca, tipo_bateria, autonomia_km","faltan campos obligatorios: marca, tipo_bateria, autonomia_km",faltan_campos,https://www.revolico.com/search?q=bicicleta+electrica&page=4,https://www.revolico.com/item/bicicleta-electrica-56773582
56771584,Bicicleta eléctrica,500.0,USD,La Habana,Boyeros,"marca, tipo_bateria, autonomia_km","faltan campos obligatorios: marca, tipo_bateria, autonomia_km",faltan_campos,https://www.revolico.com/search?q=bicicleta+electrica&page=4,https://www.revolico.com/item/bicicleta-electrica-56771584
56770969,Bicicleta eléctrica,1030.0,USD,La Habana,Habana del Este,"marca, tipo_bateria, autonomia_km","faltan campos obligatorios: marca, tipo_bateria, autonomia_km",faltan_campos,https://www.revolico.com/search?q=bicicleta+electrica&page=4,https://www.revolico.com/item/bicicleta-electrica-56770969
56764081,Bicicleta eléctrica,570.0,USD,La Habana,Centro Habana,"marca, tipo_bateria, autonomia_km","faltan campos obligatorios: marca, tipo_bateria, autonomia_km",faltan_campos,https://www.revolico.com/search?q=bicicleta+electrica&page=4,https://www.revolico.com/item/bicicleta-electrica-56764081
56760963,Bicicleta eléctrica,500.0,USD,La Habana,Boyeros,"marca, tipo_bateria, autonomia_km","faltan campos obligatorios: marca, tipo_bateria, autonomia_km",faltan_campos,https://www.revolico.com/search?q=bicicleta+electrica&page=4,https://www.revolico.com/item/bicicleta-electrica-56760963
56756610,Bicicleta eléctrica,600.0,USD,La Habana,Diez de Octubre,"marca, tipo_bateria, autonomia_km","faltan campos obligatorios: marca, tipo_bateria, autonomia_km",faltan_campos,https://www.revolico.com/search?q=bicicleta+electrica&page=4,https://www.revolico.com/item/bicicleta-electrica-56756610
56755576,Bicicleta eléctrica,1150.0,USD,La Habana,Marianao,"marca, tipo_bateria, autonomia_km","faltan campos obligatorios: marca, tipo_bateria, autonomia_km",faltan_campos,https://www.revolico.com/search?q=bicicleta+electrica&page=4,https://www.revolico.com/item/bicicleta-electrica-56755576
56748828,Bicicleta eléctrica,1200.0,USD,La Habana,Centro Habana,"marca, tipo_bateria, autonomia_km","faltan campos obligatorios: marca, tipo_bateria, autonomia_km",faltan_campos,https://www.revolico.com/search?q=bicicleta+electrica&page=4,https://www.revolico.com/item/bicicleta-electrica-56748828
56746442,Bicicleta eléctrica,1300.0,USD,La Habana,Playa,"marca, tipo_bateria, autonomia_km","faltan campos obligatorios: marca, tipo_bateria, autonomia_km",faltan_campos,https://www.revolico.com/search?q=bicicleta+electrica&page=4,https://www.revolico.com/item/bicicleta-electrica-56746442
56736166,Bicicleta eléctrica,1480.0,USD,Cienfuegos,Cienfuegos,"marca, tipo_bateria, autonomia_km","faltan campos obligatorios: marca, tipo_bateria, autonomia_km",faltan_campos,https://www.revolico.com/search?q=bicicleta+electrica&page=4,https://www.revolico.com/item/bicicleta-electrica-56736166
56735578,Bicicleta eléctrica,1190.0,USD,La Habana,Cotorro,"marca, tipo_bateria, autonomia_km","faltan campos obligatorios: marca, tipo_bateria, autonomia_km",faltan_campos,https://www.revolico.com/search?q=bicicleta+electrica&page=4,https://www.revolico.com/item/bicicleta-electrica-56735578
56725411,Bicicleta eléctrica,590.0,USD,La Habana,Playa,"marca, tipo_bateria, autonomia_km","faltan campos obligatorios: marca, tipo_bateria, autonomia_km",faltan_campos,https://www.revolico.com/search?q=bicicleta+electrica&page=4,https://www.revolico.com/item/bicicleta-electrica-56725411
56723863,Bicicleta eléctrica,500.0,USD,La Habana,Centro Habana,"marca, tipo_bateria, autonomia_km","faltan campos obligatorios: marca, tipo_bateria, autonomia_km",faltan_campos,https://www.revolico.com/search?q=bicicleta+electrica&page=4,https://www.revolico.com/item/bicicleta-electrica-56723863
56721317,Bicicleta eléctrica,950.0,USD,La Habana,Playa,"marca, tipo_bateria, autonomia_km","faltan campos obligatorios: marca, tipo_bateria, autonomia_km",faltan_campos,https://www.revolico.com/search?q=bicicleta+electrica&page=4,https://www.revolico.com/item/bicicleta-electrica-56721317
56710064,Bicicleta eléctrica,680.0,USD,La Habana,Habana del Este,"marca, tipo_bateria, autonomia_km","faltan campos obligatorios: marca, tipo_bateria, autonomia_km",faltan_campos,https://www.revolico.com/search?q=bicicleta+electrica&page=4,https://www.revolico.com/item/bicicleta-electrica-56710064
56707282,Bicicleta eléctrica,550.0,USD,La Habana,Marianao,"marca, tipo_bateria, autonomia_km","faltan campos obligatorios: marca, tipo_bateria, autonomia_km",faltan_campos,https://www.revolico.com/search?q=bicicleta+electrica&page=4,https://www.revolico.com/item/bicicleta-electrica-56707282
56694474,Bicicleta eléctrica,1120.0,USD,Cienfuegos,Cienfuegos,"marca, tipo_bateria, autonomia_km","faltan campos obligatorios: marca, tipo_bateria, autonomia_km",faltan_campos,https://www.revolico.com/search?q=bicicleta+electrica&page=4,https://www.revolico.com/item/bicicleta-electrica-56694474
56691177,Bicicleta eléctrica,670.0,USD,Villa Clara,Sagua la Grande,"marca, tipo_bateria, autonomia_km","faltan campos obligatorios: marca, tipo_bateria, autonomia_km",faltan_campos,https://www.revolico.com/search?q=bicicleta+electrica&page=4,https://www.revolico.com/item/bicicleta-electrica-56691177
56684851,Bicicleta eléctrica,920.0,USD,La Habana,Centro Habana,"marca, tipo_bateria, autonomia_km","faltan campos obligatorios: marca, tipo_bateria, autonomia_km",faltan_campos,https://www.revolico.com/search?q=bicicleta+electrica&page=4,https://www.revolico.com/item/bicicleta-electrica-56684851
56665758,Bicicleta eléctrica,880.0,USD,La Habana,Centro Habana,"marca, tipo_bateria, autonomia_km","faltan campos obligatorios: marca, tipo_bateria, autonomia_km",faltan_campos,https://www.revolico.com/search?q=bicicleta+electrica&page=4,https://www.revolico.com/item/bicicleta-electrica-56665758
56661425,Bicicleta eléctrica,500.0,USD,La Habana,Arroyo Naranjo,"marca, tipo_bateria, autonomia_km","faltan campos obligatorios: marca, tipo_bateria, autonomia_km",faltan_campos,https://www.revolico.com/search?q=bicicleta+electrica&page=4,https://www.revolico.com/item/bicicleta-electrica-56661425
56656954,Bicicleta eléctrica,1100.0,USD,La Habana,Centro Habana,"marca, tipo_bateria, autonomia_km","faltan campos obligatorios: marca, tipo_bateria, autonomia_km",faltan_campos,https://www.revolico.com/search?q=bicicleta+electrica&page=4,https://www.revolico.com/item/bicicleta-electrica-56656954
56655645,Bicicleta eléctrica,1100.0,USD,La Habana,Arroyo Naranjo,"marca, tipo_bateria, autonomia_km","faltan campos obligatorios: marca, tipo_bateria, autonomia_km",faltan_campos,https://www.revolico.com/search?q=bicicleta+electrica&page=4,https://www.revolico.com/item/bicicleta-electrica-56655645
56651401,Bicicleta eléctrica,600.0,USD,La Habana,Centro Habana,"marca, tipo_bateria, autonomia_km","faltan campos obligatorios: marca, tipo_bateria, autonomia_km",faltan_campos,https://www.revolico.com/search?q=bicicleta+electrica&page=4,https://www.revolico.com/item/bicicleta-electrica-56651401
56649465,Bicicleta eléctrica,1250.0,USD,La Habana,Centro Habana,"marca, tipo_bateria, autonomia_km","faltan campos obligatorios: marca, tipo_bateria, autonomia_km",faltan_campos,https://www.revolico.com/search?q=bicicleta+electrica&page=4,https://www.revolico.com/item/bicicleta-electrica-56649465
56648987,Bicicleta eléctrica,900.0,USD,La Habana,Centro Habana,"marca, tipo_bateria, autonomia_km","faltan campos obligatorios: marca, tipo_bateria, autonomia_km",faltan_campos,https://www.revolico.com/search?q=bicicleta+electrica&page=4,https://www.revolico.com/item/bicicleta-electrica-56648987
56647286,Bicicleta eléctrica,1150.0,USD,La Habana,Centro Habana,"marca, tipo_bateria, autonomia_km","faltan campos obligatorios: marca, tipo_bateria, autonomia_km",faltan_campos,https://www.revolico.com/search?q=bicicleta+electrica&page=4,https://www.revolico.com/item/bicicleta-electrica-56647286
56603652,Bicicleta eléctrica,600.0,USD,La Habana,Arroyo Naranjo,"marca, tipo_bateria, autonomia_km","faltan campos obligatorios: marca, tipo_bateria, autonomia_km",faltan_campos,https://www.revolico.com/search?q=bicicleta+electrica&page=5,https://www.revolico.com/item/bicicleta-electrica-56603652
56601075,Bicicleta eléctrica,600.0,USD,La Habana,Habana del Este,"marca, tipo_bateria, autonomia_km","faltan campos obligatorios: marca, tipo_bateria, autonomia_km",faltan_campos,https://www.revolico.com/search?q=bicicleta+electrica&page=5,https://www.revolico.com/item/bicicleta-electrica-56601075
56589811,Bicicleta eléctrica,900.0,USD,La Habana,Habana del Este,"marca, tipo_bateria, autonomia_km","faltan campos obligatorios: marca, tipo_bateria, autonomia_km",faltan_campos,https://www.revolico.com/search?q=bicicleta+electrica&page=5,https://www.revolico.com/item/bicicleta-electrica-56589811
56579628,Bicicleta eléctrica,590.0,USD,La Habana,Playa,"marca, tipo_bateria, autonomia_km","faltan campos obligatorios: marca, tipo_bateria, autonomia_km",faltan_campos,https://www.revolico.com/search?q=bicicleta+electrica&page=5,https://www.revolico.com/item/bicicleta-electrica-56579628
56572773,Bicicleta eléctrica,590.0,USD,La Habana,Playa,"marca, tipo_bateria, autonomia_km","faltan campos obligatorios: marca, tipo_bateria, autonomia_km",faltan_campos,https://www.revolico.com/search?q=bicicleta+electrica&page=5,https://www.revolico.com/item/bicicleta-electrica-56572773
56559888,Bicicleta eléctrica,950.0,USD,La Habana,Centro Habana,"marca, tipo_bateria, autonomia_km","faltan campos obligatorios: marca, tipo_bateria, autonomia_km",faltan_campos,https://www.revolico.com/search?q=bicicleta+electrica&page=5,https://www.revolico.com/item/bicicleta-electrica-56559888
56557399,Bicicleta eléctrica,480.0,USD,La Habana,Playa,"marca, tipo_bateria, autonomia_km","faltan campos obligatorios: marca, tipo_bateria, autonomia_km",faltan_campos,https://www.revolico.com/search?q=bicicleta+electrica&page=5,https://www.revolico.com/item/bicicleta-electrica-56557399
56555088,Bicicleta eléctrica,700.0,USD,La Habana,La Lisa,"marca, tipo_bateria, autonomia_km","faltan campos obligatorios: marca, tipo_bateria, autonomia_km",faltan_campos,https://www.revolico.com/search?q=bicicleta+electrica&page=5,https://www.revolico.com/item/bicicleta-electrica-56555088
56550936,Bicicleta eléctrica,890.0,USD,La Habana,Habana Vieja,"marca, tipo_bateria, autonomia_km","faltan campos obligatorios: marca, tipo_bateria, autonomia_km",faltan_campos,https://www.revolico.com/search?q=bicicleta+electrica&page=5,https://www.revolico.com/item/bicicleta-electrica-56550936
56545499,Bicicleta eléctrica,850.0,USD,La Habana,San Miguel del Padrón,"marca, tipo_bateria, autonomia_km","faltan campos obligatorios: marca, tipo_bateria, autonomia_km",faltan_campos,https://www.revolico.com/search?q=bicicleta+electrica&page=5,https://www.revolico.com/item/bicicleta-electrica-56545499
56542582,Bicicleta eléctrica,1000.0,USD,La Habana,Guanabacoa,"marca, tipo_bateria, autonomia_km","faltan campos obligatorios: marca, tipo_bateria, autonomia_km",faltan_campos,https://www.revolico.com/search?q=bicicleta+electrica&page=5,https://www.revolico.com/item/bicicleta-electrica-56542582
56540497,Bicicleta eléctrica,700.0,USD,Villa Clara,Sagua la Grande,"marca, tipo_bateria, autonomia_km","faltan campos obligatorios: marca, tipo_bateria, autonomia_km",faltan_campos,https://www.revolico.com/search?q=bicicleta+electrica&page=5,https://www.revolico.com/item/bicicleta-electrica-56540497
56536040,Bicicleta eléctrica,1.0,USD,La Habana,Centro Habana,"marca, tipo_bateria, autonomia_km","faltan campos obligatorios: marca, tipo_bateria, autonomia_km",faltan_campos,https://www.revolico.com/search?q=bicicleta+electrica&page=5,https://www.revolico.com/item/bicicleta-electrica-56536040
56535805,Bicicleta eléctrica,1.0,USD,La Habana,Plaza,"marca, tipo_bateria, autonomia_km","faltan campos obligatorios: marca, tipo_bateria, autonomia_km",faltan_campos,https://www.revolico.com/search?q=bicicleta+electrica&page=5,https://www.revolico.com/item/bicicleta-electrica-56535805
56534668,Bicicleta eléctrica,600.0,USD,La Habana,Boyeros,"marca, tipo_bateria, autonomia_km","faltan campos obligatorios: marca, tipo_bateria, autonomia_km",faltan_campos,https://www.revolico.com/search?q=bicicleta+electrica&page=5,https://www.revolico.com/item/bicicleta-electrica-56534668
56530140,Bicicleta eléctrica,1200.0,USD,Santiago de Cuba,Santiago de Cuba,"marca, tipo_bateria, autonomia_km","faltan campos obligatorios: marca, tipo_bateria, autonomia_km",faltan_campos,https://www.revolico.com/search?q=bicicleta+electrica&page=5,https://www.revolico.com/item/bicicleta-electrica-56530140
56528938,Bicicleta eléctrica,1100.0,USD,La Habana,Marianao,"marca, tipo_bateria, autonomia_km","faltan campos obligatorios: marca, tipo_bateria, autonomia_km",faltan_campos,https://www.revolico.com/search?q=bicicleta+electrica&page=5,https://www.revolico.com/item/bicicleta-electrica-56528938
56519285,Bicicleta eléctrica,490.0,USD,La Habana,Playa,"marca, tipo_bateria, autonomia_km","faltan campos obligatorios: marca, tipo_bateria, autonomia_km",faltan_campos,https://www.revolico.com/search?q=bicicleta+electrica&page=5,https://www.revolico.com/item/bicicleta-electrica-56519285
56495674,Bicicleta eléctrica,880.0,USD,La Habana,Centro Habana,"marca, tipo_bateria, autonomia_km","faltan campos obligatorios: marca, tipo_bateria, autonomia_km",faltan_campos,https://www.revolico.com/search?q=bicicleta+electrica&page=5,https://www.revolico.com/item/bicicleta-electrica-56495674
56493770,Bicicleta eléctrica,1200.0,USD,La Habana,Arroyo Naranjo,"marca, tipo_bateria, autonomia_km","faltan campos obligatorios: marca, tipo_bateria, autonomia_km",faltan_campos,https://www.revolico.com/search?q=bicicleta+electrica&page=5,https://www.revolico.com/item/bicicleta-electrica-56493770
56491920,Bicicleta eléctrica,590.0,USD,La Habana,Playa,"marca, tipo_bateria, autonomia_km","faltan campos obligatorios: marca, tipo_bateria, autonomia_km",faltan_campos,https://www.revolico.com/search?q=bicicleta+electrica&page=5,https://www.revolico.com/item/bicicleta-electrica-56491920
56488806,Bicicleta eléctrica,520.0,USD,La Habana,Centro Habana,"marca, tipo_bateria, autonomia_km","faltan campos obligatorios: marca, tipo_bateria, autonomia_km",faltan_campos,https://www.revolico.com/search?q=bicicleta+electrica&page=5,https://www.revolico.com/item/bicicleta-electrica-56488806
56466482,Bicicleta eléctrica,550.0,USD,La Habana,Playa,"marca, tipo_bateria, autonomia_km","faltan campos obligatorios: marca, tipo_bateria, autonomia_km",faltan_campos,https://www.revolico.com/search?q=bicicleta+electrica&page=5,https://www.revolico.com/item/bicicleta-electrica-56466482
56450260,Bicicleta eléctrica,490.0,USD,La Habana,Cerro,"marca, tipo_bateria, autonomia_km","faltan campos obligatorios: marca, tipo_bateria, autonomia_km",faltan_campos,https://www.revolico.com/search?q=bicicleta+electrica&page=5,https://www.revolico.com/item/bicicleta-electrica-56450260
56432872,Bicicleta eléctrica,900.0,USD,La Habana,Boyeros,"marca, tipo_bateria, autonomia_km","faltan campos obligatorios: marca, tipo_bateria, autonomia_km",faltan_campos,https://www.revolico.com/search?q=bicicleta+electrica&page=5,https://www.revolico.com/item/bicicleta-electrica-56432872
56417304,Bicicleta eléctrica,480.0,USD,La Habana,Cerro,"marca, tipo_bateria, autonomia_km","faltan campos obligatorios: marca, tipo_bateria, autonomia_km",faltan_campos,https://www.revolico.com/search?q=bicicleta+electrica&page=5,https://www.revolico.com/item/bicicleta-electrica-56417304
56375047,Bicicleta eléctrica,500.0,USD,La Habana,Cerro,"marca, tipo_bateria, autonomia_km","faltan campos obligatorios: marca, tipo_bateria, autonomia_km",faltan_campos,https://www.revolico.com/search?q=bicicleta+electrica&page=5,https://www.revolico.com/item/bicicleta-electrica-56375047
56358638,Bicicleta eléctrica,550.0,USD,La Habana,Diez de Octubre,"marca, tipo_bateria, autonomia_km","faltan campos obligatorios: marca, tipo_bateria, autonomia_km",faltan_campos,https://www.revolico.com/search?q=bicicleta+electrica&page=5,https://www.revolico.com/item/bicicleta-electrica-56358638
56350984,Bicicleta eléctrica,550.0,USD,La Habana,Playa,"marca, tipo_bateria, autonomia_km","faltan campos obligatorios: marca, tipo_bateria, autonomia_km",faltan_campos,https://www.revolico.com/search?q=bicicleta+electrica&page=5,https://www.revolico.com/item/bicicleta-electrica-56350984
56270515,Bicicleta eléctrica,950.0,USD,La Habana,Diez de Octubre,"marca, tipo_bateria, autonomia_km","faltan campos obligatorios: marca, tipo_bateria, autonomia_km",faltan_campos,https://www.revolico.com/search?q=bicicleta+electrica&page=5,https://www.revolico.com/item/bicicleta-electrica-56270515
56270462,Bicicleta eléctrica,1030.0,USD,La Habana,Diez de Octubre,"marca, tipo_bateria, autonomia_km","faltan campos obligatorios: marca, tipo_bateria, autonomia_km",faltan_campos,https://www.revolico.com/search?q=bicicleta+electrica&page=5,https://www.revolico.com/item/bicicleta-electrica-56270462
56252912,Bicicleta eléctrica,590.0,USD,La Habana,Playa,"marca, tipo_bateria, autonomia_km","faltan campos obligatorios: marca, tipo_bateria, autonomia_km",faltan_campos,https://www.revolico.com/search?q=bicicleta+electrica&page=5,https://www.revolico.com/item/bicicleta-electrica-56252912
56232301,Bicicleta eléctrica,1000.0,USD,La Habana,Marianao,"marca, tipo_bateria, autonomia_km","faltan campos obligatorios: marca, tipo_bateria, autonomia_km",faltan_campos,https://www.revolico.com/search?q=bicicleta+electrica&page=5,https://www.revolico.com/item/bicicleta-electrica-56232301
56210766,Bicicleta eléctrica,690.0,USD,La Habana,Centro Habana,"marca, tipo_bateria, autonomia_km","faltan campos obligatorios: marca, tipo_bateria, autonomia_km",faltan_campos,https://www.revolico.com/search?q=bicicleta+electrica&page=5,https://www.revolico.com/item/bicicleta-electrica-56210766
56139768,Bicicleta eléctrica,650.0,USD,La Habana,Centro Habana,"marca, tipo_bateria, autonomia_km","faltan campos obligatorios: marca, tipo_bateria, autonomia_km",faltan_campos,https://www.revolico.com/search?q=bicicleta+electrica&page=5,https://www.revolico.com/item/bicicleta-electrica-56139768
56107770,Bicicleta eléctrica,200.0,USD,La Habana,Cerro,"marca, tipo_bateria, autonomia_km","faltan campos obligatorios: marca, tipo_bateria, autonomia_km",faltan_campos,https://www.revolico.com/search?q=bicicleta+electrica&page=5,https://www.revolico.com/item/bicicleta-electrica-56107770
56022749,Bicicleta eléctrica,580.0,USD,La Habana,Playa,"marca, tipo_bateria, autonomia_km","faltan campos obligatorios: marca, tipo_bateria, autonomia_km",faltan_campos,https://www.revolico.com/search?q=bicicleta+electrica&page=5,https://www.revolico.com/item/bicicleta-electrica-56022749
55989768,Bicicleta eléctrica,590.0,USD,La Habana,Playa,"marca, tipo_bateria, autonomia_km","faltan campos obligatorios: marca, tipo_bateria, autonomia_km",faltan_campos,https://www.revolico.com/search?q=bicicleta+electrica&page=5,https://www.revolico.com/item/bicicleta-electrica-55989768
55966436,Bicicleta eléctrica,690.0,USD,La Habana,Boyeros,"marca, tipo_bateria, autonomia_km","faltan campos obligatorios: marca, tipo_bateria, autonomia_km",faltan_campos,https://www.revolico.com/search?q=bicicleta+electrica&page=5,https://www.revolico.com/item/bicicleta-electrica-55966436
55764111,Bicicleta eléctrica,620.0,USD,Santiago de Cuba,Santiago de Cuba,"marca, tipo_bateria, autonomia_km","faltan campos obligatorios: marca, tipo_bateria, autonomia_km",faltan_campos,https://www.revolico.com/search?q=bicicleta+electrica&page=5,https://www.revolico.com/item/bicicleta-electrica-55764111
55383954,Bicicleta eléctrica,570.0,USD,La Habana,Boyeros,"marca, tipo_bateria, autonomia_km","faltan campos obligatorios: marca, tipo_bateria, autonomia_km",faltan_campos,https://www.revolico.com/search?q=bicicleta+electrica&page=5,https://www.revolico.com/item/bicicleta-electrica-55383954
55314455,Bicicleta eléctrica,590.0,USD,La Habana,Playa,"marca, tipo_bateria, autonomia_km","faltan campos obligatorios: marca, tipo_bateria, autonomia_km",faltan_campos,https://www.revolico.com/search?q=bicicleta+electrica&page=5,https://www.revolico.com/item/bicicleta-electrica-55314455
55272461,Bicicleta eléctrica,750.0,USD,Santiago de Cuba,Santiago de Cuba,"marca, tipo_bateria, autonomia_km","faltan campos obligatorios: marca, tipo_bateria, autonomia_km",faltan_campos,https://www.revolico.com/search?q=bicicleta+electrica&page=5,https://www.revolico.com/item/bicimotos-55272461
54790172,Bicicleta eléctrica,450.0,USD,La Habana,Diez de Octubre,"marca, tipo_bateria, autonomia_km","faltan campos obligatorios: marca, tipo_bateria, autonomia_km",faltan_campos,https://www.revolico.com/search?q=bicicleta+electrica&page=5,https://www.revolico.com/item/bicimotos-y-moto-de-combustion-54790172
56584283,Bicicleta eléctrica (Fat Tire Ebike) GOMAS 20X4 Nueva en caja,850.0,USD,La Habana,Cerro,"marca, tipo_bateria, autonomia_km","faltan campos obligatorios: marca, tipo_bateria, autonomia_km",faltan_campos,https://www.revolico.com/search?q=bici+electrica&page=2,https://www.revolico.com/item/bicicleta-electrica-fat-tire-ebike-gomas-20x4-nueva-en-caja-56584283
57685305,Bicicleta eléctrica (NUEVA),470.0,USD,La Habana,Diez de Octubre,"marca, tipo_bateria, autonomia_km","faltan campos obligatorios: marca, tipo_bateria, autonomia_km",faltan_campos,https://www.revolico.com/search?q=bicicleta+electrica&page=6,https://www.revolico.com/item/bicicleta-electrica-nueva-57685305
56198947,Bicicleta eléctrica (bicimoto),480.0,USD,La Habana,Diez de Octubre,"marca, tipo_bateria, autonomia_km","faltan campos obligatorios: marca, tipo_bateria, autonomia_km",faltan_campos,https://www.revolico.com/search?q=bicimoto+electrica&page=5,https://www.revolico.com/item/bicicleta-electrica-bicimoto-56198947
57645675,Bicicleta eléctrica 0km,650.0,USD,La Habana,Centro Habana,"marca, tipo_bateria, autonomia_km","faltan campos obligatorios: marca, tipo_bateria, autonomia_km",faltan_campos,https://www.revolico.com/search?q=bicicleta+electrica&page=6,https://www.revolico.com/item/bicicleta-electrica-0km-57645675
57645118,Bicicleta eléctrica 0km,640.0,USD,La Habana,Centro Habana,"marca, tipo_bateria, autonomia_km","faltan campos obligatorios: marca, tipo_bateria, autonomia_km",faltan_campos,https://www.revolico.com/search?q=bicicleta+electrica&page=6,https://www.revolico.com/item/bicicleta-electrica-0km-57645118
57577999,Bicicleta eléctrica 1000 watts 48 volt 15 amperes,430.0,USD,La Habana,Boyeros,"marca, tipo_bateria, autonomia_km","faltan campos obligatorios: marca, tipo_bateria, autonomia_km",faltan_campos,https://www.revolico.com/search?q=bicicleta+electrica&page=7,https://www.revolico.com/item/bicicleta-electrica-1000-watts-48-volt-15-amperes-57577999
55384391,"Bicicleta eléctrica 26""",600.0,USD,La Habana,Playa,"marca, tipo_bateria, autonomia_km","faltan campos obligatorios: marca, tipo_bateria, autonomia_km",faltan_campos,https://www.revolico.com/search?q=bici+electrica&page=2,https://www.revolico.com/item/bicicleta-electrica-26-55384391
57578026,Bicicleta eléctrica 36 volt 8 amperes nueva,250.0,USD,La Habana,Boyeros,"marca, tipo_bateria, autonomia_km","faltan campos obligatorios: marca, tipo_bateria, autonomia_km",faltan_campos,https://www.revolico.com/search?q=bicicleta+electrica&page=7,https://www.revolico.com/item/bicicleta-electrica-36-volt-8-amperes-nueva-57578026
57587422,Bicicleta eléctrica A-12 versión 2026,550.0,USD,La Habana,Playa,"marca, tipo_bateria, autonomia_km","faltan campos obligatorios: marca, tipo_bateria, autonomia_km",faltan_campos,https://www.revolico.com/search?q=bicicleta+electrica&page=7,https://www.revolico.com/item/bicicleta-electrica-a-12-version-2026-57587422
57620137,Bicicleta eléctrica A12,630.0,USD,La Habana,San Miguel del Padrón,"marca, tipo_bateria, autonomia_km","faltan campos obligatorios: marca, tipo_bateria, autonomia_km",faltan_campos,https://www.revolico.com/search?q=bicicleta+electrica&page=7,https://www.revolico.com/item/bicicleta-a12-en-venta-57620137
57463138,Bicicleta eléctrica A9,600.0,USD,La Habana,Centro Habana,"marca, tipo_bateria, autonomia_km","faltan campos obligatorios: marca, tipo_bateria, autonomia_km",faltan_campos,https://www.revolico.com/search?q=bicicleta+electrica&page=9,https://www.revolico.com/item/bicicleta-electrica-a9-57463138
57481920,Bicicleta eléctrica A9 STAR,490.0,USD,La Habana,Playa,"marca, tipo_bateria, autonomia_km","faltan campos obligatorios: marca, tipo_bateria, autonomia_km",faltan_campos,https://www.revolico.com/search?q=bicicleta+electrica&page=9,https://www.revolico.com/item/bicicleta-electrica-a9-star-57481920
57551341,Bicicleta eléctrica BEVOMECON,630.0,USD,La Habana,Plaza,"marca, tipo_bateria, autonomia_km","faltan campos obligatorios: marca, tipo_bateria, autonomia_km",faltan_campos,https://www.revolico.com/search?q=bicicleta+electrica&page=7,https://www.revolico.com/item/bicicleta-electrica-bevomecon-57551341
57488015,Bicicleta eléctrica BEVOMECON,700.0,USD,La Habana,Diez de Octubre,"marca, tipo_bateria, autonomia_km","faltan campos obligatorios: marca, tipo_bateria, autonomia_km",faltan_campos,https://www.revolico.com/search?q=bicicleta+electrica&page=9,https://www.revolico.com/item/bicicleta-electrica-bevomecon-57488015
56990745,Bicicleta eléctrica BICIMOTO,1150.0,USD,La Habana,Boyeros,"marca, tipo_bateria, autonomia_km","faltan campos obligatorios: marca, tipo_bateria, autonomia_km",faltan_campos,https://www.revolico.com/search?q=bicimoto+electrica&page=4,https://www.revolico.com/item/bicicleta-electrica-bicimoto-56990745
57541911,Bicicleta eléctrica Bevomecom,640.0,USD,La Habana,Centro Habana,"marca, tipo_bateria, autonomia_km","faltan campos obligatorios: marca, tipo_bateria, autonomia_km",faltan_campos,https://www.revolico.com/search?q=bicicleta+electrica&page=8,https://www.revolico.com/item/bicicleta-electrica-bevomecom-57541911
57498239,Bicicleta eléctrica Bevomecon,620.0,USD,La Habana,Diez de Octubre,"marca, tipo_bateria, autonomia_km","faltan campos obligatorios: marca, tipo_bateria, autonomia_km",faltan_campos,https://www.revolico.com/search?q=bicicleta+electrica&page=8,https://www.revolico.com/item/bicicleta-electrica-bevomecon-57498239
57646012,Bicicleta eléctrica DYU 48v 10ah,500.0,USD,La Habana,Diez de Octubre,"marca, tipo_bateria, autonomia_km","faltan campos obligatorios: marca, tipo_bateria, autonomia_km",faltan_campos,https://www.revolico.com/search?q=bicicleta+electrica&page=6,https://www.revolico.com/item/bicicleta-electrica-dyu-48v-10ah-57646012
56446120,Bicicleta eléctrica E-BIKE VOLTVOGUE,1510.0,USD,Santiago de Cuba,Santiago de Cuba,"marca, tipo_bateria, autonomia_km","faltan campos obligatorios: marca, tipo_bateria, autonomia_km",faltan_campos,https://www.revolico.com/search?q=e-bike&page=1,https://www.revolico.com/item/bicicleta-electrica-e-bike-voltvogue-56446120
57370135,Bicicleta eléctrica Ebike,590.0,USD,La Habana,Cerro,"marca, tipo_bateria, autonomia_km","faltan campos obligatorios: marca, tipo_bateria, autonomia_km",faltan_campos,https://www.revolico.com/search?q=bicicleta+electrica&page=10,https://www.revolico.com/item/bicicleta-electrica-ebike-57370135
57336311,Bicicleta eléctrica Eskute T300 Plus,900.0,USD,La Habana,Plaza,"marca, tipo_bateria, autonomia_km","faltan campos obligatorios: marca, tipo_bateria, autonomia_km",faltan_campos,https://www.revolico.com/search?q=bicicleta+electrica&page=10,https://www.revolico.com/item/bicicleta-electrica-eskute-t300-plus-57336311
56186371,Bicicleta eléctrica FATBOY,700.0,USD,La Habana,Diez de Octubre,"marca, tipo_bateria, autonomia_km","faltan campos obligatorios: marca, tipo_bateria, autonomia_km",faltan_campos,https://www.revolico.com/search?q=bici+electrica&page=2,https://www.revolico.com/item/bicicleta-electrica-fatboy-56186371
57386488,Bicicleta eléctrica G-29,1200.0,USD,La Habana,Centro Habana,"marca, tipo_bateria, autonomia_km","faltan campos obligatorios: marca, tipo_bateria, autonomia_km",faltan_campos,https://www.revolico.com/search?q=bicicleta+electrica&page=10,https://www.revolico.com/item/bicicleta-electrica-g-29-57386488
56445088,Bicicleta eléctrica G29,1150.0,USD,La Habana,Plaza,"marca, tipo_bateria, autonomia_km","faltan campos obligatorios: marca, tipo_bateria, autonomia_km",faltan_campos,https://www.revolico.com/search?q=e-bike&page=4,https://www.revolico.com/item/bicicleta-electrica-g29-56445088
56501414,Bicicleta eléctrica G29 1000 W 2500 W,1170.0,USD,La Habana,Cerro,"marca, tipo_bateria, autonomia_km","faltan campos obligatorios: marca, tipo_bateria, autonomia_km",faltan_campos,https://www.revolico.com/search?q=e-bike&page=4,https://www.revolico.com/item/bicicleta-electrica-g29-1000-w-2500-w-56501414
57526196,Bicicleta eléctrica GLEERIDE A9 star,520.0,USD,La Habana,Habana Vieja,"marca, tipo_bateria, autonomia_km","faltan campos obligatorios: marca, tipo_bateria, autonomia_km",faltan_campos,https://www.revolico.com/search?q=bicicleta+electrica&page=8,https://www.revolico.com/item/bicicleta-electrica-gleeride-a9-star-57526196
57352627,"Bicicleta eléctrica ISUKI, La Lisa",850.0,USD,La Habana,La Lisa,"marca, tipo_bateria, autonomia_km","faltan campos obligatorios: marca, tipo_bateria, autonomia_km",faltan_campos,https://www.revolico.com/search?q=bicicleta+electrica&page=10,https://www.revolico.com/item/bicicleta-electrica-isuki-la-lisa-57352627
57694889,Bicicleta eléctrica IZUKI,1650.0,USD,La Habana,Centro Habana,"marca, tipo_bateria, autonomia_km","faltan campos obligatorios: marca, tipo_bateria, autonomia_km",faltan_campos,https://www.revolico.com/search?q=bicicleta+electrica&page=5,https://www.revolico.com/item/bicicleta-electrica-izuki-57694889
57551462,Bicicleta eléctrica MOVCAN,1000.0,USD,La Habana,Plaza,"marca, tipo_bateria, autonomia_km","faltan campos obligatorios: marca, tipo_bateria, autonomia_km",faltan_campos,https://www.revolico.com/search?q=bicicleta+electrica&page=7,https://www.revolico.com/item/bicicleta-electrica-movcan-57551462
57468401,Bicicleta eléctrica MOVCAN V30,1200.0,USD,La Habana,Diez de Octubre,"marca, tipo_bateria, autonomia_km","faltan campos obligatorios: marca, tipo_bateria, autonomia_km",faltan_campos,https://www.revolico.com/search?q=bicicleta+electrica&page=9,https://www.revolico.com/item/bicicleta-electrica-movcan-v30-57468401
57414166,"Bicicleta eléctrica Movilidad eficiente , moderna y ecológica",550.0,USD,La Habana,Centro Habana,"marca, tipo_bateria, autonomia_km","faltan campos obligatorios: marca, tipo_bateria, autonomia_km",faltan_campos,https://www.revolico.com/search?q=bicicleta+electrica&page=9,https://www.revolico.com/item/bicicleta-electrica-movilidad-eficiente-moderna-y-ecologica-57414166
57663559,Bicicleta eléctrica OKDAY🚲Camagüey,540.0,USD,Camagüey,Camagüey,"marca, tipo_bateria, autonomia_km","faltan campos obligatorios: marca, tipo_bateria, autonomia_km",faltan_campos,https://www.revolico.com/search?q=bicicleta+electrica&page=6,https://www.revolico.com/item/bicicleta-electrica-okdaycamaguey-57663559
57530173,Bicicleta eléctrica Pikabike Z6,480.0,USD,La Habana,La Lisa,"marca, tipo_bateria, autonomia_km","faltan campos obligatorios: marca, tipo_bateria, autonomia_km",faltan_campos,https://www.revolico.com/search?q=bicicleta+electrica&page=8,https://www.revolico.com/item/bicicleta-electrica-pikabike-z6-57530173
57653662,Bicicleta eléctrica SPORT Villa clara,650.0,USD,Villa Clara,Santa Clara,"marca, tipo_bateria, autonomia_km","faltan campos obligatorios: marca, tipo_bateria, autonomia_km",faltan_campos,https://www.revolico.com/search?q=bicicleta+electrica&page=6,https://www.revolico.com/item/bicicleta-electrica-sport-villa-clara-57653662
57564151,Bicicleta eléctrica SPORT Z8 0km,530.0,USD,La Habana,Playa,"marca, tipo_bateria, autonomia_km","faltan campos obligatorios: marca, tipo_bateria, autonomia_km",faltan_campos,https://www.revolico.com/search?q=bicicleta+electrica&page=7,https://www.revolico.com/item/bicicleta-electrica-sport-z8-0km-57564151
57542820,Bicicleta eléctrica Sport,500.0,USD,La Habana,Plaza,"marca, tipo_bateria, autonomia_km","faltan campos obligatorios: marca, tipo_bateria, autonomia_km",faltan_campos,https://www.revolico.com/search?q=bicicleta+electrica&page=8,https://www.revolico.com/item/bicicleta-electrica-sport-57542820
57336399,Bicicleta eléctrica Sport Z8,600.0,USD,La Habana,Plaza,"marca, tipo_bateria, autonomia_km","faltan campos obligatorios: marca, tipo_bateria, autonomia_km",faltan_campos,https://www.revolico.com/search?q=bicicleta+electrica&page=10,https://www.revolico.com/item/bicicleta-electrica-sport-z8-57336399
57112297,Bicicleta eléctrica T1 14,560.0,USD,La Habana,Diez de Octubre,"marca, tipo_bateria, autonomia_km","faltan campos obligatorios: marca, tipo_bateria, autonomia_km",faltan_campos,https://www.revolico.com/search?q=e-bike&page=4,https://www.revolico.com/item/bicicleta-electrica-t1-14-57112297
57170614,Bicicleta eléctrica T1 14,590.0,USD,La Habana,Habana del Este,"marca, tipo_bateria, autonomia_km","faltan campos obligatorios: marca, tipo_bateria, autonomia_km",faltan_campos,https://www.revolico.com/search?q=e-bike&page=4,https://www.revolico.com/item/bicicleta-electrica-t1-14-57170614
57171712,Bicicleta eléctrica T1 14 inch E-Bike,610.0,USD,La Habana,Playa,"marca, tipo_bateria, autonomia_km","faltan campos obligatorios: marca, tipo_bateria, autonomia_km",faltan_campos,https://www.revolico.com/search?q=e-bike&page=2,https://www.revolico.com/item/bicicleta-electrica-t1-14-inch-e-bike-57171712
57163320,Bicicleta eléctrica T1 14 inch E-Bike,600.0,USD,La Habana,Marianao,"marca, tipo_bateria, autonomia_km","faltan campos obligatorios: marca, tipo_bateria, autonomia_km",faltan_campos,https://www.revolico.com/search?q=e-bike&page=2,https://www.revolico.com/item/bicicleta-electrica-t1-14-inch-e-bike-57163320
56866026,Bicicleta eléctrica T1 14 inch E-Bike 580 usd,580.0,USD,La Habana,Centro Habana,"marca, tipo_bateria, autonomia_km","faltan campos obligatorios: marca, tipo_bateria, autonomia_km",faltan_campos,https://www.revolico.com/search?q=e-bike&page=2,https://www.revolico.com/item/bicicleta-electrica-t1-14-inch-e-bike-580-usd-56866026
57324995,Bicicleta eléctrica T20 900 usd con mensajería incluida,900.0,USD,La Habana,Plaza,"marca, tipo_bateria, autonomia_km","faltan campos obligatorios: marca, tipo_bateria, autonomia_km",faltan_campos,https://www.revolico.com/search?q=bicicleta+electrica&page=10,https://www.revolico.com/item/bicicleta-electrica-t20-900-usd-con-mensajeria-incluida-57324995
57551369,Bicicleta eléctrica TREVALIX,630.0,USD,La Habana,Plaza,"marca, tipo_bateria, autonomia_km","faltan campos obligatorios: marca, tipo_bateria, autonomia_km",faltan_campos,https://www.revolico.com/search?q=bicicleta+electrica&page=7,https://www.revolico.com/item/bicicleta-electrica-trevalix-57551369
57514016,Bicicleta eléctrica TST X6,1130.0,USD,La Habana,Cerro,"marca, tipo_bateria, autonomia_km","faltan campos obligatorios: marca, tipo_bateria, autonomia_km",faltan_campos,https://www.revolico.com/search?q=bicicleta+electrica&page=8,https://www.revolico.com/item/bicicleta-electrica-tst-x6-57514016
57514015,Bicicleta eléctrica TST X6,1130.0,USD,La Habana,Cerro,"marca, tipo_bateria, autonomia_km","faltan campos obligatorios: marca, tipo_bateria, autonomia_km",faltan_campos,https://www.revolico.com/search?q=bicicleta+electrica&page=8,https://www.revolico.com/item/bicicleta-electrica-tst-x6-57514015
57498216,Bicicleta eléctrica Trevalix,620.0,USD,La Habana,Diez de Octubre,"marca, tipo_bateria, autonomia_km","faltan campos obligatorios: marca, tipo_bateria, autonomia_km",faltan_campos,https://www.revolico.com/search?q=bicicleta+electrica&page=8,https://www.revolico.com/item/bicicleta-electrica-trevalix-57498216
57563970,Bicicleta eléctrica Unbike F1 Pro 0km,880.0,USD,La Habana,Playa,"marca, tipo_bateria, autonomia_km","faltan campos obligatorios: marca, tipo_bateria, autonomia_km",faltan_campos,https://www.revolico.com/search?q=bicicleta+electrica&page=7,https://www.revolico.com/item/bicicleta-electrica-unbike-f1-pro-0km-57563970
57336416,Bicicleta eléctrica Unibike F1 Pro,1000.0,USD,La Habana,Plaza,"marca, tipo_bateria, autonomia_km","faltan campos obligatorios: marca, tipo_bateria, autonomia_km",faltan_campos,https://www.revolico.com/search?q=bicicleta+electrica&page=10,https://www.revolico.com/item/bicicleta-electrica-unibike-f1-pro-57336416
57648566,Bicicleta eléctrica Unizuki 36 / 18 amp,820.0,USD,La Habana,Centro Habana,"marca, tipo_bateria, autonomia_km","faltan campos obligatorios: marca, tipo_bateria, autonomia_km",faltan_campos,https://www.revolico.com/search?q=bicicleta+electrica&page=6,https://www.revolico.com/item/bicicleta-electrica-unizuki-36-18-amp-57648566
57336448,Bicicleta eléctrica X80 Pro,1200.0,USD,La Habana,Plaza,"marca, tipo_bateria, autonomia_km","faltan campos obligatorios: marca, tipo_bateria, autonomia_km",faltan_campos,https://www.revolico.com/search?q=bicicleta+electrica&page=10,https://www.revolico.com/item/bicicleta-electrica-x80-pro-57336448
57551397,Bicicleta eléctrica YESELF,630.0,USD,La Habana,Plaza,"marca, tipo_bateria, autonomia_km","faltan campos obligatorios: marca, tipo_bateria, autonomia_km",faltan_campos,https://www.revolico.com/search?q=bicicleta+electrica&page=7,https://www.revolico.com/item/bicicleta-electrica-yeself-57551397
57491728,Bicicleta eléctrica YESELF,700.0,USD,La Habana,Diez de Octubre,"marca, tipo_bateria, autonomia_km","faltan campos obligatorios: marca, tipo_bateria, autonomia_km",faltan_campos,https://www.revolico.com/search?q=bicicleta+electrica&page=9,https://www.revolico.com/item/bicicleta-electrica-yeself-57491728
57498182,Bicicleta eléctrica Yeself,620.0,USD,La Habana,Diez de Octubre,"marca, tipo_bateria, autonomia_km","faltan campos obligatorios: marca, tipo_bateria, autonomia_km",faltan_campos,https://www.revolico.com/search?q=bicicleta+electrica&page=8,https://www.revolico.com/item/bicicleta-electrica-yeself-57498182
57498181,Bicicleta eléctrica Yeself,620.0,USD,La Habana,Diez de Octubre,"marca, tipo_bateria, autonomia_km","faltan campos obligatorios: marca, tipo_bateria, autonomia_km",faltan_campos,https://www.revolico.com/search?q=bicicleta+electrica&page=8,https://www.revolico.com/item/bicicleta-electrica-yeself-57498181
57505022,Bicicleta eléctrica Z6,650.0,USD,La Habana,Cerro,"marca, tipo_bateria, autonomia_km","faltan campos obligatorios: marca, tipo_bateria, autonomia_km",faltan_campos,https://www.revolico.com/search?q=bicicleta+electrica&page=8,https://www.revolico.com/item/bicicleta-electrica-z6-57505022
57528125,Bicicleta eléctrica bukaty,900.0,USD,Artemisa,Caimito,"marca, tipo_bateria, autonomia_km","faltan campos obligatorios: marca, tipo_bateria, autonomia_km",faltan_campos,https://www.revolico.com/search?q=bicicleta+electrica&page=8,https://www.revolico.com/item/bicicleta-electrica-bukaty-57528125
57476015,Bicicleta eléctrica de carga,800.0,USD,La Habana,Centro Habana,"marca, tipo_bateria, autonomia_km","faltan campos obligatorios: marca, tipo_bateria, autonomia_km",faltan_campos,https://www.revolico.com/search?q=bicicleta+electrica&page=9,https://www.revolico.com/item/bicicleta-electrica-de-carga-57476015
57420037,Bicicleta eléctrica de uso,100.0,USD,La Habana,Plaza,"marca, tipo_bateria, autonomia_km","faltan campos obligatorios: marca, tipo_bateria, autonomia_km",faltan_campos,https://www.revolico.com/search?q=bicicleta+electrica&page=9,https://www.revolico.com/item/bicicleta-electrica-de-uso-57420037
57513295,Bicicleta eléctrica e bike Sport,580.0,USD,La Habana,Diez de Octubre,"marca, tipo_bateria, autonomia_km","faltan campos obligatorios: marca, tipo_bateria, autonomia_km",faltan_campos,https://www.revolico.com/search?q=bicicleta+electrica&page=8,https://www.revolico.com/item/bicicleta-electrica-e-bike-sport-57513295
57344700,Bicicleta eléctrica en venta en Marianao,1.0,USD,La Habana,Marianao,"marca, tipo_bateria, autonomia_km","faltan campos obligatorios: marca, tipo_bateria, autonomia_km",faltan_campos,https://www.revolico.com/search?q=bicicleta+electrica&page=10,https://www.revolico.com/item/bicicleta-electrica-en-venta-en-marianao-57344700
57328670,Bicicleta eléctrica en venta nueva Marianao +5363653721,480.0,USD,La Habana,Marianao,"marca, tipo_bateria, autonomia_km","faltan campos obligatorios: marca, tipo_bateria, autonomia_km",faltan_campos,https://www.revolico.com/search?q=bicicleta+electrica&page=10,https://www.revolico.com/item/bicimoto-en-venta-nueva-marianao-57328670
57410934,Bicicleta eléctrica familiar!!,1500.0,USD,La Habana,Arroyo Naranjo,"marca, tipo_bateria, autonomia_km","faltan campos obligatorios: marca, tipo_bateria, autonomia_km",faltan_campos,https://www.revolico.com/search?q=bicicleta+electrica&page=10,https://www.revolico.com/item/bicicleta-electrica-familiar-57410934
57345114,Bicicleta eléctrica habana modelo más moderno mensajería gratis en toda la Habana hasta la su casa,520.0,USD,La Habana,Centro Habana,"marca, tipo_bateria, autonomia_km","faltan campos obligatorios: marca, tipo_bateria, autonomia_km",faltan_campos,https://www.revolico.com/search?q=bicicleta+electrica&page=10,https://www.revolico.com/item/bicicleta-electrica-habana-modelo-mas-moderno-mensajeria-gratis-en-toda-la-habana-hasta-la-su-casa-57345114
57589614,Bicicleta eléctrica nueva,1150.0,USD,La Habana,Diez de Octubre,"marca, tipo_bateria, autonomia_km","faltan campos obligatorios: marca, tipo_bateria, autonomia_km",faltan_campos,https://www.revolico.com/search?q=bicicleta+electrica&page=7,https://www.revolico.com/item/bicicleta-electrica-nueva-57589614
57546787,Bicicleta eléctrica nueva 2026,250.0,USD,La Habana,Boyeros,"marca, tipo_bateria, autonomia_km","faltan campos obligatorios: marca, tipo_bateria, autonomia_km",faltan_campos,https://www.revolico.com/search?q=bicicleta+electrica&page=8,https://www.revolico.com/item/bicicleta-electrica-nueva-2026-57546787
57472069,Bicicleta eléctrica nueva sellada en caja 750w y 37 de velocidad máxima,460.0,USD,La Habana,Plaza,"marca, tipo_bateria, autonomia_km","faltan campos obligatorios: marca, tipo_bateria, autonomia_km",faltan_campos,https://www.revolico.com/search?q=bicicleta+electrica&page=9,https://www.revolico.com/item/bicicleta-electrica-nueva-sellada-en-caja-750w-y-37-de-velocidad-maxima-57472069
57351904,Bicicleta eléctrica nuevas plegables,450.0,USD,La Habana,Habana Vieja,"marca, tipo_bateria, autonomia_km","faltan campos obligatorios: marca, tipo_bateria, autonomia_km",faltan_campos,https://www.revolico.com/search?q=bicicleta+electrica&page=10,https://www.revolico.com/item/bicicleta-electrica-nuevas-plegables-57351904
57677422,Bicicleta eléctrica o Bicimoto 500usd,500.0,USD,La Habana,Centro Habana,"marca, tipo_bateria, autonomia_km","faltan campos obligatorios: marca, tipo_bateria, autonomia_km",faltan_campos,https://www.revolico.com/search?q=bicicleta+electrica&page=6,https://www.revolico.com/item/bicicleta-electrica-o-bicimoto-500usd-57677422
57464579,Bicicleta eléctrica para adultos,550.0,USD,La Habana,Centro Habana,"marca, tipo_bateria, autonomia_km","faltan campos obligatorios: marca, tipo_bateria, autonomia_km",faltan_campos,https://www.revolico.com/search?q=bicicleta+electrica&page=9,https://www.revolico.com/item/bicicleta-electrica-para-adultos-57464579
56512000,Bicicleta eléctrica plegable,550.0,USD,La Habana,Cerro,"marca, tipo_bateria, autonomia_km","faltan campos obligatorios: marca, tipo_bateria, autonomia_km",faltan_campos,https://www.revolico.com/search?q=bici+electrica&page=2,https://www.revolico.com/item/bicicleta-electrica-plegable-56512000
55722161,Bicicleta eléctrica plegable,450.0,USD,La Habana,Centro Habana,"marca, tipo_bateria, autonomia_km","faltan campos obligatorios: marca, tipo_bateria, autonomia_km",faltan_campos,https://www.revolico.com/search?q=bici+electrica&page=2,https://www.revolico.com/item/bicicleta-electrica-plegable-55722161
57655716,Bicicleta eléctrica plegable,500.0,USD,La Habana,Diez de Octubre,"marca, tipo_bateria, autonomia_km","faltan campos obligatorios: marca, tipo_bateria, autonomia_km",faltan_campos,https://www.revolico.com/search?q=bicicleta+electrica&page=6,https://www.revolico.com/item/bicicleta-electrica-plegable-57655716
57642077,Bicicleta eléctrica plegable,550.0,USD,La Habana,Plaza,"marca, tipo_bateria, autonomia_km","faltan campos obligatorios: marca, tipo_bateria, autonomia_km",faltan_campos,https://www.revolico.com/search?q=bicicleta+electrica&page=6,https://www.revolico.com/item/bicicleta-electrica-plegable-57642077
57624274,Bicicleta eléctrica plegable,500.0,USD,La Habana,Centro Habana,"marca, tipo_bateria, autonomia_km","faltan campos obligatorios: marca, tipo_bateria, autonomia_km",faltan_campos,https://www.revolico.com/search?q=bicicleta+electrica&page=6,https://www.revolico.com/item/bicicleta-electrica-plegable-57624274
57589947,Bicicleta eléctrica plegable,650.0,USD,La Habana,Plaza,"marca, tipo_bateria, autonomia_km","faltan campos obligatorios: marca, tipo_bateria, autonomia_km",faltan_campos,https://www.revolico.com/search?q=bicicleta+electrica&page=7,https://www.revolico.com/item/bicicleta-electrica-plegable-57589947
57581210,Bicicleta eléctrica plegable,480.0,USD,La Habana,Diez de Octubre,"marca, tipo_bateria, autonomia_km","faltan campos obligatorios: marca, tipo_bateria, autonomia_km",faltan_campos,https://www.revolico.com/search?q=bicicleta+electrica&page=7,https://www.revolico.com/item/bicicleta-electrica-plegable-57581210
57568541,Bicicleta eléctrica plegable,550.0,USD,La Habana,Playa,"marca, tipo_bateria, autonomia_km","faltan campos obligatorios: marca, tipo_bateria, autonomia_km",faltan_campos,https://www.revolico.com/search?q=bicicleta+electrica&page=7,https://www.revolico.com/item/bicicleta-electrica-plegable-57568541
57525099,Bicicleta eléctrica plegable,650.0,USD,La Habana,Playa,"marca, tipo_bateria, autonomia_km","faltan campos obligatorios: marca, tipo_bateria, autonomia_km",faltan_campos,https://www.revolico.com/search?q=bicicleta+electrica&page=8,https://www.revolico.com/item/bicicleta-electrica-plegable-57525099
57524019,Bicicleta eléctrica plegable,488.0,USD,La Habana,Centro Habana,"marca, tipo_bateria, autonomia_km","faltan campos obligatorios: marca, tipo_bateria, autonomia_km",faltan_campos,https://www.revolico.com/search?q=bicicleta+electrica&page=8,https://www.revolico.com/item/bicicleta-electrica-plegable-57524019
57519999,Bicicleta eléctrica plegable,480.0,USD,La Habana,Arroyo Naranjo,"marca, tipo_bateria, autonomia_km","faltan campos obligatorios: marca, tipo_bateria, autonomia_km",faltan_campos,https://www.revolico.com/search?q=bicicleta+electrica&page=8,https://www.revolico.com/item/bicicleta-electrica-plegable-57519999
57511475,Bicicleta eléctrica plegable,600.0,USD,La Habana,Cerro,"marca, tipo_bateria, autonomia_km","faltan campos obligatorios: marca, tipo_bateria, autonomia_km",faltan_campos,https://www.revolico.com/search?q=bicicleta+electrica&page=8,https://www.revolico.com/item/bicicleta-electrica-plegable-57511475
57479185,Bicicleta eléctrica plegable,470.0,USD,La Habana,Plaza,"marca, tipo_bateria, autonomia_km","faltan campos obligatorios: marca, tipo_bateria, autonomia_km",faltan_campos,https://www.revolico.com/search?q=bicicleta+electrica&page=9,https://www.revolico.com/item/bicicleta-electrica-plegable-57479185
57469977,Bicicleta eléctrica plegable,480.0,USD,La Habana,Diez de Octubre,"marca, tipo_bateria, autonomia_km","faltan campos obligatorios: marca, tipo_bateria, autonomia_km",faltan_campos,https://www.revolico.com/search?q=bicicleta+electrica&page=9,https://www.revolico.com/item/bicicleta-electrica-plegable-57469977
57413104,Bicicleta eléctrica plegable,480.0,USD,La Habana,Centro Habana,"marca, tipo_bateria, autonomia_km","faltan campos obligatorios: marca, tipo_bateria, autonomia_km",faltan_campos,https://www.revolico.com/search?q=bicicleta+electrica&page=10,https://www.revolico.com/item/bicicleta-electrica-plegable-57413104
57397497,Bicicleta eléctrica plegable,500.0,USD,La Habana,Cerro,"marca, tipo_bateria, autonomia_km","faltan campos obligatorios: marca, tipo_bateria, autonomia_km",faltan_campos,https://www.revolico.com/search?q=bicicleta+electrica&page=10,https://www.revolico.com/item/bicicleta-electrica-plegable-57397497
57539366,"Bicicleta eléctrica plegable 14""",697.0,USD,La Habana,Plaza,"marca, tipo_bateria, autonomia_km","faltan campos obligatorios: marca, tipo_bateria, autonomia_km",faltan_campos,https://www.revolico.com/search?q=bicicleta+electrica&page=8,https://www.revolico.com/item/bicicleta-electrica-plegable-14-57539366
57638011,"Bicicleta eléctrica plegable 48V, motor 560W",480.0,USD,La Habana,Diez de Octubre,"marca, tipo_bateria, autonomia_km","faltan campos obligatorios: marca, tipo_bateria, autonomia_km",faltan_campos,https://www.revolico.com/search?q=bicicleta+electrica&page=6,https://www.revolico.com/item/bicicleta-electrica-plegable-48v-motor-560w-57638011
57496678,Bicicleta eléctrica plegable 490 USD 😲,490.0,USD,La Habana,Habana Vieja,"marca, tipo_bateria, autonomia_km","faltan campos obligatorios: marca, tipo_bateria, autonomia_km",faltan_campos,https://www.revolico.com/search?q=bicicleta+electrica&page=8,https://www.revolico.com/item/bicicleta-electrica-plegable-490-usd-57496678
57336381,Bicicleta eléctrica plegable A9,600.0,USD,La Habana,Plaza,"marca, tipo_bateria, autonomia_km","faltan campos obligatorios: marca, tipo_bateria, autonomia_km",faltan_campos,https://www.revolico.com/search?q=bicicleta+electrica&page=10,https://www.revolico.com/item/bicicleta-electrica-plegable-a9-57336381
57660525,Bicicleta eléctrica plegable E Bike Sport,530.0,USD,La Habana,Playa,"marca, tipo_bateria, autonomia_km","faltan campos obligatorios: marca, tipo_bateria, autonomia_km",faltan_campos,https://www.revolico.com/search?q=bicicleta+electrica&page=6,https://www.revolico.com/item/bicicleta-electrica-plegable-e-bike-sport-57660525
57634707,Bicicleta eléctrica plegable E Bike Sport,500.0,USD,La Habana,Diez de Octubre,"marca, tipo_bateria, autonomia_km","faltan campos obligatorios: marca, tipo_bateria, autonomia_km",faltan_campos,https://www.revolico.com/search?q=bicicleta+electrica&page=6,https://www.revolico.com/item/bicicleta-electrica-plegable-e-bike-sport-57634707
57695232,Bicicleta eléctrica plegable E Bike Sport Cod:EcoFlow,550.0,USD,La Habana,Playa,"marca, tipo_bateria, autonomia_km","faltan campos obligatorios: marca, tipo_bateria, autonomia_km",faltan_campos,https://www.revolico.com/search?q=bicicleta+electrica&page=5,https://www.revolico.com/item/bicicleta-electrica-plegable-e-bike-sport-codecoflow-57695232
57664684,Bicicleta eléctrica plegable E Bike Sport venta habana,550.0,USD,La Habana,Playa,"marca, tipo_bateria, autonomia_km","faltan campos obligatorios: marca, tipo_bateria, autonomia_km",faltan_campos,https://www.revolico.com/search?q=bicicleta+electrica&page=6,https://www.revolico.com/item/bicicleta-electrica-plegable-e-bike-sport-venta-habana-57664684
57669221,Bicicleta eléctrica plegable E Bike sport,550.0,USD,La Habana,Diez de Octubre,"marca, tipo_bateria, autonomia_km","faltan campos obligatorios: marca, tipo_bateria, autonomia_km",faltan_campos,https://www.revolico.com/search?q=bicicleta+electrica&page=6,https://www.revolico.com/item/bicicleta-electrica-plegable-e-bike-sport-57669221
57564536,Bicicleta eléctrica plegable E-Bike A12 0km,660.0,USD,La Habana,Playa,"marca, tipo_bateria, autonomia_km","faltan campos obligatorios: marca, tipo_bateria, autonomia_km",faltan_campos,https://www.revolico.com/search?q=bicicleta+electrica&page=7,https://www.revolico.com/item/bicicleta-electrica-plegable-e-bike-a12-0km-57564536
57621178,Bicicleta eléctrica plegable PikaBike Z6 (C),650.0,USD,La Habana,Centro Habana,"marca, tipo_bateria, autonomia_km","faltan campos obligatorios: marca, tipo_bateria, autonomia_km",faltan_campos,https://www.revolico.com/search?q=bicicleta+electrica&page=7,https://www.revolico.com/item/bicicleta-electrica-plegable-pikabike-z6-c-57621178
57476555,Bicicleta eléctrica plegable REBAJA,470.0,USD,La Habana,Diez de Octubre,"marca, tipo_bateria, autonomia_km","faltan campos obligatorios: marca, tipo_bateria, autonomia_km",faltan_campos,https://www.revolico.com/search?q=bicicleta+electrica&page=9,https://www.revolico.com/item/bicicleta-electrica-plegable-57476555
57636741,Bicicleta eléctrica plegable SPORT,590.0,USD,La Habana,Playa,"marca, tipo_bateria, autonomia_km","faltan campos obligatorios: marca, tipo_bateria, autonomia_km",faltan_campos,https://www.revolico.com/search?q=bicicleta+electrica&page=6,https://www.revolico.com/item/bicicleta-electrica-plegable-sport-57636741
57562961,Bicicleta eléctrica plegable T5,550.0,USD,La Habana,Plaza,"marca, tipo_bateria, autonomia_km","faltan campos obligatorios: marca, tipo_bateria, autonomia_km",faltan_campos,https://www.revolico.com/search?q=bicicleta+electrica&page=7,https://www.revolico.com/item/bicicleta-electrica-plegable-t5-57562961
56450560,Bicicleta eléctrica plegable con complementos,530.0,USD,La Habana,Boyeros,"marca, tipo_bateria, autonomia_km","faltan campos obligatorios: marca, tipo_bateria, autonomia_km",faltan_campos,https://www.revolico.com/search?q=e-bike&page=3,https://www.revolico.com/item/bicicleta-electrica-plegable-56450560
57486162,Bicicleta eléctrica plegable con motor de 500 W,520.0,USD,La Habana,Boyeros,"marca, tipo_bateria, autonomia_km","faltan campos obligatorios: marca, tipo_bateria, autonomia_km",faltan_campos,https://www.revolico.com/search?q=bicicleta+electrica&page=9,https://www.revolico.com/item/bicicleta-electrica-plegable-con-motor-de-500-w-57486162
57412862,Bicicleta eléctrica plegable con motor de 500 W,550.0,USD,La Habana,Boyeros,"marca, tipo_bateria, autonomia_km","faltan campos obligatorios: marca, tipo_bateria, autonomia_km",faltan_campos,https://www.revolico.com/search?q=bicicleta+electrica&page=10,https://www.revolico.com/item/bicicleta-electrica-plegable-con-motor-de-500-w-57412862
57621004,Bicicleta eléctrica plegable ligera de 14 pulgadas,500.0,USD,La Habana,Habana Vieja,"marca, tipo_bateria, autonomia_km","faltan campos obligatorios: marca, tipo_bateria, autonomia_km",faltan_campos,https://www.revolico.com/search?q=bicicleta+electrica&page=7,https://www.revolico.com/item/bicicleta-electrica-plegable-ligera-de-14-pulgadas-57621004
57489496,Bicicleta eléctrica plegable nuevas,500.0,USD,La Habana,Centro Habana,"marca, tipo_bateria, autonomia_km","faltan campos obligatorios: marca, tipo_bateria, autonomia_km",faltan_campos,https://www.revolico.com/search?q=bicicleta+electrica&page=9,https://www.revolico.com/item/bicicleta-electrica-plegable-nuevas-57489496
57566192,Bicicleta eléctrica plegable por solo 480usd,480.0,USD,La Habana,Diez de Octubre,"marca, tipo_bateria, autonomia_km","faltan campos obligatorios: marca, tipo_bateria, autonomia_km",faltan_campos,https://www.revolico.com/search?q=bicicleta+electrica&page=7,https://www.revolico.com/item/bicicleta-electrica-plegable-por-solo-480usd-57566192
57509949,Bicicleta eléctrica plegable.,300.0,USD,La Habana,Habana Vieja,"marca, tipo_bateria, autonomia_km","faltan campos obligatorios: marca, tipo_bateria, autonomia_km",faltan_campos,https://www.revolico.com/search?q=bicicleta+electrica&page=8,https://www.revolico.com/item/bicicleta-electrica-plegable-57509949
57465062,Bicicleta eléctrica sellada en caja,680.0,USD,La Habana,Centro Habana,"marca, tipo_bateria, autonomia_km","faltan campos obligatorios: marca, tipo_bateria, autonomia_km",faltan_campos,https://www.revolico.com/search?q=bicicleta+electrica&page=9,https://www.revolico.com/item/bicicleta-electrica-sellada-en-caja-57465062
57624113,Bicicleta eléctrica ✅,600.0,USD,La Habana,Marianao,"marca, tipo_bateria, autonomia_km","faltan campos obligatorios: marca, tipo_bateria, autonomia_km",faltan_campos,https://www.revolico.com/search?q=bicicleta+electrica&page=6,https://www.revolico.com/item/bicicleta-electrica-57624113
57517611,Bicicleta eléctrica ✅ Varios Modelos...,570.0,USD,La Habana,Centro Habana,"marca, tipo_bateria, autonomia_km","faltan campos obligatorios: marca, tipo_bateria, autonomia_km",faltan_campos,https://www.revolico.com/search?q=bicicleta+electrica&page=8,https://www.revolico.com/item/bicicleta-electrica-varios-modelos-57517611
57512864,Bicicleta eléctrica 💥🔥,920.0,USD,La Habana,Plaza,"marca, tipo_bateria, autonomia_km","faltan campos obligatorios: marca, tipo_bateria, autonomia_km",faltan_campos,https://www.revolico.com/search?q=bicicleta+electrica&page=8,https://www.revolico.com/item/bicicleta-electrica-57512864
57671862,Bicicleta eléctrica 🔥💥,520.0,USD,La Habana,Playa,"marca, tipo_bateria, autonomia_km","faltan campos obligatorios: marca, tipo_bateria, autonomia_km",faltan_campos,https://www.revolico.com/search?q=bicicleta+electrica&page=6,https://www.revolico.com/item/bicicleta-electrica-57671862
57544203,Bicicleta eléctrica 🚲,600.0,USD,La Habana,Cerro,"marca, tipo_bateria, autonomia_km","faltan campos obligatorios: marca, tipo_bateria, autonomia_km",faltan_campos,https://www.revolico.com/search?q=bicicleta+electrica&page=8,https://www.revolico.com/item/bicicleta-electrica-57544203
57495048,Bicicleta eléctrica 🚲,600.0,USD,La Habana,Centro Habana,"marca, tipo_bateria, autonomia_km","faltan campos obligatorios: marca, tipo_bateria, autonomia_km",faltan_campos,https://www.revolico.com/search?q=bicicleta+electrica&page=8,https://www.revolico.com/item/bicicleta-electrica-57495048
57495971,Bicicleta eléctrica 🚲 0 KM,600.0,USD,La Habana,Centro Habana,"marca, tipo_bateria, autonomia_km","faltan campos obligatorios: marca, tipo_bateria, autonomia_km",faltan_campos,https://www.revolico.com/search?q=bicicleta+electrica&page=8,https://www.revolico.com/item/bicicleta-electrica-0-km-57495971
57547610,"Bicicleta eléctrica, josetv 💯",650.0,USD,La Habana,Centro Habana,"marca, tipo_bateria, autonomia_km","faltan campos obligatorios: marca, tipo_bateria, autonomia_km",faltan_campos,https://www.revolico.com/search?q=bicicleta+electrica&page=7,https://www.revolico.com/item/bicicleta-electrica-josetv-57547610
55772362,"Bicicleta eléctrica, precio ajustable",1150.0,USD,La Habana,Centro Habana,"marca, tipo_bateria, autonomia_km","faltan campos obligatorios: marca, tipo_bateria, autonomia_km",faltan_campos,https://www.revolico.com/search?q=e-bike&page=3,https://www.revolico.com/item/bicicleta-electrica-precio-ajustable-55772362
57631321,"Bicicleta eléctrica,cartelera del dia",510.0,USD,La Habana,Centro Habana,"marca, tipo_bateria, autonomia_km","faltan campos obligatorios: marca, tipo_bateria, autonomia_km",faltan_campos,https://www.revolico.com/search?q=bicicleta+electrica&page=6,https://www.revolico.com/item/bicicleta-electricacartelera-del-dia-57631321
57369849,Bicicleta eléctrica-bateria-cargador inteligente-inversor,500.0,USD,La Habana,Arroyo Naranjo,"marca, tipo_bateria, autonomia_km","faltan campos obligatorios: marca, tipo_bateria, autonomia_km",faltan_campos,https://www.revolico.com/search?q=bicicleta+electrica&page=10,https://www.revolico.com/item/bicicleta-electrica-bateria-cargador-inteligente-inversor-57369849
57057844,Bicicleta eléctrica.,550.0,USD,Santiago de Cuba,Santiago de Cuba,"marca, tipo_bateria, autonomia_km","faltan campos obligatorios: marca, tipo_bateria, autonomia_km",faltan_campos,https://www.revolico.com/search?q=bicicleta+electrica&page=3,https://www.revolico.com/item/bicicleta-electrica-57057844
56952116,Bicicleta eléctrica.,1111111111111111.0,USD,La Habana,Playa,"marca, tipo_bateria, autonomia_km","faltan campos obligatorios: marca, tipo_bateria, autonomia_km",faltan_campos,https://www.revolico.com/search?q=bicicleta+electrica&page=3,https://www.revolico.com/item/bicicleta-electrica-56952116
57128269,Bicicleta eléctrica..,800.0,USD,La Habana,San Miguel del Padrón,"marca, tipo_bateria, autonomia_km","faltan campos obligatorios: marca, tipo_bateria, autonomia_km",faltan_campos,https://www.revolico.com/search?q=bicicleta+electrica&page=3,https://www.revolico.com/item/bicicleta-electrica-57128269
57672589,Bicicleta eléctrica: 480 usd ☎️58757669,480.0,USD,La Habana,Arroyo Naranjo,"marca, tipo_bateria, autonomia_km","faltan campos obligatorios: marca, tipo_bateria, autonomia_km",faltan_campos,https://www.revolico.com/search?q=bicicleta+electrica&page=6,https://www.revolico.com/item/bicicleta-electrica-480-usd-58757669-57672589
55239318,Bicicleta elíptica profesional. Elliptical bike.,1200.0,USD,La Habana,Playa,"marca, tipo_bateria, autonomia_km","faltan campos obligatorios: marca, tipo_bateria, autonomia_km",faltan_campos,https://www.revolico.com/search?q=e-bike&page=2,https://www.revolico.com/item/bicicleta-eliptica-profesional-elliptical-bike-55239318
57295277,Bicicleta estática para ejercicios (Spinning Bike) ON FIRE 🔥 $450 NEW,450.0,USD,La Habana,Centro Habana,"marca, tipo_bateria, autonomia_km","faltan campos obligatorios: marca, tipo_bateria, autonomia_km",faltan_campos,https://www.revolico.com/search?q=e-bike&page=2,https://www.revolico.com/item/bicicleta-estatica-para-ejercicios-spinning-bike-on-fire-450-new-57295277
57586028,Bicicleta medida 16,110.0,USD,La Habana,Plaza,"marca, tipo_bateria, autonomia_km","faltan campos obligatorios: marca, tipo_bateria, autonomia_km",faltan_campos,https://www.revolico.com/search?q=e-bike&page=4,https://www.revolico.com/item/bicicleta-medida-16-57586028
57476156,Bicicleta medida 16,110.0,USD,La Habana,Diez de Octubre,"marca, tipo_bateria, autonomia_km","faltan campos obligatorios: marca, tipo_bateria, autonomia_km",faltan_campos,https://www.revolico.com/search?q=e-bike&page=4,https://www.revolico.com/item/bicicleta-medida-16-57476156
56646942,Bicicleta medida 20,135.0,USD,La Habana,Cerro,"marca, tipo_bateria, autonomia_km","faltan campos obligatorios: marca, tipo_bateria, autonomia_km",faltan_campos,https://www.revolico.com/search?q=e-bike&page=3,https://www.revolico.com/item/bicicleta-medida-20-56646942
55469829,Bicicleta medida 20,135.0,USD,La Habana,Diez de Octubre,"marca, tipo_bateria, autonomia_km","faltan campos obligatorios: marca, tipo_bateria, autonomia_km",faltan_campos,https://www.revolico.com/search?q=e-bike&page=3,https://www.revolico.com/item/bicicleta-medida-20-55469829
57586043,Bicicleta medida 20,140.0,USD,La Habana,Plaza,"marca, tipo_bateria, autonomia_km","faltan campos obligatorios: marca, tipo_bateria, autonomia_km",faltan_campos,https://www.revolico.com/search?q=e-bike&page=4,https://www.revolico.com/item/bicicleta-medida-20-57586043
55472788,Bicicleta medida 24,175.0,USD,La Habana,Diez de Octubre,"marca, tipo_bateria, autonomia_km","faltan campos obligatorios: marca, tipo_bateria, autonomia_km",faltan_campos,https://www.revolico.com/search?q=e-bike&page=3,https://www.revolico.com/item/bicicleta-medida-26-55472788
55472772,Bicicleta medida 26,200.0,USD,La Habana,Diez de Octubre,"marca, tipo_bateria, autonomia_km","faltan campos obligatorios: marca, tipo_bateria, autonomia_km",faltan_campos,https://www.revolico.com/search?q=e-bike&page=3,https://www.revolico.com/item/bicicleta-medida-26-55472772
56670136,Bicicleta medida 26 de montaña,200.0,USD,La Habana,Diez de Octubre,"marca, tipo_bateria, autonomia_km","faltan campos obligatorios: marca, tipo_bateria, autonomia_km",faltan_campos,https://www.revolico.com/search?q=e-bike&page=3,https://www.revolico.com/item/bicicleta-medida-26-de-montana-56670136
54817393,Bicicleta nueva en caja,95.0,USD,La Habana,Playa,"marca, tipo_bateria, autonomia_km","faltan campos obligatorios: marca, tipo_bateria, autonomia_km",faltan_campos,https://www.revolico.com/search?q=e-bike&page=4,https://www.revolico.com/item/bicicleta-nueva-en-caja-54817393
56612915,Bicicleta nueva sin usar!,180.0,USD,La Habana,Cotorro,"marca, tipo_bateria, autonomia_km","faltan campos obligatorios: marca, tipo_bateria, autonomia_km",faltan_campos,https://www.revolico.com/search?q=e-bike&page=3,https://www.revolico.com/item/bicicleta-nueva-sin-usar-56612915
57586076,Bicicleta para niño,100.0,USD,La Habana,Plaza,"marca, tipo_bateria, autonomia_km","faltan campos obligatorios: marca, tipo_bateria, autonomia_km",faltan_campos,https://www.revolico.com/search?q=e-bike&page=4,https://www.revolico.com/item/bicicleta-para-nino-57586076
57493890,Bicicleta para niño,100.0,USD,La Habana,Cerro,"marca, tipo_bateria, autonomia_km","faltan campos obligatorios: marca, tipo_bateria, autonomia_km",faltan_campos,https://www.revolico.com/search?q=e-bike&page=4,https://www.revolico.com/item/bicicleta-para-nino-57493890
57476165,Bicicleta para niño,100.0,USD,La Habana,Diez de Octubre,"marca, tipo_bateria, autonomia_km","faltan campos obligatorios: marca, tipo_bateria, autonomia_km",faltan_campos,https://www.revolico.com/search?q=e-bike&page=4,https://www.revolico.com/item/bicicleta-para-nino-57476165
57511953,Bicicletas,125.0,USD,La Habana,Arroyo Naranjo,"marca, tipo_bateria, autonomia_km","faltan campos obligatorios: marca, tipo_bateria, autonomia_km",faltan_campos,https://www.revolico.com/search?q=e-bike&page=3,https://www.revolico.com/item/bicicletas-57511953
57511912,Bicicletas,190.0,USD,La Habana,Arroyo Naranjo,"marca, tipo_bateria, autonomia_km","faltan campos obligatorios: marca, tipo_bateria, autonomia_km",faltan_campos,https://www.revolico.com/search?q=e-bike&page=3,https://www.revolico.com/item/bicicletas-57511912
56959147,Bicicletas,175.0,USD,La Habana,Diez de Octubre,"marca, tipo_bateria, autonomia_km","faltan campos obligatorios: marca, tipo_bateria, autonomia_km",faltan_campos,https://www.revolico.com/search?q=e-bike&page=3,https://www.revolico.com/item/bicicletas-56959147
57645627,Bicicletas,200.0,USD,La Habana,Diez de Octubre,"marca, tipo_bateria, autonomia_km","faltan campos obligatorios: marca, tipo_bateria, autonomia_km",faltan_campos,https://www.revolico.com/search?q=e-bike&page=3,https://www.revolico.com/item/bicicletas-57645627
57315571,Bicicletas 16 para niños de 4 a 8 años,110.0,USD,La Habana,Diez de Octubre,"marca, tipo_bateria, autonomia_km","faltan campos obligatorios: marca, tipo_bateria, autonomia_km",faltan_campos,https://www.revolico.com/search?q=e-bike&page=4,https://www.revolico.com/item/bicicletas-16-para-ninos-de-4-a-8-anos-57315571
57038224,Bicicletas 24 Silver bike,195.0,USD,La Habana,Cerro,"marca, tipo_bateria, autonomia_km","faltan campos obligatorios: marca, tipo_bateria, autonomia_km",faltan_campos,https://www.revolico.com/search?q=e-bike&page=1,https://www.revolico.com/item/bicicletas-24-silver-bike-57038224
56692461,Bicicletas 26 con cambio de 21 velocidades,200.0,USD,La Habana,Diez de Octubre,"marca, tipo_bateria, autonomia_km","faltan campos obligatorios: marca, tipo_bateria, autonomia_km",faltan_campos,https://www.revolico.com/search?q=e-bike&page=3,https://www.revolico.com/item/bicicletas-26-con-cambio-de-21-velocidades-56692461
57036971,Bicicletas 26 y 27.5 todo terreno con cambio de 21 velocidades,190.0,USD,La Habana,Diez de Octubre,"marca, tipo_bateria, autonomia_km","faltan campos obligatorios: marca, tipo_bateria, autonomia_km",faltan_campos,https://www.revolico.com/search?q=e-bike&page=3,https://www.revolico.com/item/bicicletas-26-y-275-todo-terreno-con-cambio-de-21-velocidades-57036971
55362146,Bicicletas Eléctrica Plegable y Scooter 🛵,480.0,USD,La Habana,Diez de Octubre,"marca, tipo_bateria, autonomia_km","faltan campos obligatorios: marca, tipo_bateria, autonomia_km",faltan_campos,https://www.revolico.com/search?q=bicicleta+electrica&page=1,https://www.revolico.com/item/bicicleta-y-scooter-electrica-plegable-14-55362146
57568466,"Bicicletas Eléctricas y Patinete Eléctrico | Caroma, E-Bike, BeVomecon, Yeself, Trevalix",450.0,USD,La Habana,Centro Habana,"marca, tipo_bateria, autonomia_km","faltan campos obligatorios: marca, tipo_bateria, autonomia_km",faltan_campos,https://www.revolico.com/search?q=e-bike&page=2,https://www.revolico.com/item/bicicletas-electricas-y-patinete-electrico-caroma-e-bike-bevomecon-yeself-trevalix-57568466
56897794,Bicicletas Silver Bike,135.0,USD,La Habana,Cerro,"marca, tipo_bateria, autonomia_km","faltan campos obligatorios: marca, tipo_bateria, autonomia_km",faltan_campos,https://www.revolico.com/search?q=e-bike&page=1,https://www.revolico.com/item/bicicletas-silver-bike-56897794
57525774,Bicicletas Silver Bike 20,140.0,USD,La Habana,Arroyo Naranjo,"marca, tipo_bateria, autonomia_km","faltan campos obligatorios: marca, tipo_bateria, autonomia_km",faltan_campos,https://www.revolico.com/search?q=e-bike&page=1,https://www.revolico.com/item/bicicletas-silver-bike-20-57525774
57196926,"Bicicletas Silver bike medida 12,16 y 20",100.0,USD,La Habana,Diez de Octubre,"marca, tipo_bateria, autonomia_km","faltan campos obligatorios: marca, tipo_bateria, autonomia_km",faltan_campos,https://www.revolico.com/search?q=e-bike&page=1,https://www.revolico.com/item/bicicletas-silver-bike-medida-1216-y-20-57196926
57258113,Bicicletas Silver bike medida 24 sencillas sin cambio de velocidades,175.0,USD,La Habana,Diez de Octubre,"marca, tipo_bateria, autonomia_km","faltan campos obligatorios: marca, tipo_bateria, autonomia_km",faltan_campos,https://www.revolico.com/search?q=e-bike&page=1,https://www.revolico.com/item/bicicletas-silver-bike-medida-24-sencillas-sin-cambio-de-velocidades-57258113
57317259,Bicicletas Silver bike para niños y niñas,100.0,USD,La Habana,Centro Habana,"marca, tipo_bateria, autonomia_km","faltan campos obligatorios: marca, tipo_bateria, autonomia_km",faltan_campos,https://www.revolico.com/search?q=e-bike&page=1,https://www.revolico.com/item/bicicletas-silver-bike-para-ninos-y-ninas-57317259
55474909,Bicicletas de montaña Silver Bike medida 26 🔷 Colores: ❤️🩶,220.0,USD,La Habana,Centro Habana,"marca, tipo_bateria, autonomia_km","faltan campos obligatorios: marca, tipo_bateria, autonomia_km",faltan_campos,https://www.revolico.com/search?q=e-bike&page=2,https://www.revolico.com/item/bicicletas-de-montana-silver-bike-medida-26-colores-55474909
57586129,Bicicletas de niñas,100.0,USD,La Habana,Plaza,"marca, tipo_bateria, autonomia_km","faltan campos obligatorios: marca, tipo_bateria, autonomia_km",faltan_campos,https://www.revolico.com/search?q=e-bike&page=4,https://www.revolico.com/item/bicicletas-de-ninas-57586129
57476170,Bicicletas de niñas,100.0,USD,La Habana,Diez de Octubre,"marca, tipo_bateria, autonomia_km","faltan campos obligatorios: marca, tipo_bateria, autonomia_km",faltan_campos,https://www.revolico.com/search?q=e-bike&page=4,https://www.revolico.com/item/bicicletas-de-ninas-57476170
57586148,Bicicletas de niños,100.0,USD,La Habana,Plaza,"marca, tipo_bateria, autonomia_km","faltan campos obligatorios: marca, tipo_bateria, autonomia_km",faltan_campos,https://www.revolico.com/search?q=e-bike&page=4,https://www.revolico.com/item/bicicletas-de-ninos-57586148
57589805,Bicicletas electricas E-Bike Sport z8,600.0,USD,La Habana,Playa,"marca, tipo_bateria, autonomia_km","faltan campos obligatorios: marca, tipo_bateria, autonomia_km",faltan_campos,https://www.revolico.com/search?q=e-bike&page=1,https://www.revolico.com/item/bicicletas-electricas-e-bike-sport-z8-57589805
57126701,Bicicletas electricas baratas,700.0,USD,La Habana,Diez de Octubre,"marca, tipo_bateria, autonomia_km","faltan campos obligatorios: marca, tipo_bateria, autonomia_km",faltan_campos,https://www.revolico.com/search?q=bici+electrica&page=3,https://www.revolico.com/item/bicicletas-electricas-baratas-57126701
57102758,Bicicletas electricas baratas,700.0,USD,La Habana,Diez de Octubre,"marca, tipo_bateria, autonomia_km","faltan campos obligatorios: marca, tipo_bateria, autonomia_km",faltan_campos,https://www.revolico.com/search?q=bici+electrica&page=3,https://www.revolico.com/item/bicicletas-electricas-baratas-57102758
57019305,Bicicletas eléctricas,1.0,USD,La Habana,Plaza,"marca, tipo_bateria, autonomia_km","faltan campos obligatorios: marca, tipo_bateria, autonomia_km",faltan_campos,https://www.revolico.com/search?q=bici+electrica&page=3,https://www.revolico.com/item/bicicletas-electricas-57019305
57530442,Bicicletas eléctricas,540.0,USD,La Habana,Centro Habana,"marca, tipo_bateria, autonomia_km","faltan campos obligatorios: marca, tipo_bateria, autonomia_km",faltan_campos,https://www.revolico.com/search?q=e-bike&page=4,https://www.revolico.com/item/bicicletas-electricas-57530442
57586001,Bicicletas medida 12,100.0,USD,La Habana,Plaza,"marca, tipo_bateria, autonomia_km","faltan campos obligatorios: marca, tipo_bateria, autonomia_km",faltan_campos,https://www.revolico.com/search?q=e-bike&page=4,https://www.revolico.com/item/bicicletas-medida-12-57586001
57493906,Bicicletas medida 12,100.0,USD,La Habana,Cerro,"marca, tipo_bateria, autonomia_km","faltan campos obligatorios: marca, tipo_bateria, autonomia_km",faltan_campos,https://www.revolico.com/search?q=e-bike&page=4,https://www.revolico.com/item/bicicletas-medida-12-57493906
57476176,Bicicletas medida 12,100.0,USD,La Habana,Diez de Octubre,"marca, tipo_bateria, autonomia_km","faltan campos obligatorios: marca, tipo_bateria, autonomia_km",faltan_campos,https://www.revolico.com/search?q=e-bike&page=4,https://www.revolico.com/item/bicicletas-medida-12-57476176
57586194,Bicicletas medida 16,110.0,USD,La Habana,Plaza,"marca, tipo_bateria, autonomia_km","faltan campos obligatorios: marca, tipo_bateria, autonomia_km",faltan_campos,https://www.revolico.com/search?q=e-bike&page=4,https://www.revolico.com/item/bicicletas-medida-16-57586194
57493910,Bicicletas medida 16,110.0,USD,La Habana,Cerro,"marca, tipo_bateria, autonomia_km","faltan campos obligatorios: marca, tipo_bateria, autonomia_km",faltan_campos,https://www.revolico.com/search?q=e-bike&page=4,https://www.revolico.com/item/bicicletas-medida-16-57493910
57476183,Bicicletas medida 16,110.0,USD,La Habana,Diez de Octubre,"marca, tipo_bateria, autonomia_km","faltan campos obligatorios: marca, tipo_bateria, autonomia_km",faltan_campos,https://www.revolico.com/search?q=e-bike&page=4,https://www.revolico.com/item/bicicletas-medida-16-57476183
56344883,Bicicletas medida 20,135.0,USD,La Habana,Centro Habana,"marca, tipo_bateria, autonomia_km","faltan campos obligatorios: marca, tipo_bateria, autonomia_km",faltan_campos,https://www.revolico.com/search?q=e-bike&page=4,https://www.revolico.com/item/bicicletas-medida-20-56344883
57586210,Bicicletas medida 20,140.0,USD,La Habana,Plaza,"marca, tipo_bateria, autonomia_km","faltan campos obligatorios: marca, tipo_bateria, autonomia_km",faltan_campos,https://www.revolico.com/search?q=e-bike&page=4,https://www.revolico.com/item/bicicletas-medida-20-57586210
57493914,Bicicletas medida 20,140.0,USD,La Habana,Cerro,"marca, tipo_bateria, autonomia_km","faltan campos obligatorios: marca, tipo_bateria, autonomia_km",faltan_campos,https://www.revolico.com/search?q=e-bike&page=4,https://www.revolico.com/item/bicicletas-medida-20-57493914
57476185,Bicicletas medida 20,140.0,USD,La Habana,Diez de Octubre,"marca, tipo_bateria, autonomia_km","faltan campos obligatorios: marca, tipo_bateria, autonomia_km",faltan_campos,https://www.revolico.com/search?q=e-bike&page=4,https://www.revolico.com/item/bicicletas-medida-20-57476185
56490635,Bicicletas medida 20 Silver Bike nuevas en su caja para varón y hembra disponible en varios colores,135.0,USD,La Habana,Diez de Octubre,"marca, tipo_bateria, autonomia_km","faltan campos obligatorios: marca, tipo_bateria, autonomia_km",faltan_campos,https://www.revolico.com/search?q=e-bike&page=2,https://www.revolico.com/item/bicicletas-medida-20-silver-bike-nuevas-en-su-caja-para-varon-y-hembra-disponible-en-varios-colores-56490635
56203788,Bicicletas medida 20 silver bike nueva en su caja.,135.0,USD,La Habana,Diez de Octubre,"marca, tipo_bateria, autonomia_km","faltan campos obligatorios: marca, tipo_bateria, autonomia_km",faltan_campos,https://www.revolico.com/search?q=e-bike&page=2,https://www.revolico.com/item/bicicletas-20-silver-biker-nueva-en-su-caja-56203788
56400257,Bicicletas medida 20 silver bike nuevas en su caja.frenos de disco varios colores,135.0,USD,La Habana,Diez de Octubre,"marca, tipo_bateria, autonomia_km","faltan campos obligatorios: marca, tipo_bateria, autonomia_km",faltan_campos,https://www.revolico.com/search?q=e-bike&page=2,https://www.revolico.com/item/bicicletas-medida-20-silver-bike-nuevas-en-su-cajafrenos-de-disco-varios-colores-56400257
56141092,Bicicletas medida 20 super resistencias. Variedad de colores para hembras y varones,135.0,USD,La Habana,Boyeros,"marca, tipo_bateria, autonomia_km","faltan campos obligatorios: marca, tipo_bateria, autonomia_km",faltan_campos,https://www.revolico.com/search?q=e-bike&page=3,https://www.revolico.com/item/bicicletas-medida-20-super-resistencias-variedad-de-colores-para-hembras-y-varones-56141092
55737451,Bicicletas medida 20 super resistentes,135.0,USD,La Habana,Boyeros,"marca, tipo_bateria, autonomia_km","faltan campos obligatorios: marca, tipo_bateria, autonomia_km",faltan_campos,https://www.revolico.com/search?q=e-bike&page=3,https://www.revolico.com/item/bicicletas-medida-20-super-resistentes-55737451
56141180,Bicicletas medida 20 variedad de colores para hembras y varones,135.0,USD,La Habana,Boyeros,"marca, tipo_bateria, autonomia_km","faltan campos obligatorios: marca, tipo_bateria, autonomia_km",faltan_campos,https://www.revolico.com/search?q=e-bike&page=3,https://www.revolico.com/item/bicicletas-medida-20-variedad-de-colores-para-hembras-y-varones-56141180
56490778,"Bicicletas medida 24 Silver Bike frenos de disco amortiguacion delantera,vienen con guardafango nuevas en su caja",175.0,USD,La Habana,Diez de Octubre,"marca, tipo_bateria, autonomia_km","faltan campos obligatorios: marca, tipo_bateria, autonomia_km",faltan_campos,https://www.revolico.com/search?q=e-bike&page=2,https://www.revolico.com/item/bicicletas-medida-24-silver-bike-frenos-de-disco-amortiguacion-delanteravienen-con-guardafango-nuevas-en-su-caja-56490778
56322515,Bicicletas medida 24 nueva,175.0,USD,La Habana,Diez de Octubre,"marca, tipo_bateria, autonomia_km","faltan campos obligatorios: marca, tipo_bateria, autonomia_km",faltan_campos,https://www.revolico.com/search?q=e-bike&page=4,https://www.revolico.com/item/bicicletas-medida-24-56322515
56400054,"Bicicletas medida 24 silver bike frenos de disco amortiguacion delantera,vienen con guardafango nuevas en su caja",175.0,USD,La Habana,Diez de Octubre,"marca, tipo_bateria, autonomia_km","faltan campos obligatorios: marca, tipo_bateria, autonomia_km",faltan_campos,https://www.revolico.com/search?q=e-bike&page=2,https://www.revolico.com/item/bicicletas-medida-24-silver-bike-frenos-de-disco-amortiguacion-delanteravienen-con-guardafango-nuevas-en-su-caja-56400054
56856358,"Bicicletas medida 24 silver bike rosada,azul,plateada nuevas en su caja, frenos de disco amortiguacion y pomo de agua",180.0,USD,La Habana,Cerro,"marca, tipo_bateria, autonomia_km","faltan campos obligatorios: marca, tipo_bateria, autonomia_km",faltan_campos,https://www.revolico.com/search?q=e-bike&page=2,https://www.revolico.com/item/bicicletas-medida-24-silver-bike-rosadaazulplateada-nuevas-en-su-caja-frenos-de-disco-amortiguacion-y-pomo-de-agua-56856358
56840324,Bicicletas medida 24 silver bike varios colores nuevas en su caja frenos de disco amortiguacion delantera pomo de agua,180.0,USD,La Habana,Cerro,"marca, tipo_bateria, autonomia_km","faltan campos obligatorios: marca, tipo_bateria, autonomia_km",faltan_campos,https://www.revolico.com/search?q=e-bike&page=2,https://www.revolico.com/item/bicicletas-medida-24-silver-bike-varios-colores-nuevas-en-su-caja-frenos-de-disco-amortiguacion-delantera-pomo-de-agua-56840324
56997343,"Bicicletas medida 24 silver bike,en azul y roja,guardafangos frenos de disco amortiguacion delantera nuevas en su caja",175.0,USD,La Habana,Diez de Octubre,"marca, tipo_bateria, autonomia_km","faltan campos obligatorios: marca, tipo_bateria, autonomia_km",faltan_campos,https://www.revolico.com/search?q=e-bike&page=2,https://www.revolico.com/item/bicicletas-medida-24-silver-bike-varios-coloresguardafangos-frenos-de-disco-amortiguacion-delantera-nuevas-en-su-caja-56997343
56804905,"Bicicletas medida 24 silverbike varios colores,frenos de disco amortiguacion delantera nuevas en su caja para ambos sexo",180.0,USD,La Habana,Cerro,"marca, tipo_bateria, autonomia_km","faltan campos obligatorios: marca, tipo_bateria, autonomia_km",faltan_campos,https://www.revolico.com/search?q=e-bike&page=3,https://www.revolico.com/item/bicicletas-medida-24-silverbike-varios-coloresfrenos-de-disco-amortiguacion-delantera-nuevas-en-su-caja-para-ambos-sexo-56804905
56610727,"Bicicletas medida 24 varios colores silver bike, frenos de disco amortiguacion delantera,guardafangos nuevas en su caja",175.0,USD,La Habana,Diez de Octubre,"marca, tipo_bateria, autonomia_km","faltan campos obligatorios: marca, tipo_bateria, autonomia_km",faltan_campos,https://www.revolico.com/search?q=e-bike&page=2,https://www.revolico.com/item/bicicletas-medida-24-varios-colores-silver-bike-frenos-de-disco-amortiguacion-delanteraguardafangos-nuevas-en-su-caja-56610727
56344863,Bicicletas medida 24. Sin cambios,175.0,USD,La Habana,Centro Habana,"marca, tipo_bateria, autonomia_km","faltan campos obligatorios: marca, tipo_bateria, autonomia_km",faltan_campos,https://www.revolico.com/search?q=e-bike&page=3,https://www.revolico.com/item/bicicletas-medida-24-sin-cambios-56344863
56745084,"Bicicletas medida 26 Silverbike,cambios Shimano,frenos de disco,amortiguacion delantera,21 velocidades nuevas en su caja",200.0,USD,La Habana,Diez de Octubre,"marca, tipo_bateria, autonomia_km","faltan campos obligatorios: marca, tipo_bateria, autonomia_km",faltan_campos,https://www.revolico.com/search?q=e-bike&page=3,https://www.revolico.com/item/bicicletas-medida-26-silverbikecambios-shimanofrenos-de-discoamortiguacion-delantera21-velocidades-nuevas-en-su-caja-56745084
56747048,Bicicletas medida 26 de Montaña (Silver Bike),195.0,USD,La Habana,Diez de Octubre,"marca, tipo_bateria, autonomia_km","faltan campos obligatorios: marca, tipo_bateria, autonomia_km",faltan_campos,https://www.revolico.com/search?q=e-bike&page=2,https://www.revolico.com/item/bicicletas-medida-26-de-montana-silver-bike-56747048
57586252,Bicicletas para niños,100.0,USD,La Habana,Plaza,"marca, tipo_bateria, autonomia_km","faltan campos obligatorios: marca, tipo_bateria, autonomia_km",faltan_campos,https://www.revolico.com/search?q=e-bike&page=4,https://www.revolico.com/item/bicicletas-para-ninos-57586252
57493917,Bicicletas para niños,100.0,USD,La Habana,Cerro,"marca, tipo_bateria, autonomia_km","faltan campos obligatorios: marca, tipo_bateria, autonomia_km",faltan_campos,https://www.revolico.com/search?q=e-bike&page=4,https://www.revolico.com/item/bicicletas-para-ninos-57493917
57476189,Bicicletas para niños,100.0,USD,La Habana,Diez de Octubre,"marca, tipo_bateria, autonomia_km","faltan campos obligatorios: marca, tipo_bateria, autonomia_km",faltan_campos,https://www.revolico.com/search?q=e-bike&page=4,https://www.revolico.com/item/bicicletas-para-ninos-57476189
55268288,Bicicletas. Medida 20,135.0,USD,La Habana,Centro Habana,"marca, tipo_bateria, autonomia_km","faltan campos obligatorios: marca, tipo_bateria, autonomia_km",faltan_campos,https://www.revolico.com/search?q=e-bike&page=3,https://www.revolico.com/item/bicicletas-medida-20-55268288
55273552,Bicicletas. Medida 24,165.0,USD,La Habana,Centro Habana,"marca, tipo_bateria, autonomia_km","faltan campos obligatorios: marca, tipo_bateria, autonomia_km",faltan_campos,https://www.revolico.com/search?q=e-bike&page=3,https://www.revolico.com/item/bicicletas-medida-24-55273552
55273519,Bicicletas. Medida 26,185.0,USD,La Habana,Centro Habana,"marca, tipo_bateria, autonomia_km","faltan campos obligatorios: marca, tipo_bateria, autonomia_km",faltan_campos,https://www.revolico.com/search?q=e-bike&page=3,https://www.revolico.com/item/bicicletas-medida-26-55273519
57688980,Bicimoto,1450.0,USD,La Habana,Diez de Octubre,"marca, tipo_bateria, autonomia_km","faltan campos obligatorios: marca, tipo_bateria, autonomia_km",faltan_campos,https://www.revolico.com/search?q=bicimoto&page=1,https://www.revolico.com/item/bicimoto-57688980
57686685,Bicimoto,1500.0,USD,La Habana,Boyeros,"marca, tipo_bateria, autonomia_km","faltan campos obligatorios: marca, tipo_bateria, autonomia_km",faltan_campos,https://www.revolico.com/search?q=bicimoto&page=1,https://www.revolico.com/item/bicimoto-57686685
57673003,Bicimoto,1550.0,USD,La Habana,Playa,"marca, tipo_bateria, autonomia_km","faltan campos obligatorios: marca, tipo_bateria, autonomia_km",faltan_campos,https://www.revolico.com/search?q=bicimoto&page=1,https://www.revolico.com/item/bicimoto-57673003
57671240,Bicimoto,1950.0,USD,La Habana,Plaza,"marca, tipo_bateria, autonomia_km","faltan campos obligatorios: marca, tipo_bateria, autonomia_km",faltan_campos,https://www.revolico.com/search?q=bicimoto&page=1,https://www.revolico.com/item/bicimoto-57671240
57667915,Bicimoto,1800.0,USD,La Habana,Arroyo Naranjo,"marca, tipo_bateria, autonomia_km","faltan campos obligatorios: marca, tipo_bateria, autonomia_km",faltan_campos,https://www.revolico.com/search?q=bicimoto&page=1,https://www.revolico.com/item/bicimoto-57667915
57662758,Bicimoto,780.0,USD,La Habana,Centro Habana,"marca, tipo_bateria, autonomia_km","faltan campos obligatorios: marca, tipo_bateria, autonomia_km",faltan_campos,https://www.revolico.com/search?q=bicimoto&page=1,https://www.revolico.com/item/bicimoto-57662758
57662737,Bicimoto,780.0,USD,La Habana,Centro Habana,"marca, tipo_bateria, autonomia_km","faltan campos obligatorios: marca, tipo_bateria, autonomia_km",faltan_campos,https://www.revolico.com/search?q=bicimoto&page=1,https://www.revolico.com/item/bicimoto-57662737
57656712,Bicimoto,10.0,USD,La Habana,Centro Habana,"marca, tipo_bateria, autonomia_km","faltan campos obligatorios: marca, tipo_bateria, autonomia_km",faltan_campos,https://www.revolico.com/search?q=bicimoto&page=1,https://www.revolico.com/item/bicimoto-57656712
57650259,Bicimoto,1650.0,USD,La Habana,Habana del Este,"marca, tipo_bateria, autonomia_km","faltan campos obligatorios: marca, tipo_bateria, autonomia_km",faltan_campos,https://www.revolico.com/search?q=bicimoto&page=1,https://www.revolico.com/item/bicimoto-57650259
57650239,Bicimoto,2080.0,USD,La Habana,Habana del Este,"marca, tipo_bateria, autonomia_km","faltan campos obligatorios: marca, tipo_bateria, autonomia_km",faltan_campos,https://www.revolico.com/search?q=bicimoto&page=1,https://www.revolico.com/item/bicimoto-57650239
57650212,Bicimoto,1600.0,USD,La Habana,Habana del Este,"marca, tipo_bateria, autonomia_km","faltan campos obligatorios: marca, tipo_bateria, autonomia_km",faltan_campos,https://www.revolico.com/search?q=bicimoto&page=1,https://www.revolico.com/item/bicimoto-57650212
57650180,Bicimoto,1600.0,USD,La Habana,Habana del Este,"marca, tipo_bateria, autonomia_km","faltan campos obligatorios: marca, tipo_bateria, autonomia_km",faltan_campos,https://www.revolico.com/search?q=bicimoto&page=1,https://www.revolico.com/item/bicimoto-57650180
57650114,Bicimoto,1560.0,USD,La Habana,Habana del Este,"marca, tipo_bateria, autonomia_km","faltan campos obligatorios: marca, tipo_bateria, autonomia_km",faltan_campos,https://www.revolico.com/search?q=bicimoto&page=1,https://www.revolico.com/item/bicimoto-57650114
57650082,Bicimoto,2050.0,USD,La Habana,Habana del Este,"marca, tipo_bateria, autonomia_km","faltan campos obligatorios: marca, tipo_bateria, autonomia_km",faltan_campos,https://www.revolico.com/search?q=bicimoto&page=1,https://www.revolico.com/item/bicimoto-57650082
57650053,Bicimoto,1600.0,USD,La Habana,Habana del Este,"marca, tipo_bateria, autonomia_km","faltan campos obligatorios: marca, tipo_bateria, autonomia_km",faltan_campos,https://www.revolico.com/search?q=bicimoto&page=1,https://www.revolico.com/item/bicimoto-57650053
57650033,Bicimoto,1980.0,USD,La Habana,Habana del Este,"marca, tipo_bateria, autonomia_km","faltan campos obligatorios: marca, tipo_bateria, autonomia_km",faltan_campos,https://www.revolico.com/search?q=bicimoto&page=1,https://www.revolico.com/item/bicimoto-57650033
57649730,Bicimoto,1450.0,USD,La Habana,Habana del Este,"marca, tipo_bateria, autonomia_km","faltan campos obligatorios: marca, tipo_bateria, autonomia_km",faltan_campos,https://www.revolico.com/search?q=bicimoto&page=1,https://www.revolico.com/item/bicimoto-57649730
57637868,Bicimoto,700.0,USD,La Habana,Playa,"marca, tipo_bateria, autonomia_km","faltan campos obligatorios: marca, tipo_bateria, autonomia_km",faltan_campos,https://www.revolico.com/search?q=bicimoto&page=1,https://www.revolico.com/item/bicimoto-57637868
57636428,Bicimoto,1000.0,USD,La Habana,San Miguel del Padrón,"marca, tipo_bateria, autonomia_km","faltan campos obligatorios: marca, tipo_bateria, autonomia_km",faltan_campos,https://www.revolico.com/search?q=bicimoto&page=1,https://www.revolico.com/item/bicimoto-57636428
57635947,Bicimoto,1400.0,USD,La Habana,Playa,"marca, tipo_bateria, autonomia_km","faltan campos obligatorios: marca, tipo_bateria, autonomia_km",faltan_campos,https://www.revolico.com/search?q=bicimoto&page=1,https://www.revolico.com/item/bicimoto-57635947
57633247,Bicimoto,1680.0,USD,La Habana,Habana del Este,"marca, tipo_bateria, autonomia_km","faltan campos obligatorios: marca, tipo_bateria, autonomia_km",faltan_campos,https://www.revolico.com/search?q=bicimoto&page=1,https://www.revolico.com/item/bicimoto-57633247
57616255,Bicimoto,1630.0,USD,La Habana,Diez de Octubre,"marca, tipo_bateria, autonomia_km","faltan campos obligatorios: marca, tipo_bateria, autonomia_km",faltan_campos,https://www.revolico.com/search?q=bicimoto&page=1,https://www.revolico.com/item/bicimoto-57616255
57614060,Bicimoto,770.0,USD,La Habana,Habana del Este,"marca, tipo_bateria, autonomia_km","faltan campos obligatorios: marca, tipo_bateria, autonomia_km",faltan_campos,https://www.revolico.com/search?q=bicimoto&page=1,https://www.revolico.com/item/bicimoto-57614060
57613988,Bicimoto,2050.0,USD,La Habana,Habana del Este,"marca, tipo_bateria, autonomia_km","faltan campos obligatorios: marca, tipo_bateria, autonomia_km",faltan_campos,https://www.revolico.com/search?q=bicimoto&page=1,https://www.revolico.com/item/bicimoto-57613988
57613402,Bicimoto,650.0,USD,La Habana,Centro Habana,"marca, tipo_bateria, autonomia_km","faltan campos obligatorios: marca, tipo_bateria, autonomia_km",faltan_campos,https://www.revolico.com/search?q=bicimoto&page=1,https://www.revolico.com/item/bicimoto-57613402
57613318,Bicimoto,700.0,USD,La Habana,Centro Habana,"marca, tipo_bateria, autonomia_km","faltan campos obligatorios: marca, tipo_bateria, autonomia_km",faltan_campos,https://www.revolico.com/search?q=bicimoto&page=1,https://www.revolico.com/item/bicimoto-57613318
57598126,Bicimoto,870.0,USD,La Habana,Arroyo Naranjo,"marca, tipo_bateria, autonomia_km","faltan campos obligatorios: marca, tipo_bateria, autonomia_km",faltan_campos,https://www.revolico.com/search?q=bicimoto&page=1,https://www.revolico.com/item/bicimoto-57598126
57597386,Bicimoto,1600.0,USD,La Habana,Habana Vieja,"marca, tipo_bateria, autonomia_km","faltan campos obligatorios: marca, tipo_bateria, autonomia_km",faltan_campos,https://www.revolico.com/search?q=bicimoto&page=1,https://www.revolico.com/item/bicimoto-57597386
57592723,Bicimoto,650.0,USD,La Habana,La Lisa,"marca, tipo_bateria, autonomia_km","faltan campos obligatorios: marca, tipo_bateria, autonomia_km",faltan_campos,https://www.revolico.com/search?q=bicimoto&page=1,https://www.revolico.com/item/bicimoto-57592723
57592558,Bicimoto,650.0,USD,La Habana,Habana del Este,"marca, tipo_bateria, autonomia_km","faltan campos obligatorios: marca, tipo_bateria, autonomia_km",faltan_campos,https://www.revolico.com/search?q=bicimoto&page=1,https://www.revolico.com/item/bicimoto-57592558
57588871,Bicimoto,850.0,USD,La Habana,Centro Habana,"marca, tipo_bateria, autonomia_km","faltan campos obligatorios: marca, tipo_bateria, autonomia_km",faltan_campos,https://www.revolico.com/search?q=bicimoto&page=1,https://www.revolico.com/item/bicimoto-57588871
57584823,Bicimoto,620.0,USD,La Habana,La Lisa,"marca, tipo_bateria, autonomia_km","faltan campos obligatorios: marca, tipo_bateria, autonomia_km",faltan_campos,https://www.revolico.com/search?q=bicimoto&page=1,https://www.revolico.com/item/bicimoto-57584823
57584517,Bicimoto,1450.0,USD,La Habana,Boyeros,"marca, tipo_bateria, autonomia_km","faltan campos obligatorios: marca, tipo_bateria, autonomia_km",faltan_campos,https://www.revolico.com/search?q=bicimoto&page=1,https://www.revolico.com/item/bicimoto-57584517
57582701,Bicimoto,2300.0,USD,Las Tunas,Las Tunas,"marca, tipo_bateria, autonomia_km","faltan campos obligatorios: marca, tipo_bateria, autonomia_km",faltan_campos,https://www.revolico.com/search?q=bicimoto&page=1,https://www.revolico.com/item/bicimoto-57582701
57582445,Bicimoto,1950.0,USD,La Habana,Centro Habana,"marca, tipo_bateria, autonomia_km","faltan campos obligatorios: marca, tipo_bateria, autonomia_km",faltan_campos,https://www.revolico.com/search?q=bicimoto&page=1,https://www.revolico.com/item/bicimoto-57582445
57566824,Bicimoto,1300.0,USD,La Habana,Playa,"marca, tipo_bateria, autonomia_km","faltan campos obligatorios: marca, tipo_bateria, autonomia_km",faltan_campos,https://www.revolico.com/search?q=bicimoto&page=1,https://www.revolico.com/item/bicimoto-57566824
57562686,Bicimoto,1620.0,USD,La Habana,Centro Habana,"marca, tipo_bateria, autonomia_km","faltan campos obligatorios: marca, tipo_bateria, autonomia_km",faltan_campos,https://www.revolico.com/search?q=bicimoto&page=1,https://www.revolico.com/item/bicimoto-57562686
57562315,Bicimoto,1480.0,USD,La Habana,Centro Habana,"marca, tipo_bateria, autonomia_km","faltan campos obligatorios: marca, tipo_bateria, autonomia_km",faltan_campos,https://www.revolico.com/search?q=bicimoto&page=1,https://www.revolico.com/item/bicimoto-57562315
57549487,Bicimoto,1530.0,USD,La Habana,Diez de Octubre,"marca, tipo_bateria, autonomia_km","faltan campos obligatorios: marca, tipo_bateria, autonomia_km",faltan_campos,https://www.revolico.com/search?q=bicimoto&page=1,https://www.revolico.com/item/bicimoto-57549487
57548920,Bicimoto,1570.0,USD,La Habana,Plaza,"marca, tipo_bateria, autonomia_km","faltan campos obligatorios: marca, tipo_bateria, autonomia_km",faltan_campos,https://www.revolico.com/search?q=bicimoto&page=1,https://www.revolico.com/item/bicimoto-57548920
57548786,Bicimoto,840.0,USD,La Habana,Plaza,"marca, tipo_bateria, autonomia_km","faltan campos obligatorios: marca, tipo_bateria, autonomia_km",faltan_campos,https://www.revolico.com/search?q=bicimoto&page=1,https://www.revolico.com/item/bicimoto-57548786
57543502,Bicimoto,1900.0,USD,La Habana,Centro Habana,"marca, tipo_bateria, autonomia_km","faltan campos obligatorios: marca, tipo_bateria, autonomia_km",faltan_campos,https://www.revolico.com/search?q=bicimoto&page=1,https://www.revolico.com/item/bicimoto-57543502
57541875,Bicimoto,1350.0,USD,La Habana,Centro Habana,"marca, tipo_bateria, autonomia_km","faltan campos obligatorios: marca, tipo_bateria, autonomia_km",faltan_campos,https://www.revolico.com/search?q=bicimoto&page=1,https://www.revolico.com/item/bicimoto-57541875
57538306,Bicimoto,850.0,USD,La Habana,Cerro,"marca, tipo_bateria, autonomia_km","faltan campos obligatorios: marca, tipo_bateria, autonomia_km",faltan_campos,https://www.revolico.com/search?q=bicimoto&page=1,https://www.revolico.com/item/bicimoto-57538306
57525166,Bicimoto,550.0,USD,La Habana,Playa,"marca, tipo_bateria, autonomia_km","faltan campos obligatorios: marca, tipo_bateria, autonomia_km",faltan_campos,https://www.revolico.com/search?q=bicimoto&page=1,https://www.revolico.com/item/bicimoto-57525166
57518056,Bicimoto,1950.0,USD,Pinar del Río,Pinar del Río,"marca, tipo_bateria, autonomia_km","faltan campos obligatorios: marca, tipo_bateria, autonomia_km",faltan_campos,https://www.revolico.com/search?q=bicimoto&page=1,https://www.revolico.com/item/bicimoto-57518056
57515871,Bicimoto,770.0,USD,La Habana,Centro Habana,"marca, tipo_bateria, autonomia_km","faltan campos obligatorios: marca, tipo_bateria, autonomia_km",faltan_campos,https://www.revolico.com/search?q=bicimoto&page=1,https://www.revolico.com/item/bicimoto-57515871
57476374,Bicimoto,2150.0,USD,Las Tunas,Las Tunas,"marca, tipo_bateria, autonomia_km","faltan campos obligatorios: marca, tipo_bateria, autonomia_km",faltan_campos,https://www.revolico.com/search?q=bicimoto&page=1,https://www.revolico.com/item/bicimoto-57476374
57472756,Bicimoto,1920.0,USD,La Habana,Centro Habana,"marca, tipo_bateria, autonomia_km","faltan campos obligatorios: marca, tipo_bateria, autonomia_km",faltan_campos,https://www.revolico.com/search?q=bicimoto&page=1,https://www.revolico.com/item/bicimoto-57472756
57466230,Bicimoto,775.0,USD,La Habana,Diez de Octubre,"marca, tipo_bateria, autonomia_km","faltan campos obligatorios: marca, tipo_bateria, autonomia_km",faltan_campos,https://www.revolico.com/search?q=bicimoto&page=1,https://www.revolico.com/item/bicimoto-57466230
57458058,Bicimoto,820.0,USD,La Habana,Centro Habana,"marca, tipo_bateria, autonomia_km","faltan campos obligatorios: marca, tipo_bateria, autonomia_km",faltan_campos,https://www.revolico.com/search?q=bicimoto&page=1,https://www.revolico.com/item/bicimoto-57458058
57448832,Bicimoto,2000.0,USD,La Habana,Cotorro,"marca, tipo_bateria, autonomia_km","faltan campos obligatorios: marca, tipo_bateria, autonomia_km",faltan_campos,https://www.revolico.com/search?q=bicimoto&page=1,https://www.revolico.com/item/bicimoto-57448832
57442022,Bicimoto,520.0,USD,La Habana,Arroyo Naranjo,"marca, tipo_bateria, autonomia_km","faltan campos obligatorios: marca, tipo_bateria, autonomia_km",faltan_campos,https://www.revolico.com/search?q=bicimoto&page=1,https://www.revolico.com/item/bicimoto-57442022
57430739,Bicimoto,600.0,USD,La Habana,La Lisa,"marca, tipo_bateria, autonomia_km","faltan campos obligatorios: marca, tipo_bateria, autonomia_km",faltan_campos,https://www.revolico.com/search?q=bicimoto&page=1,https://www.revolico.com/item/bicimoto-57430739
57419407,Bicimoto,1300.0,USD,La Habana,Centro Habana,"marca, tipo_bateria, autonomia_km","faltan campos obligatorios: marca, tipo_bateria, autonomia_km",faltan_campos,https://www.revolico.com/search?q=bicimoto&page=1,https://www.revolico.com/item/bicimoto-57419407
57412253,Bicimoto,750.0,USD,La Habana,Centro Habana,"marca, tipo_bateria, autonomia_km","faltan campos obligatorios: marca, tipo_bateria, autonomia_km",faltan_campos,https://www.revolico.com/search?q=bicimoto&page=1,https://www.revolico.com/item/bicimoto-57412253
57411521,Bicimoto,820.0,USD,La Habana,Centro Habana,"marca, tipo_bateria, autonomia_km","faltan campos obligatorios: marca, tipo_bateria, autonomia_km",faltan_campos,https://www.revolico.com/search?q=bicimoto&page=1,https://www.revolico.com/item/bicimoto-57411521
57411418,Bicimoto,1600.0,USD,La Habana,Habana del Este,"marca, tipo_bateria, autonomia_km","faltan campos obligatorios: marca, tipo_bateria, autonomia_km",faltan_campos,https://www.revolico.com/search?q=bicimoto&page=1,https://www.revolico.com/item/bicimoto-57411418
57404437,Bicimoto,790.0,USD,Matanzas,Matanzas,"marca, tipo_bateria, autonomia_km","faltan campos obligatorios: marca, tipo_bateria, autonomia_km",faltan_campos,https://www.revolico.com/search?q=bicimoto&page=1,https://www.revolico.com/item/bicimoto-57404437
57398671,Bicimoto,470.0,USD,La Habana,Diez de Octubre,"marca, tipo_bateria, autonomia_km","faltan campos obligatorios: marca, tipo_bateria, autonomia_km",faltan_campos,https://www.revolico.com/search?q=bicimoto&page=1,https://www.revolico.com/item/bicimoto-57398671
57388601,Bicimoto,1750.0,USD,La Habana,Plaza,"marca, tipo_bateria, autonomia_km","faltan campos obligatorios: marca, tipo_bateria, autonomia_km",faltan_campos,https://www.revolico.com/search?q=bicimoto&page=1,https://www.revolico.com/item/bicimoto-57388601
57387419,Bicimoto,750.0,USD,La Habana,Plaza,"marca, tipo_bateria, autonomia_km","faltan campos obligatorios: marca, tipo_bateria, autonomia_km",faltan_campos,https://www.revolico.com/search?q=bicimoto&page=1,https://www.revolico.com/item/bicimoto-57387419
57386979,Bicimoto,1600.0,USD,La Habana,Plaza,"marca, tipo_bateria, autonomia_km","faltan campos obligatorios: marca, tipo_bateria, autonomia_km",faltan_campos,https://www.revolico.com/search?q=bicimoto&page=1,https://www.revolico.com/item/bicimoto-57386979
57384685,Bicimoto,800.0,USD,La Habana,Centro Habana,"marca, tipo_bateria, autonomia_km","faltan campos obligatorios: marca, tipo_bateria, autonomia_km",faltan_campos,https://www.revolico.com/search?q=bicimoto&page=1,https://www.revolico.com/item/bicimoto-57384685
57381534,Bicimoto,500.0,USD,La Habana,Playa,"marca, tipo_bateria, autonomia_km","faltan campos obligatorios: marca, tipo_bateria, autonomia_km",faltan_campos,https://www.revolico.com/search?q=bicimoto&page=1,https://www.revolico.com/item/bicimoto-57381534
57376029,Bicimoto,1950.0,USD,La Habana,Playa,"marca, tipo_bateria, autonomia_km","faltan campos obligatorios: marca, tipo_bateria, autonomia_km",faltan_campos,https://www.revolico.com/search?q=bicimoto&page=1,https://www.revolico.com/item/bicimoto-57376029
57371988,Bicimoto,1640.0,USD,La Habana,La Lisa,"marca, tipo_bateria, autonomia_km","faltan campos obligatorios: marca, tipo_bateria, autonomia_km",faltan_campos,https://www.revolico.com/search?q=bicimoto&page=1,https://www.revolico.com/item/bicimoto-57371988
57343826,Bicimoto,850.0,USD,La Habana,Centro Habana,"marca, tipo_bateria, autonomia_km","faltan campos obligatorios: marca, tipo_bateria, autonomia_km",faltan_campos,https://www.revolico.com/search?q=bicimoto&page=1,https://www.revolico.com/item/bicimoto-57343826
57331407,Bicimoto,1.0,USD,La Habana,Centro Habana,"marca, tipo_bateria, autonomia_km","faltan campos obligatorios: marca, tipo_bateria, autonomia_km",faltan_campos,https://www.revolico.com/search?q=bicimoto&page=1,https://www.revolico.com/item/bicimoto-57331407
57330159,Bicimoto,2000.0,USD,La Habana,Marianao,"marca, tipo_bateria, autonomia_km","faltan campos obligatorios: marca, tipo_bateria, autonomia_km",faltan_campos,https://www.revolico.com/search?q=bicimoto&page=1,https://www.revolico.com/item/bicimoto-57330159
57330125,Bicimoto,2000.0,USD,La Habana,Boyeros,"marca, tipo_bateria, autonomia_km","faltan campos obligatorios: marca, tipo_bateria, autonomia_km",faltan_campos,https://www.revolico.com/search?q=bicimoto&page=1,https://www.revolico.com/item/bicimoto-57330125
57330068,Bicimoto,1850.0,USD,La Habana,Boyeros,"marca, tipo_bateria, autonomia_km","faltan campos obligatorios: marca, tipo_bateria, autonomia_km",faltan_campos,https://www.revolico.com/search?q=bicimoto&page=1,https://www.revolico.com/item/bicimoto-57330068
57318050,Bicimoto,730.0,USD,La Habana,Guanabacoa,"marca, tipo_bateria, autonomia_km","faltan campos obligatorios: marca, tipo_bateria, autonomia_km",faltan_campos,https://www.revolico.com/search?q=bicimoto&page=1,https://www.revolico.com/item/bicimoto-57318050
57310302,Bicimoto,700.0,USD,La Habana,Boyeros,"marca, tipo_bateria, autonomia_km","faltan campos obligatorios: marca, tipo_bateria, autonomia_km",faltan_campos,https://www.revolico.com/search?q=bicimoto&page=2,https://www.revolico.com/item/bicimoto-57310302
57302068,Bicimoto,680.0,USD,La Habana,Marianao,"marca, tipo_bateria, autonomia_km","faltan campos obligatorios: marca, tipo_bateria, autonomia_km",faltan_campos,https://www.revolico.com/search?q=bicimoto&page=2,https://www.revolico.com/item/bicimoto-57302068
57254648,Bicimoto,1650.0,USD,La Habana,Diez de Octubre,"marca, tipo_bateria, autonomia_km","faltan campos obligatorios: marca, tipo_bateria, autonomia_km",faltan_campos,https://www.revolico.com/search?q=bicimoto&page=2,https://www.revolico.com/item/bicimoto-57254648
57252053,Bicimoto,1800.0,USD,La Habana,Boyeros,"marca, tipo_bateria, autonomia_km","faltan campos obligatorios: marca, tipo_bateria, autonomia_km",faltan_campos,https://www.revolico.com/search?q=bicimoto&page=2,https://www.revolico.com/item/bicimoto-57252053
57246592,Bicimoto,1850.0,USD,La Habana,Centro Habana,"marca, tipo_bateria, autonomia_km","faltan campos obligatorios: marca, tipo_bateria, autonomia_km",faltan_campos,https://www.revolico.com/search?q=bicimoto&page=2,https://www.revolico.com/item/bicimoto-57246592
57241910,Bicimoto,620.0,USD,La Habana,Centro Habana,"marca, tipo_bateria, autonomia_km","faltan campos obligatorios: marca, tipo_bateria, autonomia_km",faltan_campos,https://www.revolico.com/search?q=bicimoto&page=2,https://www.revolico.com/item/bicimoto-57241910
57239620,Bicimoto,800.0,USD,La Habana,Centro Habana,"marca, tipo_bateria, autonomia_km","faltan campos obligatorios: marca, tipo_bateria, autonomia_km",faltan_campos,https://www.revolico.com/search?q=bicimoto&page=2,https://www.revolico.com/item/bicimoto-57239620
57205252,Bicimoto,1750.0,USD,La Habana,Centro Habana,"marca, tipo_bateria, autonomia_km","faltan campos obligatorios: marca, tipo_bateria, autonomia_km",faltan_campos,https://www.revolico.com/search?q=bicimoto&page=2,https://www.revolico.com/item/bicimoto-57205252
57192514,Bicimoto,550.0,USD,La Habana,Centro Habana,"marca, tipo_bateria, autonomia_km","faltan campos obligatorios: marca, tipo_bateria, autonomia_km",faltan_campos,https://www.revolico.com/search?q=bicimoto&page=2,https://www.revolico.com/item/bicimoto-57192514
57179522,Bicimoto,750.0,USD,La Habana,Centro Habana,"marca, tipo_bateria, autonomia_km","faltan campos obligatorios: marca, tipo_bateria, autonomia_km",faltan_campos,https://www.revolico.com/search?q=bicimoto&page=2,https://www.revolico.com/item/bicimoto-57179522
57174620,Bicimoto,870.0,USD,La Habana,La Lisa,"marca, tipo_bateria, autonomia_km","faltan campos obligatorios: marca, tipo_bateria, autonomia_km",faltan_campos,https://www.revolico.com/search?q=bicimoto&page=2,https://www.revolico.com/item/bicimoto-57174620
57173405,Bicimoto,400.0,USD,La Habana,Habana del Este,"marca, tipo_bateria, autonomia_km","faltan campos obligatorios: marca, tipo_bateria, autonomia_km",faltan_campos,https://www.revolico.com/search?q=bicimoto&page=2,https://www.revolico.com/item/bicimoto-57173405
57172264,Bicimoto,550.0,USD,La Habana,Playa,"marca, tipo_bateria, autonomia_km","faltan campos obligatorios: marca, tipo_bateria, autonomia_km",faltan_campos,https://www.revolico.com/search?q=bicimoto&page=2,https://www.revolico.com/item/bicimoto-57172264
57171695,Bicimoto,400.0,USD,La Habana,Playa,"marca, tipo_bateria, autonomia_km","faltan campos obligatorios: marca, tipo_bateria, autonomia_km",faltan_campos,https://www.revolico.com/search?q=bicimoto&page=2,https://www.revolico.com/item/bicimoto-57171695
57164471,Bicimoto,2100.0,USD,La Habana,Centro Habana,"marca, tipo_bateria, autonomia_km","faltan campos obligatorios: marca, tipo_bateria, autonomia_km",faltan_campos,https://www.revolico.com/search?q=bicimoto&page=2,https://www.revolico.com/item/bicimoto-57164471
57155998,Bicimoto,2150.0,USD,La Habana,Plaza,"marca, tipo_bateria, autonomia_km","faltan campos obligatorios: marca, tipo_bateria, autonomia_km",faltan_campos,https://www.revolico.com/search?q=bicimoto&page=2,https://www.revolico.com/item/bicimoto-57155998
57148629,Bicimoto,890.0,USD,La Habana,Arroyo Naranjo,"marca, tipo_bateria, autonomia_km","faltan campos obligatorios: marca, tipo_bateria, autonomia_km",faltan_campos,https://www.revolico.com/search?q=bicimoto&page=2,https://www.revolico.com/item/bicimoto-57148629
57141784,Bicimoto,1980.0,USD,La Habana,Centro Habana,"marca, tipo_bateria, autonomia_km","faltan campos obligatorios: marca, tipo_bateria, autonomia_km",faltan_campos,https://www.revolico.com/search?q=bicimoto&page=2,https://www.revolico.com/item/bicimoto-57141784
57136229,Bicimoto,1400.0,USD,La Habana,Diez de Octubre,"marca, tipo_bateria, autonomia_km","faltan campos obligatorios: marca, tipo_bateria, autonomia_km",faltan_campos,https://www.revolico.com/search?q=bicimoto&page=2,https://www.revolico.com/item/bicimoto-57136229
57120411,Bicimoto,500.0,USD,La Habana,Playa,"marca, tipo_bateria, autonomia_km","faltan campos obligatorios: marca, tipo_bateria, autonomia_km",faltan_campos,https://www.revolico.com/search?q=bicimoto&page=2,https://www.revolico.com/item/bicimoto-57120411
57119572,Bicimoto,2000.0,USD,La Habana,Playa,"marca, tipo_bateria, autonomia_km","faltan campos obligatorios: marca, tipo_bateria, autonomia_km",faltan_campos,https://www.revolico.com/search?q=bicimoto&page=2,https://www.revolico.com/item/bicimoto-57119572
57117586,Bicimoto,350.0,USD,La Habana,Centro Habana,"marca, tipo_bateria, autonomia_km","faltan campos obligatorios: marca, tipo_bateria, autonomia_km",faltan_campos,https://www.revolico.com/search?q=bicimoto&page=2,https://www.revolico.com/item/bicimoto-57117586
57110749,Bicimoto,500.0,USD,La Habana,Centro Habana,"marca, tipo_bateria, autonomia_km","faltan campos obligatorios: marca, tipo_bateria, autonomia_km",faltan_campos,https://www.revolico.com/search?q=bicimoto&page=2,https://www.revolico.com/item/bicimoto-57110749
57109061,Bicimoto,830.0,USD,La Habana,Arroyo Naranjo,"marca, tipo_bateria, autonomia_km","faltan campos obligatorios: marca, tipo_bateria, autonomia_km",faltan_campos,https://www.revolico.com/search?q=bicimoto&page=2,https://www.revolico.com/item/bicimoto-57109061
57109011,Bicimoto,1200.0,USD,La Habana,Arroyo Naranjo,"marca, tipo_bateria, autonomia_km","faltan campos obligatorios: marca, tipo_bateria, autonomia_km",faltan_campos,https://www.revolico.com/search?q=bicimoto&page=2,https://www.revolico.com/item/bicimoto-57109011
57106086,Bicimoto,1.0,USD,La Habana,Boyeros,"marca, tipo_bateria, autonomia_km","faltan campos obligatorios: marca, tipo_bateria, autonomia_km",faltan_campos,https://www.revolico.com/search?q=bicimoto&page=2,https://www.revolico.com/item/bicimoto-57106086
57104530,Bicimoto,1150.0,USD,La Habana,Arroyo Naranjo,"marca, tipo_bateria, autonomia_km","faltan campos obligatorios: marca, tipo_bateria, autonomia_km",faltan_campos,https://www.revolico.com/search?q=bicimoto&page=2,https://www.revolico.com/item/bicimoto-57104530
57097509,Bicimoto,700.0,USD,La Habana,Centro Habana,"marca, tipo_bateria, autonomia_km","faltan campos obligatorios: marca, tipo_bateria, autonomia_km",faltan_campos,https://www.revolico.com/search?q=bicimoto&page=2,https://www.revolico.com/item/bicimoto-57097509
57089964,Bicimoto,2140.0,USD,La Habana,Plaza,"marca, tipo_bateria, autonomia_km","faltan campos obligatorios: marca, tipo_bateria, autonomia_km",faltan_campos,https://www.revolico.com/search?q=bicimoto&page=2,https://www.revolico.com/item/bicimoto-57089964
57089888,Bicimoto,1620.0,USD,La Habana,Plaza,"marca, tipo_bateria, autonomia_km","faltan campos obligatorios: marca, tipo_bateria, autonomia_km",faltan_campos,https://www.revolico.com/search?q=bicimoto&page=2,https://www.revolico.com/item/bicimoto-57089888
57087331,Bicimoto,2050.0,USD,La Habana,Arroyo Naranjo,"marca, tipo_bateria, autonomia_km","faltan campos obligatorios: marca, tipo_bateria, autonomia_km",faltan_campos,https://www.revolico.com/search?q=bicimoto&page=2,https://www.revolico.com/item/bicimoto-57087331
57052269,Bicimoto,750.0,USD,La Habana,Arroyo Naranjo,"marca, tipo_bateria, autonomia_km","faltan campos obligatorios: marca, tipo_bateria, autonomia_km",faltan_campos,https://www.revolico.com/search?q=bicimoto&page=2,https://www.revolico.com/item/bicimoto-57052269
57045004,Bicimoto,1500.0,USD,La Habana,Boyeros,"marca, tipo_bateria, autonomia_km","faltan campos obligatorios: marca, tipo_bateria, autonomia_km",faltan_campos,https://www.revolico.com/search?q=bicimoto&page=2,https://www.revolico.com/item/bicimoto-57045004
57041479,Bicimoto,1650.0,USD,La Habana,Centro Habana,"marca, tipo_bateria, autonomia_km","faltan campos obligatorios: marca, tipo_bateria, autonomia_km",faltan_campos,https://www.revolico.com/search?q=bicimoto&page=2,https://www.revolico.com/item/bicimoto-57041479
57041447,Bicimoto,850.0,USD,La Habana,Diez de Octubre,"marca, tipo_bateria, autonomia_km","faltan campos obligatorios: marca, tipo_bateria, autonomia_km",faltan_campos,https://www.revolico.com/search?q=bicimoto&page=2,https://www.revolico.com/item/bicimoto-57041447
57041284,Bicimoto,850.0,USD,La Habana,Centro Habana,"marca, tipo_bateria, autonomia_km","faltan campos obligatorios: marca, tipo_bateria, autonomia_km",faltan_campos,https://www.revolico.com/search?q=bicimoto&page=2,https://www.revolico.com/item/bicimoto-57041284
57040529,Bicimoto,500.0,USD,La Habana,Marianao,"marca, tipo_bateria, autonomia_km","faltan campos obligatorios: marca, tipo_bateria, autonomia_km",faltan_campos,https://www.revolico.com/search?q=bicimoto&page=2,https://www.revolico.com/item/bicimoto-57040529
57024666,Bicimoto,1800.0,USD,Matanzas,Matanzas,"marca, tipo_bateria, autonomia_km","faltan campos obligatorios: marca, tipo_bateria, autonomia_km",faltan_campos,https://www.revolico.com/search?q=bicimoto&page=2,https://www.revolico.com/item/bicimoto-57024666
57018446,Bicimoto,980.0,USD,La Habana,Diez de Octubre,"marca, tipo_bateria, autonomia_km","faltan campos obligatorios: marca, tipo_bateria, autonomia_km",faltan_campos,https://www.revolico.com/search?q=bicimoto&page=2,https://www.revolico.com/item/bicimoto-57018446
57017937,Bicimoto,1300.0,USD,La Habana,Guanabacoa,"marca, tipo_bateria, autonomia_km","faltan campos obligatorios: marca, tipo_bateria, autonomia_km",faltan_campos,https://www.revolico.com/search?q=bicimoto&page=2,https://www.revolico.com/item/bicimoto-57017937
56995491,Bicimoto,1950.0,USD,La Habana,Diez de Octubre,"marca, tipo_bateria, autonomia_km","faltan campos obligatorios: marca, tipo_bateria, autonomia_km",faltan_campos,https://www.revolico.com/search?q=bicimoto&page=2,https://www.revolico.com/item/bicimoto-56995491
56992658,Bicimoto,1950.0,USD,La Habana,Habana del Este,"marca, tipo_bateria, autonomia_km","faltan campos obligatorios: marca, tipo_bateria, autonomia_km",faltan_campos,https://www.revolico.com/search?q=bicimoto&page=2,https://www.revolico.com/item/bicimoto-56992658
56979964,Bicimoto,1300.0,USD,La Habana,Habana del Este,"marca, tipo_bateria, autonomia_km","faltan campos obligatorios: marca, tipo_bateria, autonomia_km",faltan_campos,https://www.revolico.com/search?q=bicimoto&page=2,https://www.revolico.com/item/bicimoto-56979964
56979956,Bicimoto,1650.0,USD,La Habana,Habana del Este,"marca, tipo_bateria, autonomia_km","faltan campos obligatorios: marca, tipo_bateria, autonomia_km",faltan_campos,https://www.revolico.com/search?q=bicimoto&page=2,https://www.revolico.com/item/bicimoto-56979956
56979922,Bicimoto,2100.0,USD,La Habana,Habana del Este,"marca, tipo_bateria, autonomia_km","faltan campos obligatorios: marca, tipo_bateria, autonomia_km",faltan_campos,https://www.revolico.com/search?q=bicimoto&page=2,https://www.revolico.com/item/bicimoto-56979922
56977384,Bicimoto,1930.0,USD,La Habana,Playa,"marca, tipo_bateria, autonomia_km","faltan campos obligatorios: marca, tipo_bateria, autonomia_km",faltan_campos,https://www.revolico.com/search?q=bicimoto&page=2,https://www.revolico.com/item/bicimoto-56977384
56973205,Bicimoto,2100.0,USD,La Habana,Playa,"marca, tipo_bateria, autonomia_km","faltan campos obligatorios: marca, tipo_bateria, autonomia_km",faltan_campos,https://www.revolico.com/search?q=bicimoto&page=2,https://www.revolico.com/item/bicimoto-56973205
56973127,Bicimoto,1900.0,USD,La Habana,Playa,"marca, tipo_bateria, autonomia_km","faltan campos obligatorios: marca, tipo_bateria, autonomia_km",faltan_campos,https://www.revolico.com/search?q=bicimoto&page=2,https://www.revolico.com/item/bicimoto-56973127
56964658,Bicimoto,980.0,USD,La Habana,Habana del Este,"marca, tipo_bateria, autonomia_km","faltan campos obligatorios: marca, tipo_bateria, autonomia_km",faltan_campos,https://www.revolico.com/search?q=bicimoto&page=2,https://www.revolico.com/item/bicimoto-56964658
56962924,Bicimoto,800.0,USD,La Habana,Plaza,"marca, tipo_bateria, autonomia_km","faltan campos obligatorios: marca, tipo_bateria, autonomia_km",faltan_campos,https://www.revolico.com/search?q=bicimoto&page=2,https://www.revolico.com/item/bicimoto-56962924
56957530,Bicimoto,1350.0,USD,La Habana,Habana del Este,"marca, tipo_bateria, autonomia_km","faltan campos obligatorios: marca, tipo_bateria, autonomia_km",faltan_campos,https://www.revolico.com/search?q=bicimoto&page=2,https://www.revolico.com/item/bicimoto-56957530
56957485,Bicimoto,1520.0,USD,La Habana,Habana del Este,"marca, tipo_bateria, autonomia_km","faltan campos obligatorios: marca, tipo_bateria, autonomia_km",faltan_campos,https://www.revolico.com/search?q=bicimoto&page=2,https://www.revolico.com/item/bicimoto-56957485
56957302,Bicimoto,870.0,USD,La Habana,Habana del Este,"marca, tipo_bateria, autonomia_km","faltan campos obligatorios: marca, tipo_bateria, autonomia_km",faltan_campos,https://www.revolico.com/search?q=bicimoto&page=2,https://www.revolico.com/item/bicimoto-56957302
56957280,Bicimoto,1940.0,USD,La Habana,Habana del Este,"marca, tipo_bateria, autonomia_km","faltan campos obligatorios: marca, tipo_bateria, autonomia_km",faltan_campos,https://www.revolico.com/search?q=bicimoto&page=2,https://www.revolico.com/item/bicimoto-56957280
56957168,Bicimoto,1030.0,USD,La Habana,Habana del Este,"marca, tipo_bateria, autonomia_km","faltan campos obligatorios: marca, tipo_bateria, autonomia_km",faltan_campos,https://www.revolico.com/search?q=bicimoto&page=2,https://www.revolico.com/item/bicimoto-56957168
56957149,Bicimoto,1450.0,USD,La Habana,Habana del Este,"marca, tipo_bateria, autonomia_km","faltan campos obligatorios: marca, tipo_bateria, autonomia_km",faltan_campos,https://www.revolico.com/search?q=bicimoto&page=2,https://www.revolico.com/item/bicimoto-56957149
56957132,Bicimoto,1550.0,USD,La Habana,Habana del Este,"marca, tipo_bateria, autonomia_km","faltan campos obligatorios: marca, tipo_bateria, autonomia_km",faltan_campos,https://www.revolico.com/search?q=bicimoto&page=2,https://www.revolico.com/item/bicimoto-56957132
56957095,Bicimoto,1600.0,USD,La Habana,Habana del Este,"marca, tipo_bateria, autonomia_km","faltan campos obligatorios: marca, tipo_bateria, autonomia_km",faltan_campos,https://www.revolico.com/search?q=bicimoto&page=2,https://www.revolico.com/item/bicimoto-56957095
56957074,Bicimoto,1500.0,USD,La Habana,Habana del Este,"marca, tipo_bateria, autonomia_km","faltan campos obligatorios: marca, tipo_bateria, autonomia_km",faltan_campos,https://www.revolico.com/search?q=bicimoto&page=2,https://www.revolico.com/item/bicimoto-56957074
56957054,Bicimoto,1200.0,USD,La Habana,Habana del Este,"marca, tipo_bateria, autonomia_km","faltan campos obligatorios: marca, tipo_bateria, autonomia_km",faltan_campos,https://www.revolico.com/search?q=bicimoto&page=2,https://www.revolico.com/item/bicimoto-56957054
56957038,Bicimoto,1520.0,USD,La Habana,Habana del Este,"marca, tipo_bateria, autonomia_km","faltan campos obligatorios: marca, tipo_bateria, autonomia_km",faltan_campos,https://www.revolico.com/search?q=bicimoto&page=2,https://www.revolico.com/item/bicimoto-56957038
56957025,Bicimoto,1580.0,USD,La Habana,Habana del Este,"marca, tipo_bateria, autonomia_km","faltan campos obligatorios: marca, tipo_bateria, autonomia_km",faltan_campos,https://www.revolico.com/search?q=bicimoto&page=2,https://www.revolico.com/item/bicimoto-56957025
56957004,Bicimoto,1000.0,USD,La Habana,Habana del Este,"marca, tipo_bateria, autonomia_km","faltan campos obligatorios: marca, tipo_bateria, autonomia_km",faltan_campos,https://www.revolico.com/search?q=bicimoto&page=2,https://www.revolico.com/item/bicimoto-56957004
56942017,Bicimoto,980.0,USD,La Habana,Playa,"marca, tipo_bateria, autonomia_km","faltan campos obligatorios: marca, tipo_bateria, autonomia_km",faltan_campos,https://www.revolico.com/search?q=bicimoto&page=2,https://www.revolico.com/item/bicimoto-56942017
56939643,Bicimoto,1600.0,USD,La Habana,Diez de Octubre,"marca, tipo_bateria, autonomia_km","faltan campos obligatorios: marca, tipo_bateria, autonomia_km",faltan_campos,https://www.revolico.com/search?q=bicimoto&page=2,https://www.revolico.com/item/bicimoto-56939643
56933591,Bicimoto,1000.0,USD,La Habana,Centro Habana,"marca, tipo_bateria, autonomia_km","faltan campos obligatorios: marca, tipo_bateria, autonomia_km",faltan_campos,https://www.revolico.com/search?q=bicimoto&page=2,https://www.revolico.com/item/bicimoto-56933591
56933056,Bicimoto,1900.0,USD,Guantánamo,Guantánamo,"marca, tipo_bateria, autonomia_km","faltan campos obligatorios: marca, tipo_bateria, autonomia_km",faltan_campos,https://www.revolico.com/search?q=bicimoto&page=2,https://www.revolico.com/item/bicimoto-56933056
56921753,Bicimoto,1550.0,USD,La Habana,Plaza,"marca, tipo_bateria, autonomia_km","faltan campos obligatorios: marca, tipo_bateria, autonomia_km",faltan_campos,https://www.revolico.com/search?q=bicimoto&page=2,https://www.revolico.com/item/bicimoto-56921753
56921624,Bicimoto,1950.0,USD,La Habana,Playa,"marca, tipo_bateria, autonomia_km","faltan campos obligatorios: marca, tipo_bateria, autonomia_km",faltan_campos,https://www.revolico.com/search?q=bicimoto&page=2,https://www.revolico.com/item/bicimoto-56921624
56921477,Bicimoto,2050.0,USD,La Habana,Plaza,"marca, tipo_bateria, autonomia_km","faltan campos obligatorios: marca, tipo_bateria, autonomia_km",faltan_campos,https://www.revolico.com/search?q=bicimoto&page=2,https://www.revolico.com/item/bicimoto-56921477
56921817,Bicimoto,1950.0,USD,La Habana,Plaza,"marca, tipo_bateria, autonomia_km","faltan campos obligatorios: marca, tipo_bateria, autonomia_km",faltan_campos,https://www.revolico.com/search?q=bicimoto&page=2,https://www.revolico.com/item/bicimoto-56921817
56921137,Bicimoto,1300.0,USD,La Habana,Plaza,"marca, tipo_bateria, autonomia_km","faltan campos obligatorios: marca, tipo_bateria, autonomia_km",faltan_campos,https://www.revolico.com/search?q=bicimoto&page=2,https://www.revolico.com/item/bicimoto-56921137
56922142,Bicimoto,1600.0,USD,La Habana,Plaza,"marca, tipo_bateria, autonomia_km","faltan campos obligatorios: marca, tipo_bateria, autonomia_km",faltan_campos,https://www.revolico.com/search?q=bicimoto&page=2,https://www.revolico.com/item/bicimoto-56922142
56921836,Bicimoto,1500.0,USD,La Habana,Playa,"marca, tipo_bateria, autonomia_km","faltan campos obligatorios: marca, tipo_bateria, autonomia_km",faltan_campos,https://www.revolico.com/search?q=bicimoto&page=2,https://www.revolico.com/item/bicimoto-56921836
56921701,Bicimoto,1450.0,USD,La Habana,Diez de Octubre,"marca, tipo_bateria, autonomia_km","faltan campos obligatorios: marca, tipo_bateria, autonomia_km",faltan_campos,https://www.revolico.com/search?q=bicimoto&page=2,https://www.revolico.com/item/bicimoto-56921701
56921460,Bicimoto,1600.0,USD,La Habana,Plaza,"marca, tipo_bateria, autonomia_km","faltan campos obligatorios: marca, tipo_bateria, autonomia_km",faltan_campos,https://www.revolico.com/search?q=bicimoto&page=2,https://www.revolico.com/item/bicimoto-56921460
56907168,Bicimoto,1800.0,USD,La Habana,Diez de Octubre,"marca, tipo_bateria, autonomia_km","faltan campos obligatorios: marca, tipo_bateria, autonomia_km",faltan_campos,https://www.revolico.com/search?q=bicimoto&page=2,https://www.revolico.com/item/bicimoto-56907168
56904019,Bicimoto,2100.0,USD,La Habana,Boyeros,"marca, tipo_bateria, autonomia_km","faltan campos obligatorios: marca, tipo_bateria, autonomia_km",faltan_campos,https://www.revolico.com/search?q=bicimoto&page=2,https://www.revolico.com/item/bicimoto-56904019
56901105,Bicimoto,1900.0,USD,Guantánamo,Guantánamo,"marca, tipo_bateria, autonomia_km","faltan campos obligatorios: marca, tipo_bateria, autonomia_km",faltan_campos,https://www.revolico.com/search?q=bicimoto&page=2,https://www.revolico.com/item/bicimoto-56901105
56897513,Bicimoto,650.0,USD,La Habana,Cerro,"marca, tipo_bateria, autonomia_km","faltan campos obligatorios: marca, tipo_bateria, autonomia_km",faltan_campos,https://www.revolico.com/search?q=bicimoto&page=2,https://www.revolico.com/item/bicimoto-56897513
56887727,Bicimoto,2000.0,USD,La Habana,Boyeros,"marca, tipo_bateria, autonomia_km","faltan campos obligatorios: marca, tipo_bateria, autonomia_km",faltan_campos,https://www.revolico.com/search?q=bicimoto&page=2,https://www.revolico.com/item/bicimoto-topmaq-3000w-56887727
56886101,Bicimoto,1250.0,USD,La Habana,Habana del Este,"marca, tipo_bateria, autonomia_km","faltan campos obligatorios: marca, tipo_bateria, autonomia_km",faltan_campos,https://www.revolico.com/search?q=bicimoto&page=2,https://www.revolico.com/item/bicimoto-56886101
56886089,Bicimoto,1700.0,USD,La Habana,Habana del Este,"marca, tipo_bateria, autonomia_km","faltan campos obligatorios: marca, tipo_bateria, autonomia_km",faltan_campos,https://www.revolico.com/search?q=bicimoto&page=2,https://www.revolico.com/item/bicimoto-56886089
56886060,Bicimoto,2030.0,USD,La Habana,Habana del Este,"marca, tipo_bateria, autonomia_km","faltan campos obligatorios: marca, tipo_bateria, autonomia_km",faltan_campos,https://www.revolico.com/search?q=bicimoto&page=2,https://www.revolico.com/item/bicimoto-56886060
56886043,Bicimoto,1980.0,USD,La Habana,Habana del Este,"marca, tipo_bateria, autonomia_km","faltan campos obligatorios: marca, tipo_bateria, autonomia_km",faltan_campos,https://www.revolico.com/search?q=bicimoto&page=2,https://www.revolico.com/item/bicimoto-56886043
56886011,Bicimoto,1520.0,USD,La Habana,Habana del Este,"marca, tipo_bateria, autonomia_km","faltan campos obligatorios: marca, tipo_bateria, autonomia_km",faltan_campos,https://www.revolico.com/search?q=bicimoto&page=2,https://www.revolico.com/item/bicimoto-56886011
56885668,Bicimoto,1600.0,USD,La Habana,Cerro,"marca, tipo_bateria, autonomia_km","faltan campos obligatorios: marca, tipo_bateria, autonomia_km",faltan_campos,https://www.revolico.com/search?q=bicimoto&page=2,https://www.revolico.com/item/bicimoto-56885668
56878963,Bicimoto,730.0,USD,La Habana,Habana Vieja,"marca, tipo_bateria, autonomia_km","faltan campos obligatorios: marca, tipo_bateria, autonomia_km",faltan_campos,https://www.revolico.com/search?q=bicimoto&page=3,https://www.revolico.com/item/bicimoto-56878963
56873065,Bicimoto,730.0,USD,La Habana,Habana Vieja,"marca, tipo_bateria, autonomia_km","faltan campos obligatorios: marca, tipo_bateria, autonomia_km",faltan_campos,https://www.revolico.com/search?q=bicimoto&page=3,https://www.revolico.com/item/bicimoto-56873065
56872048,Bicimoto,1100.0,USD,La Habana,Diez de Octubre,"marca, tipo_bateria, autonomia_km","faltan campos obligatorios: marca, tipo_bateria, autonomia_km",faltan_campos,https://www.revolico.com/search?q=bicimoto&page=3,https://www.revolico.com/item/bicimoto-56872048
56869802,Bicimoto,1.0,USD,La Habana,Cerro,"marca, tipo_bateria, autonomia_km","faltan campos obligatorios: marca, tipo_bateria, autonomia_km",faltan_campos,https://www.revolico.com/search?q=bicimoto&page=3,https://www.revolico.com/item/bicimoto-56869802
56867814,Bicimoto,400.0,USD,La Habana,Diez de Octubre,"marca, tipo_bateria, autonomia_km","faltan campos obligatorios: marca, tipo_bateria, autonomia_km",faltan_campos,https://www.revolico.com/search?q=bicimoto&page=3,https://www.revolico.com/item/bicimoto-56867814
56861874,Bicimoto,1800.0,USD,La Habana,Diez de Octubre,"marca, tipo_bateria, autonomia_km","faltan campos obligatorios: marca, tipo_bateria, autonomia_km",faltan_campos,https://www.revolico.com/search?q=bicimoto&page=3,https://www.revolico.com/item/bicimoto-56861874
56860009,Bicimoto,1800.0,USD,La Habana,Cerro,"marca, tipo_bateria, autonomia_km","faltan campos obligatorios: marca, tipo_bateria, autonomia_km",faltan_campos,https://www.revolico.com/search?q=bicimoto&page=3,https://www.revolico.com/item/bicimoto-56860009
56859931,Bicimoto,2030.0,USD,La Habana,Cerro,"marca, tipo_bateria, autonomia_km","faltan campos obligatorios: marca, tipo_bateria, autonomia_km",faltan_campos,https://www.revolico.com/search?q=bicimoto&page=3,https://www.revolico.com/item/bicimoto-56859931
56857385,Bicimoto,1180.0,USD,La Habana,Cerro,"marca, tipo_bateria, autonomia_km","faltan campos obligatorios: marca, tipo_bateria, autonomia_km",faltan_campos,https://www.revolico.com/search?q=bicimoto&page=3,https://www.revolico.com/item/bicimoto-56857385
56856638,Bicimoto,550.0,USD,La Habana,Playa,"marca, tipo_bateria, autonomia_km","faltan campos obligatorios: marca, tipo_bateria, autonomia_km",faltan_campos,https://www.revolico.com/search?q=bicimoto&page=3,https://www.revolico.com/item/bicimoto-56856638
56856637,Bicimoto,550.0,USD,La Habana,Playa,"marca, tipo_bateria, autonomia_km","faltan campos obligatorios: marca, tipo_bateria, autonomia_km",faltan_campos,https://www.revolico.com/search?q=bicimoto&page=3,https://www.revolico.com/item/bicimoto-56856637
56856639,Bicimoto,550.0,USD,La Habana,Playa,"marca, tipo_bateria, autonomia_km","faltan campos obligatorios: marca, tipo_bateria, autonomia_km",faltan_campos,https://www.revolico.com/search?q=bicimoto&page=3,https://www.revolico.com/item/bicimoto-56856639
56827893,Bicimoto,550.0,USD,La Habana,Plaza,"marca, tipo_bateria, autonomia_km","faltan campos obligatorios: marca, tipo_bateria, autonomia_km",faltan_campos,https://www.revolico.com/search?q=bicimoto&page=3,https://www.revolico.com/item/bicimoto-56827893
56827841,Bicimoto,1350.0,USD,La Habana,Plaza,"marca, tipo_bateria, autonomia_km","faltan campos obligatorios: marca, tipo_bateria, autonomia_km",faltan_campos,https://www.revolico.com/search?q=bicimoto&page=3,https://www.revolico.com/item/bicimoto-56827841
56825093,Bicimoto,750.0,USD,La Habana,Marianao,"marca, tipo_bateria, autonomia_km","faltan campos obligatorios: marca, tipo_bateria, autonomia_km",faltan_campos,https://www.revolico.com/search?q=bicimoto&page=3,https://www.revolico.com/item/bicimoto-56825093
56811667,Bicimoto,1900.0,USD,La Habana,Cotorro,"marca, tipo_bateria, autonomia_km","faltan campos obligatorios: marca, tipo_bateria, autonomia_km",faltan_campos,https://www.revolico.com/search?q=bicimoto&page=3,https://www.revolico.com/item/bicimoto-56811667
56797213,Bicimoto,1700.0,USD,La Habana,Cerro,"marca, tipo_bateria, autonomia_km","faltan campos obligatorios: marca, tipo_bateria, autonomia_km",faltan_campos,https://www.revolico.com/search?q=bicimoto&page=3,https://www.revolico.com/item/bicimoto-56797213
56789331,Bicimoto,1350.0,USD,La Habana,Guanabacoa,"marca, tipo_bateria, autonomia_km","faltan campos obligatorios: marca, tipo_bateria, autonomia_km",faltan_campos,https://www.revolico.com/search?q=bicimoto&page=3,https://www.revolico.com/item/bicimoto-56789331
56783836,Bicimoto,800.0,USD,La Habana,Playa,"marca, tipo_bateria, autonomia_km","faltan campos obligatorios: marca, tipo_bateria, autonomia_km",faltan_campos,https://www.revolico.com/search?q=bicimoto&page=3,https://www.revolico.com/item/bicimoto-56783836
56781086,Bicimoto,1700.0,USD,La Habana,Cerro,"marca, tipo_bateria, autonomia_km","faltan campos obligatorios: marca, tipo_bateria, autonomia_km",faltan_campos,https://www.revolico.com/search?q=bicimoto&page=3,https://www.revolico.com/item/bicimoto-56781086
56780847,Bicimoto,1650.0,USD,La Habana,Marianao,"marca, tipo_bateria, autonomia_km","faltan campos obligatorios: marca, tipo_bateria, autonomia_km",faltan_campos,https://www.revolico.com/search?q=bicimoto&page=3,https://www.revolico.com/item/bicimoto-56780847
56778170,Bicimoto,1500.0,USD,La Habana,Playa,"marca, tipo_bateria, autonomia_km","faltan campos obligatorios: marca, tipo_bateria, autonomia_km",faltan_campos,https://www.revolico.com/search?q=bicimoto&page=3,https://www.revolico.com/item/bicimoto-56778170
56777854,Bicimoto,1650.0,USD,Artemisa,Caimito,"marca, tipo_bateria, autonomia_km","faltan campos obligatorios: marca, tipo_bateria, autonomia_km",faltan_campos,https://www.revolico.com/search?q=bicimoto&page=3,https://www.revolico.com/item/bicimoto-56777854
56771311,Bicimoto,1400.0,USD,Artemisa,Caimito,"marca, tipo_bateria, autonomia_km","faltan campos obligatorios: marca, tipo_bateria, autonomia_km",faltan_campos,https://www.revolico.com/search?q=bicimoto&page=3,https://www.revolico.com/item/bicimoto-56771311
56770869,Bicimoto,1480.0,USD,La Habana,Habana del Este,"marca, tipo_bateria, autonomia_km","faltan campos obligatorios: marca, tipo_bateria, autonomia_km",faltan_campos,https://www.revolico.com/search?q=bicimoto&page=3,https://www.revolico.com/item/bicimoto-56770869
56767354,Bicimoto,1700.0,USD,La Habana,Diez de Octubre,"marca, tipo_bateria, autonomia_km","faltan campos obligatorios: marca, tipo_bateria, autonomia_km",faltan_campos,https://www.revolico.com/search?q=bicimoto&page=3,https://www.revolico.com/item/bicimoto-56767354
56765929,Bicimoto,1130.0,USD,La Habana,Diez de Octubre,"marca, tipo_bateria, autonomia_km","faltan campos obligatorios: marca, tipo_bateria, autonomia_km",faltan_campos,https://www.revolico.com/search?q=bicimoto&page=3,https://www.revolico.com/item/bicimoto-56765929
56749147,Bicimoto,510.0,USD,La Habana,Playa,"marca, tipo_bateria, autonomia_km","faltan campos obligatorios: marca, tipo_bateria, autonomia_km",faltan_campos,https://www.revolico.com/search?q=bicimoto&page=3,https://www.revolico.com/item/bicimoto-56749147
56747051,Bicimoto,2000.0,USD,La Habana,Arroyo Naranjo,"marca, tipo_bateria, autonomia_km","faltan campos obligatorios: marca, tipo_bateria, autonomia_km",faltan_campos,https://www.revolico.com/search?q=bicimoto&page=3,https://www.revolico.com/item/bicimoto-56747051
56736667,Bicimoto,800.0,USD,Cienfuegos,Cienfuegos,"marca, tipo_bateria, autonomia_km","faltan campos obligatorios: marca, tipo_bateria, autonomia_km",faltan_campos,https://www.revolico.com/search?q=bicimoto&page=3,https://www.revolico.com/item/bicimoto-56736667
56724567,Bicimoto,1500.0,USD,La Habana,Cerro,"marca, tipo_bateria, autonomia_km","faltan campos obligatorios: marca, tipo_bateria, autonomia_km",faltan_campos,https://www.revolico.com/search?q=bicimoto&page=3,https://www.revolico.com/item/bicimoto-56724567
56724254,Bicimoto,1600.0,USD,La Habana,Centro Habana,"marca, tipo_bateria, autonomia_km","faltan campos obligatorios: marca, tipo_bateria, autonomia_km",faltan_campos,https://www.revolico.com/search?q=bicimoto&page=3,https://www.revolico.com/item/bicimoto-56724254
56724155,Bicimoto,2100.0,USD,La Habana,Centro Habana,"marca, tipo_bateria, autonomia_km","faltan campos obligatorios: marca, tipo_bateria, autonomia_km",faltan_campos,https://www.revolico.com/search?q=bicimoto&page=3,https://www.revolico.com/item/bicimoto-56724155
56722392,Bicimoto,1500.0,USD,La Habana,Cerro,"marca, tipo_bateria, autonomia_km","faltan campos obligatorios: marca, tipo_bateria, autonomia_km",faltan_campos,https://www.revolico.com/search?q=bicimoto&page=3,https://www.revolico.com/item/bicimoto-56722392
56715699,Bicimoto,1500.0,USD,La Habana,Cerro,"marca, tipo_bateria, autonomia_km","faltan campos obligatorios: marca, tipo_bateria, autonomia_km",faltan_campos,https://www.revolico.com/search?q=bicimoto&page=3,https://www.revolico.com/item/bicimoto-56715699
56714709,Bicimoto,700.0,USD,La Habana,Centro Habana,"marca, tipo_bateria, autonomia_km","faltan campos obligatorios: marca, tipo_bateria, autonomia_km",faltan_campos,https://www.revolico.com/search?q=bicimoto&page=3,https://www.revolico.com/item/bicimoto-56714709
56705274,Bicimoto,1500.0,USD,La Habana,Playa,"marca, tipo_bateria, autonomia_km","faltan campos obligatorios: marca, tipo_bateria, autonomia_km",faltan_campos,https://www.revolico.com/search?q=bicimoto&page=3,https://www.revolico.com/item/bicimoto-56705274
56704343,Bicimoto,1.0,USD,La Habana,Boyeros,"marca, tipo_bateria, autonomia_km","faltan campos obligatorios: marca, tipo_bateria, autonomia_km",faltan_campos,https://www.revolico.com/search?q=bicimoto&page=3,https://www.revolico.com/item/bicimoto-56704343
56701375,Bicimoto,1700.0,USD,Camagüey,Camagüey,"marca, tipo_bateria, autonomia_km","faltan campos obligatorios: marca, tipo_bateria, autonomia_km",faltan_campos,https://www.revolico.com/search?q=bicimoto&page=3,https://www.revolico.com/item/bicimoto-56701375
56685812,Bicimoto,1600.0,USD,La Habana,Diez de Octubre,"marca, tipo_bateria, autonomia_km","faltan campos obligatorios: marca, tipo_bateria, autonomia_km",faltan_campos,https://www.revolico.com/search?q=bicimoto&page=3,https://www.revolico.com/item/bicimoto-56685812
56685782,Bicimoto,900.0,USD,La Habana,Diez de Octubre,"marca, tipo_bateria, autonomia_km","faltan campos obligatorios: marca, tipo_bateria, autonomia_km",faltan_campos,https://www.revolico.com/search?q=bicimoto&page=3,https://www.revolico.com/item/bicimoto-56685782
56685696,Bicimoto,2050.0,USD,La Habana,Playa,"marca, tipo_bateria, autonomia_km","faltan campos obligatorios: marca, tipo_bateria, autonomia_km",faltan_campos,https://www.revolico.com/search?q=bicimoto&page=3,https://www.revolico.com/item/bicimoto-56685696
56685583,Bicimoto,2080.0,USD,La Habana,Playa,"marca, tipo_bateria, autonomia_km","faltan campos obligatorios: marca, tipo_bateria, autonomia_km",faltan_campos,https://www.revolico.com/search?q=bicimoto&page=3,https://www.revolico.com/item/bicimoto-56685583
56685573,Bicimoto,1550.0,USD,La Habana,Playa,"marca, tipo_bateria, autonomia_km","faltan campos obligatorios: marca, tipo_bateria, autonomia_km",faltan_campos,https://www.revolico.com/search?q=bicimoto&page=3,https://www.revolico.com/item/bicimoto-56685573
56671526,Bicimoto,2600.0,USD,Guantánamo,Guantánamo,"marca, tipo_bateria, autonomia_km","faltan campos obligatorios: marca, tipo_bateria, autonomia_km",faltan_campos,https://www.revolico.com/search?q=bicimoto&page=3,https://www.revolico.com/item/bicimoto-56671526
56667228,Bicimoto,1200.0,USD,La Habana,Centro Habana,"marca, tipo_bateria, autonomia_km","faltan campos obligatorios: marca, tipo_bateria, autonomia_km",faltan_campos,https://www.revolico.com/search?q=bicimoto&page=3,https://www.revolico.com/item/bicimoto-56667228
56657958,Bicimoto,1420.0,USD,La Habana,Guanabacoa,"marca, tipo_bateria, autonomia_km","faltan campos obligatorios: marca, tipo_bateria, autonomia_km",faltan_campos,https://www.revolico.com/search?q=bicimoto&page=3,https://www.revolico.com/item/bicimoto-56657958
56656926,Bicimoto,1600.0,USD,La Habana,Guanabacoa,"marca, tipo_bateria, autonomia_km","faltan campos obligatorios: marca, tipo_bateria, autonomia_km",faltan_campos,https://www.revolico.com/search?q=bicimoto&page=3,https://www.revolico.com/item/bicimoto-56656926
56656909,Bicimoto,1950.0,USD,La Habana,Guanabacoa,"marca, tipo_bateria, autonomia_km","faltan campos obligatorios: marca, tipo_bateria, autonomia_km",faltan_campos,https://www.revolico.com/search?q=bicimoto&page=3,https://www.revolico.com/item/bicimoto-56656909
56616216,Bicimoto,1000.0,USD,Artemisa,Caimito,"marca, tipo_bateria, autonomia_km","faltan campos obligatorios: marca, tipo_bateria, autonomia_km",faltan_campos,https://www.revolico.com/search?q=bicimoto&page=3,https://www.revolico.com/item/bicimoto-56616216
56616189,Bicimoto,720.0,USD,Artemisa,Caimito,"marca, tipo_bateria, autonomia_km","faltan campos obligatorios: marca, tipo_bateria, autonomia_km",faltan_campos,https://www.revolico.com/search?q=bicimoto&page=3,https://www.revolico.com/item/bicimoto-56616189
56614119,Bicimoto,1550.0,USD,La Habana,Centro Habana,"marca, tipo_bateria, autonomia_km","faltan campos obligatorios: marca, tipo_bateria, autonomia_km",faltan_campos,https://www.revolico.com/search?q=bicimoto&page=3,https://www.revolico.com/item/bicimoto-56614119
56611202,Bicimoto,1850.0,USD,La Habana,Playa,"marca, tipo_bateria, autonomia_km","faltan campos obligatorios: marca, tipo_bateria, autonomia_km",faltan_campos,https://www.revolico.com/search?q=bicimoto&page=3,https://www.revolico.com/item/bicimoto-56611202
56608486,Bicimoto,1720.0,USD,La Habana,Playa,"marca, tipo_bateria, autonomia_km","faltan campos obligatorios: marca, tipo_bateria, autonomia_km",faltan_campos,https://www.revolico.com/search?q=bicimoto&page=3,https://www.revolico.com/item/bicimoto-56608486
56603494,Bicimoto,1480.0,USD,La Habana,Centro Habana,"marca, tipo_bateria, autonomia_km","faltan campos obligatorios: marca, tipo_bateria, autonomia_km",faltan_campos,https://www.revolico.com/search?q=bicimoto&page=3,https://www.revolico.com/item/bicimoto-56603494
56603236,Bicimoto,1280.0,USD,La Habana,Diez de Octubre,"marca, tipo_bateria, autonomia_km","faltan campos obligatorios: marca, tipo_bateria, autonomia_km",faltan_campos,https://www.revolico.com/search?q=bicimoto&page=3,https://www.revolico.com/item/bicimoto-56603236
56603193,Bicimoto,850.0,USD,La Habana,Centro Habana,"marca, tipo_bateria, autonomia_km","faltan campos obligatorios: marca, tipo_bateria, autonomia_km",faltan_campos,https://www.revolico.com/search?q=bicimoto&page=3,https://www.revolico.com/item/bicimoto-56603193
56603169,Bicimoto,900.0,USD,La Habana,Centro Habana,"marca, tipo_bateria, autonomia_km","faltan campos obligatorios: marca, tipo_bateria, autonomia_km",faltan_campos,https://www.revolico.com/search?q=bicimoto&page=3,https://www.revolico.com/item/bicimoto-56603169
56601504,Bicimoto,530.0,USD,La Habana,Centro Habana,"marca, tipo_bateria, autonomia_km","faltan campos obligatorios: marca, tipo_bateria, autonomia_km",faltan_campos,https://www.revolico.com/search?q=bicimoto&page=3,https://www.revolico.com/item/bicimoto-56601504
56601124,Bicimoto,1.0,USD,La Habana,Plaza,"marca, tipo_bateria, autonomia_km","faltan campos obligatorios: marca, tipo_bateria, autonomia_km",faltan_campos,https://www.revolico.com/search?q=bicimoto&page=3,https://www.revolico.com/item/bicimoto-56601124
56596184,Bicimoto,1500.0,USD,La Habana,Centro Habana,"marca, tipo_bateria, autonomia_km","faltan campos obligatorios: marca, tipo_bateria, autonomia_km",faltan_campos,https://www.revolico.com/search?q=bicimoto&page=3,https://www.revolico.com/item/bicimoto-56596184
56589876,Bicimoto,1030.0,USD,La Habana,Habana del Este,"marca, tipo_bateria, autonomia_km","faltan campos obligatorios: marca, tipo_bateria, autonomia_km",faltan_campos,https://www.revolico.com/search?q=bicimoto&page=3,https://www.revolico.com/item/bicimoto-56589876
56589859,Bicimoto,850.0,USD,La Habana,Habana del Este,"marca, tipo_bateria, autonomia_km","faltan campos obligatorios: marca, tipo_bateria, autonomia_km",faltan_campos,https://www.revolico.com/search?q=bicimoto&page=3,https://www.revolico.com/item/bicimoto-56589859
56589844,Bicimoto,1600.0,USD,La Habana,Habana del Este,"marca, tipo_bateria, autonomia_km","faltan campos obligatorios: marca, tipo_bateria, autonomia_km",faltan_campos,https://www.revolico.com/search?q=bicimoto&page=3,https://www.revolico.com/item/bicimoto-56589844
56589831,Bicimoto,1270.0,USD,La Habana,Habana del Este,"marca, tipo_bateria, autonomia_km","faltan campos obligatorios: marca, tipo_bateria, autonomia_km",faltan_campos,https://www.revolico.com/search?q=bicimoto&page=3,https://www.revolico.com/item/bicimoto-56589831
56584578,Bicimoto,780.0,USD,La Habana,Centro Habana,"marca, tipo_bateria, autonomia_km","faltan campos obligatorios: marca, tipo_bateria, autonomia_km",faltan_campos,https://www.revolico.com/search?q=bicimoto&page=3,https://www.revolico.com/item/bicimoto-56584578
56584565,Bicimoto,850.0,USD,La Habana,Centro Habana,"marca, tipo_bateria, autonomia_km","faltan campos obligatorios: marca, tipo_bateria, autonomia_km",faltan_campos,https://www.revolico.com/search?q=bicimoto&page=3,https://www.revolico.com/item/bicimoto-56584565
56584547,Bicimoto,1700.0,USD,La Habana,Centro Habana,"marca, tipo_bateria, autonomia_km","faltan campos obligatorios: marca, tipo_bateria, autonomia_km",faltan_campos,https://www.revolico.com/search?q=bicimoto&page=3,https://www.revolico.com/item/bicimoto-56584547
56584533,Bicimoto,2050.0,USD,La Habana,Centro Habana,"marca, tipo_bateria, autonomia_km","faltan campos obligatorios: marca, tipo_bateria, autonomia_km",faltan_campos,https://www.revolico.com/search?q=bicimoto&page=3,https://www.revolico.com/item/bicimoto-56584533
56584422,Bicimoto,1600.0,USD,La Habana,Cerro,"marca, tipo_bateria, autonomia_km","faltan campos obligatorios: marca, tipo_bateria, autonomia_km",faltan_campos,https://www.revolico.com/search?q=bicimoto&page=3,https://www.revolico.com/item/bicimoto-56584422
56581552,Bicimoto,1750.0,USD,La Habana,Habana del Este,"marca, tipo_bateria, autonomia_km","faltan campos obligatorios: marca, tipo_bateria, autonomia_km",faltan_campos,https://www.revolico.com/search?q=bicimoto&page=3,https://www.revolico.com/item/bicimoto-56581552
56575781,Bicimoto,890.0,USD,La Habana,Cerro,"marca, tipo_bateria, autonomia_km","faltan campos obligatorios: marca, tipo_bateria, autonomia_km",faltan_campos,https://www.revolico.com/search?q=bicimoto&page=3,https://www.revolico.com/item/bicimoto-56575781
56575763,Bicimoto,720.0,USD,La Habana,Cerro,"marca, tipo_bateria, autonomia_km","faltan campos obligatorios: marca, tipo_bateria, autonomia_km",faltan_campos,https://www.revolico.com/search?q=bicimoto&page=3,https://www.revolico.com/item/bicimoto-56575763
56574555,Bicimoto,2100.0,USD,La Habana,San Miguel del Padrón,"marca, tipo_bateria, autonomia_km","faltan campos obligatorios: marca, tipo_bateria, autonomia_km",faltan_campos,https://www.revolico.com/search?q=bicimoto&page=3,https://www.revolico.com/item/bicimoto-56574555
56571289,Bicimoto,1500.0,USD,La Habana,Centro Habana,"marca, tipo_bateria, autonomia_km","faltan campos obligatorios: marca, tipo_bateria, autonomia_km",faltan_campos,https://www.revolico.com/search?q=bicimoto&page=3,https://www.revolico.com/item/bicimoto-56571289
56571203,Bicimoto,2200.0,USD,La Habana,Centro Habana,"marca, tipo_bateria, autonomia_km","faltan campos obligatorios: marca, tipo_bateria, autonomia_km",faltan_campos,https://www.revolico.com/search?q=bicimoto&page=3,https://www.revolico.com/item/bicimoto-56571203
56562209,Bicimoto,1430.0,USD,La Habana,Playa,"marca, tipo_bateria, autonomia_km","faltan campos obligatorios: marca, tipo_bateria, autonomia_km",faltan_campos,https://www.revolico.com/search?q=bicimoto&page=3,https://www.revolico.com/item/bicimoto-56562209
56544571,Bicimoto,879.0,USD,Matanzas,Matanzas,"marca, tipo_bateria, autonomia_km","faltan campos obligatorios: marca, tipo_bateria, autonomia_km",faltan_campos,https://www.revolico.com/search?q=bicimoto&page=3,https://www.revolico.com/item/bicimoto-56544571
56536856,Bicimoto,1570.0,USD,La Habana,,"marca, tipo_bateria, autonomia_km","faltan campos obligatorios: marca, tipo_bateria, autonomia_km",faltan_campos,https://www.revolico.com/search?q=bicimoto&page=3,https://www.revolico.com/item/bicimoto-56536856
56536846,Bicimoto,840.0,USD,La Habana,,"marca, tipo_bateria, autonomia_km","faltan campos obligatorios: marca, tipo_bateria, autonomia_km",faltan_campos,https://www.revolico.com/search?q=bicimoto&page=3,https://www.revolico.com/item/bicimoto-56536846
56536812,Bicimoto,1200.0,USD,La Habana,,"marca, tipo_bateria, autonomia_km","faltan campos obligatorios: marca, tipo_bateria, autonomia_km",faltan_campos,https://www.revolico.com/search?q=bicimoto&page=4,https://www.revolico.com/item/bicimoto-56536812
56536788,Bicimoto,1020.0,USD,La Habana,,"marca, tipo_bateria, autonomia_km","faltan campos obligatorios: marca, tipo_bateria, autonomia_km",faltan_campos,https://www.revolico.com/search?q=bicimoto&page=4,https://www.revolico.com/item/bicimoto-56536788
56534578,Bicimoto,1800.0,USD,La Habana,Boyeros,"marca, tipo_bateria, autonomia_km","faltan campos obligatorios: marca, tipo_bateria, autonomia_km",faltan_campos,https://www.revolico.com/search?q=bicimoto&page=4,https://www.revolico.com/item/bicimoto-56534578
56531636,Bicimoto,800.0,USD,La Habana,Plaza,"marca, tipo_bateria, autonomia_km","faltan campos obligatorios: marca, tipo_bateria, autonomia_km",faltan_campos,https://www.revolico.com/search?q=bicimoto&page=4,https://www.revolico.com/item/bicimoto-56531636
56530327,Bicimoto,1800.0,USD,La Habana,Diez de Octubre,"marca, tipo_bateria, autonomia_km","faltan campos obligatorios: marca, tipo_bateria, autonomia_km",faltan_campos,https://www.revolico.com/search?q=bicimoto&page=4,https://www.revolico.com/item/bicimoto-56530327
56525481,Bicimoto,950.0,USD,La Habana,Centro Habana,"marca, tipo_bateria, autonomia_km","faltan campos obligatorios: marca, tipo_bateria, autonomia_km",faltan_campos,https://www.revolico.com/search?q=bicimoto&page=4,https://www.revolico.com/item/bicimoto-56525481
56520516,Bicimoto,500.0,USD,La Habana,Arroyo Naranjo,"marca, tipo_bateria, autonomia_km","faltan campos obligatorios: marca, tipo_bateria, autonomia_km",faltan_campos,https://www.revolico.com/search?q=bicimoto&page=4,https://www.revolico.com/item/bicimoto-56520516
56385730,Bicimoto,900.0,USD,La Habana,Diez de Octubre,"marca, tipo_bateria, autonomia_km","faltan campos obligatorios: marca, tipo_bateria, autonomia_km",faltan_campos,https://www.revolico.com/search?q=bicimoto&page=4,https://www.revolico.com/item/bicimoto-56385730
56366595,Bicimoto,590.0,USD,La Habana,Playa,"marca, tipo_bateria, autonomia_km","faltan campos obligatorios: marca, tipo_bateria, autonomia_km",faltan_campos,https://www.revolico.com/search?q=bicimoto&page=4,https://www.revolico.com/item/bicimoto-56366595
56268927,Bicimoto,980.0,USD,La Habana,Plaza,"marca, tipo_bateria, autonomia_km","faltan campos obligatorios: marca, tipo_bateria, autonomia_km",faltan_campos,https://www.revolico.com/search?q=bicimoto&page=4,https://www.revolico.com/item/bicimoto-56268927
56155632,Bicimoto,1730.0,USD,La Habana,Playa,"marca, tipo_bateria, autonomia_km","faltan campos obligatorios: marca, tipo_bateria, autonomia_km",faltan_campos,https://www.revolico.com/search?q=bicimoto&page=4,https://www.revolico.com/item/bicimoto-56155632
56070487,Bicimoto,1250.0,USD,La Habana,Playa,"marca, tipo_bateria, autonomia_km","faltan campos obligatorios: marca, tipo_bateria, autonomia_km",faltan_campos,https://www.revolico.com/search?q=bicimoto&page=4,https://www.revolico.com/item/bicimoto-56070487
56059572,Bicimoto,700.0,USD,La Habana,Boyeros,"marca, tipo_bateria, autonomia_km","faltan campos obligatorios: marca, tipo_bateria, autonomia_km",faltan_campos,https://www.revolico.com/search?q=bicimoto&page=4,https://www.revolico.com/item/bicimoto-56059572
55747791,Bicimoto,880.0,USD,La Habana,Playa,"marca, tipo_bateria, autonomia_km","faltan campos obligatorios: marca, tipo_bateria, autonomia_km",faltan_campos,https://www.revolico.com/search?q=bicimoto&page=4,https://www.revolico.com/item/bicimoto-55747791
57669164,Bicimoto (Envio gratis),820.0,USD,La Habana,Playa,"marca, tipo_bateria, autonomia_km","faltan campos obligatorios: marca, tipo_bateria, autonomia_km",faltan_campos,https://www.revolico.com/search?q=bicimoto&page=4,https://www.revolico.com/item/bicimoto-envio-gratis-57669164
56588204,Bicimoto (Moto electrica),1550.0,USD,La Habana,San Miguel del Padrón,"marca, tipo_bateria, autonomia_km","faltan campos obligatorios: marca, tipo_bateria, autonomia_km",faltan_campos,https://www.revolico.com/search?q=bicimoto+electrica&page=5,https://www.revolico.com/item/bicimoto-moto-electrica-56588204
57499317,Bicimoto 1500 w,1600.0,USD,Ciego de Ávila,Ciego de Ávila,"marca, tipo_bateria, autonomia_km","faltan campos obligatorios: marca, tipo_bateria, autonomia_km",faltan_campos,https://www.revolico.com/search?q=bicimoto&page=9,https://www.revolico.com/item/bicimoto-1500-w-57499317
57659170,Bicimoto 1900 usd nueva,1900.0,USD,La Habana,Centro Habana,"marca, tipo_bateria, autonomia_km","faltan campos obligatorios: marca, tipo_bateria, autonomia_km",faltan_campos,https://www.revolico.com/search?q=bicimoto&page=5,https://www.revolico.com/item/bicimoto-1900-usd-nueva-57659170
57680627,Bicimoto 2150usd Domicilio incluído en la ciudad Al cambio en moneda nacional al toque,2150.0,USD,Santiago de Cuba,Santiago de Cuba,"marca, tipo_bateria, autonomia_km","faltan campos obligatorios: marca, tipo_bateria, autonomia_km",faltan_campos,https://www.revolico.com/search?q=bicimoto&page=4,https://www.revolico.com/item/bicimoto-2150usd-domicilio-incluido-en-la-ciudad-al-cambio-en-moneda-nacional-al-toque-57680627
57550344,Bicimoto 3000 w,1930.0,USD,Villa Clara,Santa Clara,"marca, tipo_bateria, autonomia_km","faltan campos obligatorios: marca, tipo_bateria, autonomia_km",faltan_campos,https://www.revolico.com/search?q=bicimoto&page=8,https://www.revolico.com/item/bicimoto-3000-w-57550344
57681238,Bicimoto 350 W,660.0,USD,La Habana,Boyeros,"marca, tipo_bateria, autonomia_km","faltan campos obligatorios: marca, tipo_bateria, autonomia_km",faltan_campos,https://www.revolico.com/search?q=bicimoto&page=4,https://www.revolico.com/item/bicimoto-350-w-57681238
56395213,Bicimoto 350 W moto eléctrica,690.0,USD,La Habana,Centro Habana,"marca, tipo_bateria, autonomia_km","faltan campos obligatorios: marca, tipo_bateria, autonomia_km",faltan_campos,https://www.revolico.com/search?q=bicimoto+electrica&page=6,https://www.revolico.com/item/bicimoto-350-w-moto-electrica-56395213
57368417,"Bicimoto 350 W. COLORES DISPONIBLES , ROJO Y GRIS",690.0,USD,La Habana,Playa,"marca, tipo_bateria, autonomia_km","faltan campos obligatorios: marca, tipo_bateria, autonomia_km",faltan_campos,https://www.revolico.com/search?q=bicimoto+electrica&page=6,https://www.revolico.com/item/bicimoto-350-w-colores-disponibles-rojo-y-gris-57368417
57435472,Bicimoto 840 USD 💸 con transporte gratis,840.0,USD,La Habana,Centro Habana,"marca, tipo_bateria, autonomia_km","faltan campos obligatorios: marca, tipo_bateria, autonomia_km",faltan_campos,https://www.revolico.com/search?q=bicimoto&page=10,https://www.revolico.com/item/bicimoto-840-usd-con-transporte-gratis-57435472
57108512,Bicimoto : llévese gratis Casco del mismo color de la moto. Guantes y Capa🤩,1550.0,USD,La Habana,Boyeros,"marca, tipo_bateria, autonomia_km","faltan campos obligatorios: marca, tipo_bateria, autonomia_km",faltan_campos,https://www.revolico.com/search?q=bicimoto+electrica&page=6,https://www.revolico.com/item/bicimoto-llevese-gratis-casco-del-mismo-color-de-la-moto-guantes-y-capa-57108512
57683966,Bicimoto ALX 500W,850.0,USD,La Habana,Centro Habana,"marca, tipo_bateria, autonomia_km","faltan campos obligatorios: marca, tipo_bateria, autonomia_km",faltan_campos,https://www.revolico.com/search?q=bicimoto&page=4,https://www.revolico.com/item/bicimoto-alx-500w-57683966
57662249,Bicimoto Bizochuyzi Enjoy Green Drive,1200.0,USD,La Habana,Playa,"marca, tipo_bateria, autonomia_km","faltan campos obligatorios: marca, tipo_bateria, autonomia_km",faltan_campos,https://www.revolico.com/search?q=bicimoto&page=5,https://www.revolico.com/item/bicimoto-bizochuyzi-enjoy-green-drive-57662249
57523350,Bicimoto Bucatty,800.0,USD,La Habana,Playa,"marca, tipo_bateria, autonomia_km","faltan campos obligatorios: marca, tipo_bateria, autonomia_km",faltan_campos,https://www.revolico.com/search?q=bicimoto&page=9,https://www.revolico.com/item/bicimoto-bucatty-57523350
57595542,Bicimoto Corleone,880.0,USD,La Habana,Centro Habana,"marca, tipo_bateria, autonomia_km","faltan campos obligatorios: marca, tipo_bateria, autonomia_km",faltan_campos,https://www.revolico.com/search?q=bicimoto&page=6,https://www.revolico.com/item/bicimoto-corleone-57595542
57503649,Bicimoto Corleone,780.0,USD,La Habana,San Miguel del Padrón,"marca, tipo_bateria, autonomia_km","faltan campos obligatorios: marca, tipo_bateria, autonomia_km",faltan_campos,https://www.revolico.com/search?q=bicimoto&page=9,https://www.revolico.com/item/bicimoto-corleone-57503649
56750476,Bicimoto Electrica,600.0,USD,La Habana,Centro Habana,"marca, tipo_bateria, autonomia_km","faltan campos obligatorios: marca, tipo_bateria, autonomia_km",faltan_campos,https://www.revolico.com/search?q=bicimoto+electrica&page=1,https://www.revolico.com/item/bicimoto-electrica-56750476
56639017,Bicimoto Electrica,600.0,USD,La Habana,Cerro,"marca, tipo_bateria, autonomia_km","faltan campos obligatorios: marca, tipo_bateria, autonomia_km",faltan_campos,https://www.revolico.com/search?q=bicimoto+electrica&page=1,https://www.revolico.com/item/bicimoto-electrica-56639017
56596070,Bicimoto Electrica,1200.0,USD,La Habana,Centro Habana,"marca, tipo_bateria, autonomia_km","faltan campos obligatorios: marca, tipo_bateria, autonomia_km",faltan_campos,https://www.revolico.com/search?q=bicimoto+electrica&page=1,https://www.revolico.com/item/bicimoto-electrica-56596070
56492180,Bicimoto Electrica,1260.0,USD,La Habana,Arroyo Naranjo,"marca, tipo_bateria, autonomia_km","faltan campos obligatorios: marca, tipo_bateria, autonomia_km",faltan_campos,https://www.revolico.com/search?q=bicimoto+electrica&page=1,https://www.revolico.com/item/bicimoto-electrica-56492180
57115279,Bicimoto Electrica 3000 w,2100.0,USD,La Habana,Centro Habana,"marca, tipo_bateria, autonomia_km","faltan campos obligatorios: marca, tipo_bateria, autonomia_km",faltan_campos,https://www.revolico.com/search?q=bicimoto+electrica&page=2,https://www.revolico.com/item/bicimoto-electrica-3000-w-57115279
56936672,Bicimoto Electrica Dcml,770.0,USD,La Habana,Guanabacoa,"marca, tipo_bateria, autonomia_km","faltan campos obligatorios: marca, tipo_bateria, autonomia_km",faltan_campos,https://www.revolico.com/search?q=bicimoto+electrica&page=3,https://www.revolico.com/item/bicimoto-electrica-dcml-56936672
56989807,Bicimoto Electrica MAF,1130.0,USD,La Habana,Boyeros,"marca, tipo_bateria, autonomia_km","faltan campos obligatorios: marca, tipo_bateria, autonomia_km",faltan_campos,https://www.revolico.com/search?q=bicimoto+electrica&page=3,https://www.revolico.com/item/bicimoto-electrica-maf-56989807
57241886,Bicimoto Electrica PDg,1150.0,USD,La Habana,Diez de Octubre,"marca, tipo_bateria, autonomia_km","faltan campos obligatorios: marca, tipo_bateria, autonomia_km",faltan_campos,https://www.revolico.com/search?q=bicimoto+electrica&page=2,https://www.revolico.com/item/bicimoto-electrica-pdg-57241886
56936560,Bicimoto Electrica Yoazaki 707,1600.0,USD,La Habana,Guanabacoa,"marca, tipo_bateria, autonomia_km","faltan campos obligatorios: marca, tipo_bateria, autonomia_km",faltan_campos,https://www.revolico.com/search?q=bicimoto+electrica&page=3,https://www.revolico.com/item/bicimoto-electrica-yoazaki-707-56936560
56369713,Bicimoto Electrica toqmaq,2050.0,USD,La Habana,Playa,"marca, tipo_bateria, autonomia_km","faltan campos obligatorios: marca, tipo_bateria, autonomia_km",faltan_campos,https://www.revolico.com/search?q=bicimoto+electrica&page=4,https://www.revolico.com/item/bicimoto-electrica-56369713
57477195,Bicimoto Eléctrica,1900.0,USD,La Habana,Playa,"marca, tipo_bateria, autonomia_km","faltan campos obligatorios: marca, tipo_bateria, autonomia_km",faltan_campos,https://www.revolico.com/search?q=bicimoto&page=10,https://www.revolico.com/item/bicimoto-electrica-57477195
57412198,Bicimoto Eléctrica,1940.0,USD,La Habana,Playa,"marca, tipo_bateria, autonomia_km","faltan campos obligatorios: marca, tipo_bateria, autonomia_km",faltan_campos,https://www.revolico.com/search?q=bicimoto+electrica&page=1,https://www.revolico.com/item/bicimoto-electrica-57412198
57253677,Bicimoto Eléctrica,1950.0,USD,La Habana,Boyeros,"marca, tipo_bateria, autonomia_km","faltan campos obligatorios: marca, tipo_bateria, autonomia_km",faltan_campos,https://www.revolico.com/search?q=bicimoto+electrica&page=1,https://www.revolico.com/item/bicimoto-electrica-57253677
56921566,Bicimoto Eléctrica,500.0,USD,La Habana,La Lisa,"marca, tipo_bateria, autonomia_km","faltan campos obligatorios: marca, tipo_bateria, autonomia_km",faltan_campos,https://www.revolico.com/search?q=bicimoto+electrica&page=1,https://www.revolico.com/item/bicimoto-electrica-56921566
56755784,Bicimoto Eléctrica,2000.0,USD,La Habana,Playa,"marca, tipo_bateria, autonomia_km","faltan campos obligatorios: marca, tipo_bateria, autonomia_km",faltan_campos,https://www.revolico.com/search?q=bicimoto+electrica&page=1,https://www.revolico.com/item/bicimoto-electrica-56755784
56663426,Bicimoto Eléctrica,1270.0,USD,La Habana,Arroyo Naranjo,"marca, tipo_bateria, autonomia_km","faltan campos obligatorios: marca, tipo_bateria, autonomia_km",faltan_campos,https://www.revolico.com/search?q=bicimoto+electrica&page=1,https://www.revolico.com/item/bicimoto-electrica-56663426
56585273,Bicimoto Eléctrica,750.0,USD,La Habana,Marianao,"marca, tipo_bateria, autonomia_km","faltan campos obligatorios: marca, tipo_bateria, autonomia_km",faltan_campos,https://www.revolico.com/search?q=bicimoto+electrica&page=1,https://www.revolico.com/item/bicimoto-electrica-56585273
56572911,Bicimoto Eléctrica,1270.0,USD,La Habana,Arroyo Naranjo,"marca, tipo_bateria, autonomia_km","faltan campos obligatorios: marca, tipo_bateria, autonomia_km",faltan_campos,https://www.revolico.com/search?q=bicimoto+electrica&page=1,https://www.revolico.com/item/bicimoto-electrica-56572911
56399910,Bicimoto Eléctrica,1480.0,USD,La Habana,Playa,"marca, tipo_bateria, autonomia_km","faltan campos obligatorios: marca, tipo_bateria, autonomia_km",faltan_campos,https://www.revolico.com/search?q=bicimoto+electrica&page=1,https://www.revolico.com/item/bicimoto-electrica-56399910
56399948,Bicimoto Eléctrica,1450.0,USD,La Habana,Playa,"marca, tipo_bateria, autonomia_km","faltan campos obligatorios: marca, tipo_bateria, autonomia_km",faltan_campos,https://www.revolico.com/search?q=bicimoto+electrica&page=1,https://www.revolico.com/item/bicimoto-electrica-56399948
56368773,Bicimoto Eléctrica,1650.0,USD,La Habana,Playa,"marca, tipo_bateria, autonomia_km","faltan campos obligatorios: marca, tipo_bateria, autonomia_km",faltan_campos,https://www.revolico.com/search?q=bicimoto+electrica&page=1,https://www.revolico.com/item/bicimoto-electrica-56368773
56368363,Bicimoto Eléctrica,1550.0,USD,La Habana,Playa,"marca, tipo_bateria, autonomia_km","faltan campos obligatorios: marca, tipo_bateria, autonomia_km",faltan_campos,https://www.revolico.com/search?q=bicimoto+electrica&page=1,https://www.revolico.com/item/bicimoto-electrica-56368363
56368216,Bicimoto Eléctrica,1030.0,USD,Artemisa,Artemisa,"marca, tipo_bateria, autonomia_km","faltan campos obligatorios: marca, tipo_bateria, autonomia_km",faltan_campos,https://www.revolico.com/search?q=bicimoto+electrica&page=1,https://www.revolico.com/item/bicimoto-electrica-56368216
56351256,Bicimoto Eléctrica,880.0,USD,La Habana,Playa,"marca, tipo_bateria, autonomia_km","faltan campos obligatorios: marca, tipo_bateria, autonomia_km",faltan_campos,https://www.revolico.com/search?q=bicimoto+electrica&page=1,https://www.revolico.com/item/bicimoto-electrica-56351256
56351251,Bicimoto Eléctrica,1400.0,USD,La Habana,Playa,"marca, tipo_bateria, autonomia_km","faltan campos obligatorios: marca, tipo_bateria, autonomia_km",faltan_campos,https://www.revolico.com/search?q=bicimoto+electrica&page=1,https://www.revolico.com/item/bicimoto-electrica-56351251
56351245,Bicimoto Eléctrica,1450.0,USD,La Habana,Playa,"marca, tipo_bateria, autonomia_km","faltan campos obligatorios: marca, tipo_bateria, autonomia_km",faltan_campos,https://www.revolico.com/search?q=bicimoto+electrica&page=1,https://www.revolico.com/item/bicimoto-electrica-56351245
56331697,Bicimoto Eléctrica,2150.0,USD,La Habana,Playa,"marca, tipo_bateria, autonomia_km","faltan campos obligatorios: marca, tipo_bateria, autonomia_km",faltan_campos,https://www.revolico.com/search?q=bicimoto+electrica&page=1,https://www.revolico.com/item/bicimoto-electrica-56331697
56331617,Bicimoto Eléctrica,2150.0,USD,La Habana,Playa,"marca, tipo_bateria, autonomia_km","faltan campos obligatorios: marca, tipo_bateria, autonomia_km",faltan_campos,https://www.revolico.com/search?q=bicimoto+electrica&page=1,https://www.revolico.com/item/bicimoto-electrica-56331617
56307960,Bicimoto Eléctrica,1600.0,USD,La Habana,Habana Vieja,"marca, tipo_bateria, autonomia_km","faltan campos obligatorios: marca, tipo_bateria, autonomia_km",faltan_campos,https://www.revolico.com/search?q=bicimoto+electrica&page=1,https://www.revolico.com/item/bicimoto-electrica-56307960
55763894,Bicimoto Eléctrica,980.0,USD,La Habana,Playa,"marca, tipo_bateria, autonomia_km","faltan campos obligatorios: marca, tipo_bateria, autonomia_km",faltan_campos,https://www.revolico.com/search?q=bicimoto+electrica&page=1,https://www.revolico.com/item/bicimoto-electrica-55763894
55739504,Bicimoto Eléctrica,1580.0,USD,La Habana,Playa,"marca, tipo_bateria, autonomia_km","faltan campos obligatorios: marca, tipo_bateria, autonomia_km",faltan_campos,https://www.revolico.com/search?q=bicimoto+electrica&page=1,https://www.revolico.com/item/bicimoto-electrica-55739504
57663312,"Bicimoto Eléctrica *$1,350 USD: Compra al detalle (1 unidad $1,250 USD: Precio mayorista (llevando 5 unidades o más).",1350.0,USD,La Habana,Centro Habana,"marca, tipo_bateria, autonomia_km","faltan campos obligatorios: marca, tipo_bateria, autonomia_km",faltan_campos,https://www.revolico.com/search?q=bicimoto&page=4,https://www.revolico.com/item/bicimoto-electrica-1350-usd-compra-al-detalle-1-unidad-1250-usd-precio-mayorista-llevando-5-unidades-o-mas-57663312
57596954,Bicimoto Eléctrica ALX 500W,850.0,USD,La Habana,Playa,"marca, tipo_bateria, autonomia_km","faltan campos obligatorios: marca, tipo_bateria, autonomia_km",faltan_campos,https://www.revolico.com/search?q=bicimoto&page=6,https://www.revolico.com/item/bicimoto-electrica-alx-500w-57596954
57647808,Bicimoto Eléctrica Bucatty,800.0,USD,La Habana,Playa,"marca, tipo_bateria, autonomia_km","faltan campos obligatorios: marca, tipo_bateria, autonomia_km",faltan_campos,https://www.revolico.com/search?q=bicimoto&page=5,https://www.revolico.com/item/bicimoto-electrica-bucatty-57647808
57672432,Bicimoto Eléctrica Chanselier,1400.0,USD,Artemisa,Artemisa,"marca, tipo_bateria, autonomia_km","faltan campos obligatorios: marca, tipo_bateria, autonomia_km",faltan_campos,https://www.revolico.com/search?q=bicimoto&page=4,https://www.revolico.com/item/bicimoto-electrica-chanselier-57672432
56987626,Bicimoto Eléctrica Grillo Ultra,2080.0,USD,Artemisa,Artemisa,"marca, tipo_bateria, autonomia_km","faltan campos obligatorios: marca, tipo_bateria, autonomia_km",faltan_campos,https://www.revolico.com/search?q=bicimoto+electrica&page=3,https://www.revolico.com/item/bicimoto-electrica-grillo-ultra-56987626
56958701,Bicimoto Eléctrica Habana,550.0,USD,La Habana,Cerro,"marca, tipo_bateria, autonomia_km","faltan campos obligatorios: marca, tipo_bateria, autonomia_km",faltan_campos,https://www.revolico.com/search?q=bicimoto+electrica&page=3,https://www.revolico.com/item/bicimoto-electrica-habana-56958701
56816530,Bicimoto Eléctrica Home Secret,850.0,USD,La Habana,Cerro,"marca, tipo_bateria, autonomia_km","faltan campos obligatorios: marca, tipo_bateria, autonomia_km",faltan_campos,https://www.revolico.com/search?q=bicimoto+electrica&page=3,https://www.revolico.com/item/bicimoto-electrica-home-secret-56816530
57461216,Bicimoto Eléctrica MAF ✨,850.0,USD,Pinar del Río,Pinar del Río,"marca, tipo_bateria, autonomia_km","faltan campos obligatorios: marca, tipo_bateria, autonomia_km",faltan_campos,https://www.revolico.com/search?q=bicimoto&page=10,https://www.revolico.com/item/bicimoto-electrica-maf-57461216
57012646,Bicimoto Eléctrica Maf,1200.0,USD,La Habana,Centro Habana,"marca, tipo_bateria, autonomia_km","faltan campos obligatorios: marca, tipo_bateria, autonomia_km",faltan_campos,https://www.revolico.com/search?q=bicimoto+electrica&page=3,https://www.revolico.com/item/bicimoto-electrica-maf-57012646
57081959,Bicimoto Eléctrica Misozuki Grillo Ultra,2050.0,USD,Artemisa,San Antonio de los Baños,"marca, tipo_bateria, autonomia_km","faltan campos obligatorios: marca, tipo_bateria, autonomia_km",faltan_campos,https://www.revolico.com/search?q=bicimoto+electrica&page=3,https://www.revolico.com/item/bicimoto-electrica-misozuki-grillo-ultra-57081959
57439520,Bicimoto Eléctrica Misozuki Ultra Pro,2100.0,USD,Artemisa,Artemisa,"marca, tipo_bateria, autonomia_km","faltan campos obligatorios: marca, tipo_bateria, autonomia_km",faltan_campos,https://www.revolico.com/search?q=bicimoto&page=10,https://www.revolico.com/item/bicimoto-electrica-misozuki-ultra-pro-57439520
57439557,Bicimoto Eléctrica Topmat Evolución,1960.0,USD,Artemisa,Artemisa,"marca, tipo_bateria, autonomia_km","faltan campos obligatorios: marca, tipo_bateria, autonomia_km",faltan_campos,https://www.revolico.com/search?q=bicimoto&page=10,https://www.revolico.com/item/bicimoto-electrica-topmat-evolucion-57439557
56987637,Bicimoto Eléctrica Topmat Evolución,1930.0,USD,Artemisa,Artemisa,"marca, tipo_bateria, autonomia_km","faltan campos obligatorios: marca, tipo_bateria, autonomia_km",faltan_campos,https://www.revolico.com/search?q=bicimoto+electrica&page=3,https://www.revolico.com/item/bicimoto-electrica-topmat-evolucion-56987637
56368642,Bicimoto Eléctrica YOAZAKI 707,1600.0,USD,La Habana,Playa,"marca, tipo_bateria, autonomia_km","faltan campos obligatorios: marca, tipo_bateria, autonomia_km",faltan_campos,https://www.revolico.com/search?q=bicimoto+electrica&page=4,https://www.revolico.com/item/bicimoto-electrica-56368642
56637414,Bicimoto Eléctrica galáctica,2050.0,USD,La Habana,Centro Habana,"marca, tipo_bateria, autonomia_km","faltan campos obligatorios: marca, tipo_bateria, autonomia_km",faltan_campos,https://www.revolico.com/search?q=bicimoto+electrica&page=4,https://www.revolico.com/item/bicimoto-electrica-galactica-56637414
56989871,Bicimoto Eléctrica 🏷 Yoazaki Galáctica 🕍,2100.0,USD,Villa Clara,Santa Clara,"marca, tipo_bateria, autonomia_km","faltan campos obligatorios: marca, tipo_bateria, autonomia_km",faltan_campos,https://www.revolico.com/search?q=bicimoto+electrica&page=3,https://www.revolico.com/item/bicimoto-electrica-yoazaki-galactica-56989871
56968837,Bicimoto Eléctrica 🏷 Yoazaki Galáctica 🕍VC,2100.0,USD,Villa Clara,Santa Clara,"marca, tipo_bateria, autonomia_km","faltan campos obligatorios: marca, tipo_bateria, autonomia_km",faltan_campos,https://www.revolico.com/search?q=bicimoto+electrica&page=3,https://www.revolico.com/item/bicimoto-electrica-yoazaki-galactica-vc-56968837
56578454,Bicimoto Eléctrica.,650.0,USD,La Habana,Plaza,"marca, tipo_bateria, autonomia_km","faltan campos obligatorios: marca, tipo_bateria, autonomia_km",faltan_campos,https://www.revolico.com/search?q=bicimoto+electrica&page=1,https://www.revolico.com/item/bicimoto-electrica-56578454
55944595,Bicimoto Eléctrica.,1600.0,USD,La Habana,Playa,"marca, tipo_bateria, autonomia_km","faltan campos obligatorios: marca, tipo_bateria, autonomia_km",faltan_campos,https://www.revolico.com/search?q=bicimoto+electrica&page=1,https://www.revolico.com/item/bicimoto-electrica-55944595
57648576,Bicimoto Evolution 3000 what 72/35 amp,2050.0,USD,La Habana,Centro Habana,"marca, tipo_bateria, autonomia_km","faltan campos obligatorios: marca, tipo_bateria, autonomia_km",faltan_campos,https://www.revolico.com/search?q=bicimoto&page=5,https://www.revolico.com/item/bicimoto-evolution-3000-what-7235-amp-57648576
57648581,Bicimoto Evolution 48v/45ah 3000w,1900.0,USD,La Habana,Centro Habana,"marca, tipo_bateria, autonomia_km","faltan campos obligatorios: marca, tipo_bateria, autonomia_km",faltan_campos,https://www.revolico.com/search?q=bicimoto&page=5,https://www.revolico.com/item/bicimoto-evolution-48v45ah-3000w-57648581
57470213,Bicimoto Evolution 48v/45ah 3000w Mensajería incluida,1900.0,USD,La Habana,Centro Habana,"marca, tipo_bateria, autonomia_km","faltan campos obligatorios: marca, tipo_bateria, autonomia_km",faltan_campos,https://www.revolico.com/search?q=bicimoto&page=10,https://www.revolico.com/item/bicimoto-evolution-48v45ah-3000w-mensajeria-incluida-57470213
57533205,Bicimoto Evolutión 3000 W,2100.0,USD,Matanzas,Cárdenas,"marca, tipo_bateria, autonomia_km","faltan campos obligatorios: marca, tipo_bateria, autonomia_km",faltan_campos,https://www.revolico.com/search?q=bicimoto&page=8,https://www.revolico.com/item/bicimoto-evolution-3000-w-57533205
57595664,Bicimoto FENIX,1480.0,USD,La Habana,Centro Habana,"marca, tipo_bateria, autonomia_km","faltan campos obligatorios: marca, tipo_bateria, autonomia_km",faltan_campos,https://www.revolico.com/search?q=bicimoto&page=6,https://www.revolico.com/item/bicimoto-fenix-57595664
57595765,Bicimoto FLY,1980.0,USD,La Habana,Centro Habana,"marca, tipo_bateria, autonomia_km","faltan campos obligatorios: marca, tipo_bateria, autonomia_km",faltan_campos,https://www.revolico.com/search?q=bicimoto&page=6,https://www.revolico.com/item/bicimoto-fly-57595765
56960476,Bicimoto GRILLO,2080.0,USD,La Habana,San Miguel del Padrón,"marca, tipo_bateria, autonomia_km","faltan campos obligatorios: marca, tipo_bateria, autonomia_km",faltan_campos,https://www.revolico.com/search?q=bicimoto+electrica&page=6,https://www.revolico.com/item/bicimoto-grillo-56960476
57528467,Bicimoto Grillo Nueva,1650.0,USD,La Habana,Centro Habana,"marca, tipo_bateria, autonomia_km","faltan campos obligatorios: marca, tipo_bateria, autonomia_km",faltan_campos,https://www.revolico.com/search?q=bicimoto&page=8,https://www.revolico.com/item/bicimoto-grillo-nueva-57528467
57564724,Bicimoto Grillo Nueva lista para entregar,1650.0,USD,La Habana,Centro Habana,"marca, tipo_bateria, autonomia_km","faltan campos obligatorios: marca, tipo_bateria, autonomia_km",faltan_campos,https://www.revolico.com/search?q=bicimoto&page=8,https://www.revolico.com/item/bicimoto-grillo-nueva-lista-para-entregar-57564724
57550302,Bicimoto JMD2026,1600.0,USD,La Habana,Playa,"marca, tipo_bateria, autonomia_km","faltan campos obligatorios: marca, tipo_bateria, autonomia_km",faltan_campos,https://www.revolico.com/search?q=bicimoto&page=8,https://www.revolico.com/item/bicimoto-jmd2026-57550302
57679359,Bicimoto KVITOVA,750.0,USD,La Habana,Diez de Octubre,"marca, tipo_bateria, autonomia_km","faltan campos obligatorios: marca, tipo_bateria, autonomia_km",faltan_campos,https://www.revolico.com/search?q=bicimoto&page=4,https://www.revolico.com/item/bicimoto-kvitova-57679359
57576736,Bicimoto Kvitova pcfg,850.0,USD,Cienfuegos,Cienfuegos,"marca, tipo_bateria, autonomia_km","faltan campos obligatorios: marca, tipo_bateria, autonomia_km",faltan_campos,https://www.revolico.com/search?q=bicimoto&page=7,https://www.revolico.com/item/bicimoto-kvitova-pcfg-57576736
57679064,Bicimoto MAF,750.0,USD,La Habana,Plaza,"marca, tipo_bateria, autonomia_km","faltan campos obligatorios: marca, tipo_bateria, autonomia_km",faltan_campos,https://www.revolico.com/search?q=bicimoto&page=4,https://www.revolico.com/item/bicimoto-maf-57679064
57581448,Bicimoto MAF,1100.0,USD,La Habana,Plaza,"marca, tipo_bateria, autonomia_km","faltan campos obligatorios: marca, tipo_bateria, autonomia_km",faltan_campos,https://www.revolico.com/search?q=bicimoto&page=7,https://www.revolico.com/item/bicimoto-maf-57581448
57570563,Bicimoto MAF,1140.0,USD,La Habana,Cerro,"marca, tipo_bateria, autonomia_km","faltan campos obligatorios: marca, tipo_bateria, autonomia_km",faltan_campos,https://www.revolico.com/search?q=bicimoto&page=8,https://www.revolico.com/item/bicimoto-maf-57570563
57495450,Bicimoto MAF,1250.0,USD,La Habana,Playa,"marca, tipo_bateria, autonomia_km","faltan campos obligatorios: marca, tipo_bateria, autonomia_km",faltan_campos,https://www.revolico.com/search?q=bicimoto&page=9,https://www.revolico.com/item/bicimoto-maf-57495450
57666162,Bicimoto MAF67,800.0,USD,La Habana,Plaza,"marca, tipo_bateria, autonomia_km","faltan campos obligatorios: marca, tipo_bateria, autonomia_km",faltan_campos,https://www.revolico.com/search?q=bicimoto&page=4,https://www.revolico.com/item/bicimoto-maf67-57666162
57586563,Bicimoto MAF🛵,1150.0,USD,La Habana,Habana del Este,"marca, tipo_bateria, autonomia_km","faltan campos obligatorios: marca, tipo_bateria, autonomia_km",faltan_campos,https://www.revolico.com/search?q=bicimoto&page=7,https://www.revolico.com/item/bicimoto-maf-57586563
57595551,Bicimoto MIKAZUKI,995.0,USD,La Habana,Centro Habana,"marca, tipo_bateria, autonomia_km","faltan campos obligatorios: marca, tipo_bateria, autonomia_km",faltan_campos,https://www.revolico.com/search?q=bicimoto&page=6,https://www.revolico.com/item/bicimoto-mikazuki-57595551
57595833,Bicimoto MISHUZUKI ULTRA,2030.0,USD,La Habana,Centro Habana,"marca, tipo_bateria, autonomia_km","faltan campos obligatorios: marca, tipo_bateria, autonomia_km",faltan_campos,https://www.revolico.com/search?q=bicimoto&page=6,https://www.revolico.com/item/bicimoto-mishuzuki-ultra-57595833
56319925,Bicimoto MOTICO ELÉCTRICA HOME SECRET,850.0,USD,La Habana,Centro Habana,"marca, tipo_bateria, autonomia_km","faltan campos obligatorios: marca, tipo_bateria, autonomia_km",faltan_campos,https://www.revolico.com/search?q=bicimoto+electrica&page=5,https://www.revolico.com/item/bicimoto-motico-electrica-home-secret-56319925
57503539,Bicimoto Maf,1080.0,USD,La Habana,San Miguel del Padrón,"marca, tipo_bateria, autonomia_km","faltan campos obligatorios: marca, tipo_bateria, autonomia_km",faltan_campos,https://www.revolico.com/search?q=bicimoto&page=9,https://www.revolico.com/item/bicimoto-maf-57503539
57063745,Bicimoto Mikazuki,950.0,USD,La Habana,Cerro,"marca, tipo_bateria, autonomia_km","faltan campos obligatorios: marca, tipo_bateria, autonomia_km",faltan_campos,https://www.revolico.com/search?q=bicimoto+electrica&page=6,https://www.revolico.com/item/bicimoto-mikazuki-57063745
57678144,Bicimoto Mishosuki ultra.,1950.0,USD,La Habana,Cotorro,"marca, tipo_bateria, autonomia_km","faltan campos obligatorios: marca, tipo_bateria, autonomia_km",faltan_campos,https://www.revolico.com/search?q=bicimoto&page=4,https://www.revolico.com/item/bicimoto-mishosuki-ultra-57678144
57602930,Bicimoto Mishozuki Grillo Ultra,2000.0,USD,La Habana,Cotorro,"marca, tipo_bateria, autonomia_km","faltan campos obligatorios: marca, tipo_bateria, autonomia_km",faltan_campos,https://www.revolico.com/search?q=bicimoto&page=6,https://www.revolico.com/item/bicimoto-mishozuki-grillo-ultra-57602930
57560675,Bicimoto Mishozuki grillo ULTRA PRO 2000 USD mensajeria incluída,2000.0,USD,La Habana,Plaza,"marca, tipo_bateria, autonomia_km","faltan campos obligatorios: marca, tipo_bateria, autonomia_km",faltan_campos,https://www.revolico.com/search?q=bicimoto&page=8,https://www.revolico.com/item/bicimoto-mishozuki-grillo-ultra-pro-2000-usd-mensajeria-incluida-57560675
57466512,Bicimoto Mishozuki ultra 2000 usd,2000.0,USD,La Habana,Centro Habana,"marca, tipo_bateria, autonomia_km","faltan campos obligatorios: marca, tipo_bateria, autonomia_km",faltan_campos,https://www.revolico.com/search?q=bicimoto&page=10,https://www.revolico.com/item/bicimoto-mishozuki-ultra-2000-usd-57466512
57580371,"Bicimoto Mizuzuky Ultra último modelo en 2000 usd, 525161600",2000.0,USD,La Habana,Diez de Octubre,"marca, tipo_bateria, autonomia_km","faltan campos obligatorios: marca, tipo_bateria, autonomia_km",faltan_campos,https://www.revolico.com/search?q=bicimoto&page=7,https://www.revolico.com/item/bicimoto-mizuzuky-ultra-ultimo-modelo-en-2000-usd-525161600-57580371
57653569,Bicimoto Mountain,750.0,USD,La Habana,Cerro,"marca, tipo_bateria, autonomia_km","faltan campos obligatorios: marca, tipo_bateria, autonomia_km",faltan_campos,https://www.revolico.com/search?q=bicimoto&page=5,https://www.revolico.com/item/bicimoto-mountain-57653569
57641023,Bicimoto Mountain,750.0,USD,La Habana,Cerro,"marca, tipo_bateria, autonomia_km","faltan campos obligatorios: marca, tipo_bateria, autonomia_km",faltan_campos,https://www.revolico.com/search?q=bicimoto&page=5,https://www.revolico.com/item/bicimoto-mountain-57641023
57470880,Bicimoto Mountain 2026 0km - Batería 48V x 50Ah,1580.0,USD,La Habana,Centro Habana,"marca, tipo_bateria, autonomia_km","faltan campos obligatorios: marca, tipo_bateria, autonomia_km",faltan_campos,https://www.revolico.com/search?q=bicimoto&page=10,https://www.revolico.com/item/bicimoto-mountain-2026-0km-bateria-48v-x-50ah-57470880
57465158,Bicimoto Mountain 2026 0km - Batería 48V x 50Ah,1580.0,USD,La Habana,Centro Habana,"marca, tipo_bateria, autonomia_km","faltan campos obligatorios: marca, tipo_bateria, autonomia_km",faltan_campos,https://www.revolico.com/search?q=bicimoto&page=10,https://www.revolico.com/item/bicimoto-mountain-2026-0km-bateria-48v-x-50ah-57465158
57107956,Bicimoto NUEVA,1300.0,USD,La Habana,Plaza,"marca, tipo_bateria, autonomia_km","faltan campos obligatorios: marca, tipo_bateria, autonomia_km",faltan_campos,https://www.revolico.com/search?q=bici+electrica&page=3,https://www.revolico.com/item/bicimoto-nueva-57107956
57648532,Bicimoto Nueva!!!!,1600.0,USD,La Habana,Playa,"marca, tipo_bateria, autonomia_km","faltan campos obligatorios: marca, tipo_bateria, autonomia_km",faltan_campos,https://www.revolico.com/search?q=bicimoto&page=5,https://www.revolico.com/item/bicimoto-nueva-57648532
57683937,Bicimoto Orix,1600.0,USD,La Habana,Centro Habana,"marca, tipo_bateria, autonomia_km","faltan campos obligatorios: marca, tipo_bateria, autonomia_km",faltan_campos,https://www.revolico.com/search?q=bicimoto&page=4,https://www.revolico.com/item/bicimoto-orix-57683937
56319955,Bicimoto PATINETA ELÉCTRICA GANGA,700.0,USD,La Habana,Centro Habana,"marca, tipo_bateria, autonomia_km","faltan campos obligatorios: marca, tipo_bateria, autonomia_km",faltan_campos,https://www.revolico.com/search?q=bicimoto+electrica&page=5,https://www.revolico.com/item/bicimoto-patineta-electrica-ganga-56319955
57531627,Bicimoto PROTENZZA PRECIO 820USD,820.0,USD,La Habana,Guanabacoa,"marca, tipo_bateria, autonomia_km","faltan campos obligatorios: marca, tipo_bateria, autonomia_km",faltan_campos,https://www.revolico.com/search?q=bicimoto&page=8,https://www.revolico.com/item/bicimoto-protenzza-precio-820usd-57531627
57552461,Bicimoto Proenza,800.0,USD,La Habana,Marianao,"marca, tipo_bateria, autonomia_km","faltan campos obligatorios: marca, tipo_bateria, autonomia_km",faltan_campos,https://www.revolico.com/search?q=bicimoto&page=8,https://www.revolico.com/item/bicimoto-proenza-57552461
57553158,Bicimoto Protenzza,800.0,USD,La Habana,Playa,"marca, tipo_bateria, autonomia_km","faltan campos obligatorios: marca, tipo_bateria, autonomia_km",faltan_campos,https://www.revolico.com/search?q=bicimoto&page=8,https://www.revolico.com/item/bicimoto-protenzza-57553158
57594213,Bicimoto Rayo 48v 40amp,1400.0,USD,La Habana,Boyeros,"marca, tipo_bateria, autonomia_km","faltan campos obligatorios: marca, tipo_bateria, autonomia_km",faltan_campos,https://www.revolico.com/search?q=bicimoto&page=6,https://www.revolico.com/item/bicimoto-rayo-48v-40amp-57594213
57595855,Bicimoto SUPER FAST 911,1550.0,USD,La Habana,Centro Habana,"marca, tipo_bateria, autonomia_km","faltan campos obligatorios: marca, tipo_bateria, autonomia_km",faltan_campos,https://www.revolico.com/search?q=bicimoto&page=6,https://www.revolico.com/item/bicimoto-super-fast-911-57595855
57617686,Bicimoto T20 Al MEJOR PRECIO,850.0,USD,La Habana,Plaza,"marca, tipo_bateria, autonomia_km","faltan campos obligatorios: marca, tipo_bateria, autonomia_km",faltan_campos,https://www.revolico.com/search?q=bicimoto&page=6,https://www.revolico.com/item/bicimoto-t20-al-mejor-precio-57617686
57658931,Bicimoto TOP MAQ EVOLUTION 2026,1880.0,USD,La Habana,Diez de Octubre,"marca, tipo_bateria, autonomia_km","faltan campos obligatorios: marca, tipo_bateria, autonomia_km",faltan_campos,https://www.revolico.com/search?q=bicimoto&page=5,https://www.revolico.com/item/bicimoto-top-maq-evolution-2026-57658931
57488224,Bicimoto TOP MAQ Evolution 2026 48/45,1900.0,USD,La Habana,Plaza,"marca, tipo_bateria, autonomia_km","faltan campos obligatorios: marca, tipo_bateria, autonomia_km",faltan_campos,https://www.revolico.com/search?q=bicimoto&page=9,https://www.revolico.com/item/bicimoto-top-maq-evolution-2026-4845-57488224
57570375,Bicimoto TOQMAQ Evoluntion,1875.0,USD,La Habana,Cerro,"marca, tipo_bateria, autonomia_km","faltan campos obligatorios: marca, tipo_bateria, autonomia_km",faltan_campos,https://www.revolico.com/search?q=bicimoto&page=8,https://www.revolico.com/item/bicimoto-toqmaq-evoluntion-57570375
57434521,Bicimoto TORVAN,1680.0,USD,La Habana,Centro Habana,"marca, tipo_bateria, autonomia_km","faltan campos obligatorios: marca, tipo_bateria, autonomia_km",faltan_campos,https://www.revolico.com/search?q=bicimoto&page=10,https://www.revolico.com/item/bicimoto-torvan-57434521
57623744,Bicimoto Topmac,1900.0,USD,La Habana,Boyeros,"marca, tipo_bateria, autonomia_km","faltan campos obligatorios: marca, tipo_bateria, autonomia_km",faltan_campos,https://www.revolico.com/search?q=bicimoto&page=6,https://www.revolico.com/item/bicimoto-topmac-57623744
57502330,Bicimoto Topmak ( 72v x 35amp ) Poco uso y en muy buen estado,1680.0,USD,La Habana,Centro Habana,"marca, tipo_bateria, autonomia_km","faltan campos obligatorios: marca, tipo_bateria, autonomia_km",faltan_campos,https://www.revolico.com/search?q=bicimoto&page=9,https://www.revolico.com/item/bicimoto-topmak-72v-x-35amp-poco-uso-y-en-muy-buen-estado-57502330
57520050,Bicimoto Topman,2100.0,USD,Villa Clara,Santa Clara,"marca, tipo_bateria, autonomia_km","faltan campos obligatorios: marca, tipo_bateria, autonomia_km",faltan_campos,https://www.revolico.com/search?q=bicimoto&page=9,https://www.revolico.com/item/bicimoto-topman-57520050
57074249,"Bicimoto VIENE CON SU CASCO DE COLOR DE LA MOTO, EL PAR DE GUANTES Y LA CAPA PARA MOTO*",1550.0,USD,La Habana,Playa,"marca, tipo_bateria, autonomia_km","faltan campos obligatorios: marca, tipo_bateria, autonomia_km",faltan_campos,https://www.revolico.com/search?q=bicimoto+electrica&page=6,https://www.revolico.com/item/bicimoto-viene-con-su-casco-de-color-de-la-moto-el-par-de-guantes-y-la-capa-para-moto-57074249
57455816,Bicimoto VIVE 0km,870.0,USD,La Habana,Centro Habana,"marca, tipo_bateria, autonomia_km","faltan campos obligatorios: marca, tipo_bateria, autonomia_km",faltan_campos,https://www.revolico.com/search?q=bicimoto&page=10,https://www.revolico.com/item/bicimoto-vive-0km-57455816
57520027,Bicimoto Vedga,1100.0,USD,Villa Clara,Santa Clara,"marca, tipo_bateria, autonomia_km","faltan campos obligatorios: marca, tipo_bateria, autonomia_km",faltan_campos,https://www.revolico.com/search?q=bicimoto&page=9,https://www.revolico.com/item/bicimoto-vedga-57520027
57595710,Bicimoto X-RYDER,1600.0,USD,La Habana,Centro Habana,"marca, tipo_bateria, autonomia_km","faltan campos obligatorios: marca, tipo_bateria, autonomia_km",faltan_campos,https://www.revolico.com/search?q=bicimoto&page=6,https://www.revolico.com/item/bicimoto-x-ryder-57595710
57669516,Bicimoto YOAZAKI 2026,2050.0,USD,La Habana,Playa,"marca, tipo_bateria, autonomia_km","faltan campos obligatorios: marca, tipo_bateria, autonomia_km",faltan_campos,https://www.revolico.com/search?q=bicimoto&page=4,https://www.revolico.com/item/bicimoto-yoazaki-2026-57669516
57567653,Bicimoto YOAZAKI GALÁCTICA,1990.0,USD,La Habana,Centro Habana,"marca, tipo_bateria, autonomia_km","faltan campos obligatorios: marca, tipo_bateria, autonomia_km",faltan_campos,https://www.revolico.com/search?q=bicimoto&page=8,https://www.revolico.com/item/bicimoto-yoazaki-galactica-57567653
57669464,Bicimoto YOAZAKI(Envío Gratis),1700.0,USD,La Habana,Playa,"marca, tipo_bateria, autonomia_km","faltan campos obligatorios: marca, tipo_bateria, autonomia_km",faltan_campos,https://www.revolico.com/search?q=bicimoto&page=4,https://www.revolico.com/item/bicimoto-yoazakienvio-gratis-57669464
57435590,Bicimoto Yoazaki,1700.0,USD,La Habana,Diez de Octubre,"marca, tipo_bateria, autonomia_km","faltan campos obligatorios: marca, tipo_bateria, autonomia_km",faltan_campos,https://www.revolico.com/search?q=bicimoto&page=10,https://www.revolico.com/item/bicimoto-yoazaki-57435590
57618200,Bicimoto Yoazaki 707,1620.0,USD,La Habana,Marianao,"marca, tipo_bateria, autonomia_km","faltan campos obligatorios: marca, tipo_bateria, autonomia_km",faltan_campos,https://www.revolico.com/search?q=bicimoto&page=6,https://www.revolico.com/item/bicimoto-yoazaki-707-57618200
57647327,Bicimoto Yoazaki Galactica 2026,1900.0,USD,La Habana,Plaza,"marca, tipo_bateria, autonomia_km","faltan campos obligatorios: marca, tipo_bateria, autonomia_km",faltan_campos,https://www.revolico.com/search?q=bicimoto&page=5,https://www.revolico.com/item/bicimoto-yoazaki-galactica-2026-57647327
57532685,Bicimoto Yoazaki Galactica 3000w,1900.0,USD,La Habana,Playa,"marca, tipo_bateria, autonomia_km","faltan campos obligatorios: marca, tipo_bateria, autonomia_km",faltan_campos,https://www.revolico.com/search?q=bicimoto&page=8,https://www.revolico.com/item/bicimoto-yoazaki-galactica-3000w-57532685
57251897,Bicimoto Yoazaki Galáctica 2026 - 3000W 48V 50A 🏠 1980 USD,1980.0,USD,La Habana,Playa,"marca, tipo_bateria, autonomia_km","faltan campos obligatorios: marca, tipo_bateria, autonomia_km",faltan_campos,https://www.revolico.com/search?q=bicimoto+electrica&page=6,https://www.revolico.com/item/bicimoto-yoazaki-galactica-2026-3000w-48v-50a-1980-usd-57251897
57648593,Bicimoto a buen precio,500.0,USD,La Habana,La Lisa,"marca, tipo_bateria, autonomia_km","faltan campos obligatorios: marca, tipo_bateria, autonomia_km",faltan_campos,https://www.revolico.com/search?q=bicimoto&page=5,https://www.revolico.com/item/bicimoto-a-buen-precio-57648593
57590189,Bicimoto aisintec,1500.0,USD,La Habana,Diez de Octubre,"marca, tipo_bateria, autonomia_km","faltan campos obligatorios: marca, tipo_bateria, autonomia_km",faltan_campos,https://www.revolico.com/search?q=bicimoto&page=7,https://www.revolico.com/item/bicimoto-aisintec-57590189
57412611,Bicimoto al Mejor Precio,440.0,USD,La Habana,Plaza,"marca, tipo_bateria, autonomia_km","faltan campos obligatorios: marca, tipo_bateria, autonomia_km",faltan_campos,https://www.revolico.com/search?q=bicimoto+electrica&page=6,https://www.revolico.com/item/bicimoto-al-mejor-precio-57412611
57624732,Bicimoto bucaty,800.0,USD,La Habana,Arroyo Naranjo,"marca, tipo_bateria, autonomia_km","faltan campos obligatorios: marca, tipo_bateria, autonomia_km",faltan_campos,https://www.revolico.com/search?q=bicimoto&page=6,https://www.revolico.com/item/bicimoto-bucaty-57624732
57449970,Bicimoto buccatti,850.0,USD,La Habana,San Miguel del Padrón,"marca, tipo_bateria, autonomia_km","faltan campos obligatorios: marca, tipo_bateria, autonomia_km",faltan_campos,https://www.revolico.com/search?q=bicimoto&page=10,https://www.revolico.com/item/bicimoto-buccatti-57449970
57669421,Bicimoto con Garantía (Envío Gratis),660.0,USD,La Habana,Playa,"marca, tipo_bateria, autonomia_km","faltan campos obligatorios: marca, tipo_bateria, autonomia_km",faltan_campos,https://www.revolico.com/search?q=bicimoto&page=4,https://www.revolico.com/item/bicimoto-con-garantia-envio-gratis-57669421
57592473,Bicimoto corleone,820.0,USD,La Habana,Habana Vieja,"marca, tipo_bateria, autonomia_km","faltan campos obligatorios: marca, tipo_bateria, autonomia_km",faltan_campos,https://www.revolico.com/search?q=bicimoto&page=7,https://www.revolico.com/item/bicimoto-corleone-57592473
57596677,Bicimoto dcmzl nueva en su caja,750.0,USD,La Habana,Habana Vieja,"marca, tipo_bateria, autonomia_km","faltan campos obligatorios: marca, tipo_bateria, autonomia_km",faltan_campos,https://www.revolico.com/search?q=bicimoto&page=6,https://www.revolico.com/item/bicimoto-dcmzl-nueva-en-su-caja-57596677
57578692,Bicimoto de 3000w Incluye accesorios y transporte incluido en algunas partes de la Habana,1640.0,USD,La Habana,Boyeros,"marca, tipo_bateria, autonomia_km","faltan campos obligatorios: marca, tipo_bateria, autonomia_km",faltan_campos,https://www.revolico.com/search?q=bicimoto&page=7,https://www.revolico.com/item/bicimoto-de-3000w-incluye-accesorios-y-transporte-incluido-en-algunas-partes-de-la-habana-57578692
57586241,Bicimoto electrica,860.0,USD,Cienfuegos,Cienfuegos,"marca, tipo_bateria, autonomia_km","faltan campos obligatorios: marca, tipo_bateria, autonomia_km",faltan_campos,https://www.revolico.com/search?q=bicimoto&page=7,https://www.revolico.com/item/bicimoto-electrica-57586241
57500121,Bicimoto electrica,700.0,USD,La Habana,Boyeros,"marca, tipo_bateria, autonomia_km","faltan campos obligatorios: marca, tipo_bateria, autonomia_km",faltan_campos,https://www.revolico.com/search?q=bicimoto&page=9,https://www.revolico.com/item/bicimoto-electrica-57500121
57318866,Bicimoto electrica,550.0,USD,La Habana,Boyeros,"marca, tipo_bateria, autonomia_km","faltan campos obligatorios: marca, tipo_bateria, autonomia_km",faltan_campos,https://www.revolico.com/search?q=bicimoto+electrica&page=1,https://www.revolico.com/item/bicimoto-electrica-57318866
57273841,Bicimoto electrica,1850.0,USD,Cienfuegos,Cienfuegos,"marca, tipo_bateria, autonomia_km","faltan campos obligatorios: marca, tipo_bateria, autonomia_km",faltan_campos,https://www.revolico.com/search?q=bicimoto+electrica&page=1,https://www.revolico.com/item/bicimoto-electrica-57273841
57241185,Bicimoto electrica,1390.0,USD,La Habana,Centro Habana,"marca, tipo_bateria, autonomia_km","faltan campos obligatorios: marca, tipo_bateria, autonomia_km",faltan_campos,https://www.revolico.com/search?q=bicimoto+electrica&page=1,https://www.revolico.com/item/bicimoto-electrica-57241185
57209039,Bicimoto electrica,1.0,USD,La Habana,Playa,"marca, tipo_bateria, autonomia_km","faltan campos obligatorios: marca, tipo_bateria, autonomia_km",faltan_campos,https://www.revolico.com/search?q=bicimoto+electrica&page=1,https://www.revolico.com/item/bicimoto-electrica-57209039
57155379,Bicimoto electrica,1700.0,USD,Cienfuegos,Cienfuegos,"marca, tipo_bateria, autonomia_km","faltan campos obligatorios: marca, tipo_bateria, autonomia_km",faltan_campos,https://www.revolico.com/search?q=bicimoto+electrica&page=1,https://www.revolico.com/item/bicimoto-electrica-57155379
57155350,Bicimoto electrica,1880.0,USD,Cienfuegos,Cienfuegos,"marca, tipo_bateria, autonomia_km","faltan campos obligatorios: marca, tipo_bateria, autonomia_km",faltan_campos,https://www.revolico.com/search?q=bicimoto+electrica&page=1,https://www.revolico.com/item/bicimoto-electrica-57155350
57115305,Bicimoto electrica,1800.0,USD,Cienfuegos,Cienfuegos,"marca, tipo_bateria, autonomia_km","faltan campos obligatorios: marca, tipo_bateria, autonomia_km",faltan_campos,https://www.revolico.com/search?q=bicimoto+electrica&page=1,https://www.revolico.com/item/bicimoto-electrica-57115305
57106120,Bicimoto electrica,1.0,USD,La Habana,La Lisa,"marca, tipo_bateria, autonomia_km","faltan campos obligatorios: marca, tipo_bateria, autonomia_km",faltan_campos,https://www.revolico.com/search?q=bicimoto+electrica&page=1,https://www.revolico.com/item/bicimoto-electrica-57106120
57101663,Bicimoto electrica,960.0,USD,La Habana,Marianao,"marca, tipo_bateria, autonomia_km","faltan campos obligatorios: marca, tipo_bateria, autonomia_km",faltan_campos,https://www.revolico.com/search?q=bicimoto+electrica&page=1,https://www.revolico.com/item/bicimoto-electrica-57101663
57087478,Bicimoto electrica,1200.0,USD,La Habana,Arroyo Naranjo,"marca, tipo_bateria, autonomia_km","faltan campos obligatorios: marca, tipo_bateria, autonomia_km",faltan_campos,https://www.revolico.com/search?q=bicimoto+electrica&page=1,https://www.revolico.com/item/bicimoto-electrica-57087478
57068765,Bicimoto electrica,1430.0,USD,La Habana,Playa,"marca, tipo_bateria, autonomia_km","faltan campos obligatorios: marca, tipo_bateria, autonomia_km",faltan_campos,https://www.revolico.com/search?q=bicimoto+electrica&page=1,https://www.revolico.com/item/bicimoto-electrica-57068765
57045838,Bicimoto electrica,1130.0,USD,La Habana,Centro Habana,"marca, tipo_bateria, autonomia_km","faltan campos obligatorios: marca, tipo_bateria, autonomia_km",faltan_campos,https://www.revolico.com/search?q=bicimoto+electrica&page=1,https://www.revolico.com/item/bicimoto-electrica-57045838
56924948,Bicimoto electrica,500.0,USD,Artemisa,Artemisa,"marca, tipo_bateria, autonomia_km","faltan campos obligatorios: marca, tipo_bateria, autonomia_km",faltan_campos,https://www.revolico.com/search?q=bicimoto+electrica&page=1,https://www.revolico.com/item/bicimoto-electrica-56924948
56859419,Bicimoto electrica,1130.0,USD,La Habana,Diez de Octubre,"marca, tipo_bateria, autonomia_km","faltan campos obligatorios: marca, tipo_bateria, autonomia_km",faltan_campos,https://www.revolico.com/search?q=bicimoto+electrica&page=1,https://www.revolico.com/item/bicimoto-electrica-56859419
56838907,Bicimoto electrica,1150.0,USD,La Habana,Boyeros,"marca, tipo_bateria, autonomia_km","faltan campos obligatorios: marca, tipo_bateria, autonomia_km",faltan_campos,https://www.revolico.com/search?q=bicimoto+electrica&page=1,https://www.revolico.com/item/bicimoto-electrica-56838907
56772670,Bicimoto electrica,1400.0,USD,La Habana,Playa,"marca, tipo_bateria, autonomia_km","faltan campos obligatorios: marca, tipo_bateria, autonomia_km",faltan_campos,https://www.revolico.com/search?q=bicimoto+electrica&page=1,https://www.revolico.com/item/bicimoto-electrica-56772670
56710404,Bicimoto electrica,1350.0,USD,La Habana,Centro Habana,"marca, tipo_bateria, autonomia_km","faltan campos obligatorios: marca, tipo_bateria, autonomia_km",faltan_campos,https://www.revolico.com/search?q=bicimoto+electrica&page=1,https://www.revolico.com/item/bicimoto-electrica-56710404
56659512,Bicimoto electrica AENXRD,720.0,USD,La Habana,Centro Habana,"marca, tipo_bateria, autonomia_km","faltan campos obligatorios: marca, tipo_bateria, autonomia_km",faltan_campos,https://www.revolico.com/search?q=bicimoto+electrica&page=3,https://www.revolico.com/item/bicimoto-electrica-aenxrd-56659512
57653086,Bicimoto electrica comba 2026,1800.0,USD,La Habana,Centro Habana,"marca, tipo_bateria, autonomia_km","faltan campos obligatorios: marca, tipo_bateria, autonomia_km",faltan_campos,https://www.revolico.com/search?q=bicimoto&page=5,https://www.revolico.com/item/bicimoto-electrica-comba-2026-57653086
56261930,Bicimoto electrica con batería sellada,950.0,USD,La Habana,Boyeros,"marca, tipo_bateria, autonomia_km","faltan campos obligatorios: marca, tipo_bateria, autonomia_km",faltan_campos,https://www.revolico.com/search?q=bicimoto+electrica&page=4,https://www.revolico.com/item/bicimoto-electrica-con-bateria-sellada-56261930
57494605,Bicimoto electrica con toda su documentación. Somos primera mano,1.0,USD,La Habana,Plaza,"marca, tipo_bateria, autonomia_km","faltan campos obligatorios: marca, tipo_bateria, autonomia_km",faltan_campos,https://www.revolico.com/search?q=bicimoto&page=9,https://www.revolico.com/item/bicimoto-electrica-con-toda-su-documentacion-somos-primera-mano-57494605
56592466,Bicimoto electrica izuki 1500W,1450.0,USD,Camagüey,Camagüey,"marca, tipo_bateria, autonomia_km","faltan campos obligatorios: marca, tipo_bateria, autonomia_km",faltan_campos,https://www.revolico.com/search?q=bicimoto+electrica&page=4,https://www.revolico.com/item/bicimoto-electrica-izuki-1500w-56592466
56785035,Bicimoto electrica mishozuki Grillo,1800.0,USD,La Habana,Playa,"marca, tipo_bateria, autonomia_km","faltan campos obligatorios: marca, tipo_bateria, autonomia_km",faltan_campos,https://www.revolico.com/search?q=bicimoto+electrica&page=3,https://www.revolico.com/item/bicimoto-electrica-mishozuki-grillo-56785035
57534319,Bicimoto electrica nueva,840.0,USD,La Habana,Centro Habana,"marca, tipo_bateria, autonomia_km","faltan campos obligatorios: marca, tipo_bateria, autonomia_km",faltan_campos,https://www.revolico.com/search?q=bicimoto&page=8,https://www.revolico.com/item/bicimoto-electrica-nueva-57534319
57517443,Bicimoto electrica nueva en su caja,480.0,USD,La Habana,Plaza,"marca, tipo_bateria, autonomia_km","faltan campos obligatorios: marca, tipo_bateria, autonomia_km",faltan_campos,https://www.revolico.com/search?q=bicimoto&page=9,https://www.revolico.com/item/bicimoto-electrica-nueva-en-su-caja-57517443
51730542,Bicimoto electrica nueva en su caja. Rojo vino,1200.0,USD,La Habana,Playa,"marca, tipo_bateria, autonomia_km","faltan campos obligatorios: marca, tipo_bateria, autonomia_km",faltan_campos,https://www.revolico.com/search?q=bicimoto+electrica&page=4,https://www.revolico.com/item/bicimoto-electrica-nueva-en-su-caja-rojo-vino-51730542
56242223,Bicimoto electrica sin bateria,400.0,USD,La Habana,Cerro,"marca, tipo_bateria, autonomia_km","faltan campos obligatorios: marca, tipo_bateria, autonomia_km",faltan_campos,https://www.revolico.com/search?q=bicimoto+electrica&page=4,https://www.revolico.com/item/bicimoto-electrica-sin-bateria-56242223
57283641,Bicimoto electrica*,1500.0,USD,La Habana,La Lisa,"marca, tipo_bateria, autonomia_km","faltan campos obligatorios: marca, tipo_bateria, autonomia_km",faltan_campos,https://www.revolico.com/search?q=bicimoto+electrica&page=1,https://www.revolico.com/item/bicimoto-electrica-57283641
57292216,Bicimoto electrica* 1500 usd,1500.0,USD,La Habana,,"marca, tipo_bateria, autonomia_km","faltan campos obligatorios: marca, tipo_bateria, autonomia_km",faltan_campos,https://www.revolico.com/search?q=bicimoto+electrica&page=2,https://www.revolico.com/item/bicimoto-electrica-1500-usd-57292216
57514264,Bicimoto electrónica,750.0,USD,La Habana,Arroyo Naranjo,"marca, tipo_bateria, autonomia_km","faltan campos obligatorios: marca, tipo_bateria, autonomia_km",faltan_campos,https://www.revolico.com/search?q=bicimoto&page=9,https://www.revolico.com/item/bicimoto-electronica-57514264
57685625,Bicimoto eléctrica,1700.0,USD,La Habana,Centro Habana,"marca, tipo_bateria, autonomia_km","faltan campos obligatorios: marca, tipo_bateria, autonomia_km",faltan_campos,https://www.revolico.com/search?q=bicimoto&page=4,https://www.revolico.com/item/bicimoto-electrica-57685625
57637417,Bicimoto eléctrica,650.0,USD,La Habana,Centro Habana,"marca, tipo_bateria, autonomia_km","faltan campos obligatorios: marca, tipo_bateria, autonomia_km",faltan_campos,https://www.revolico.com/search?q=bicimoto&page=5,https://www.revolico.com/item/bicimoto-electrica-57637417
57593840,Bicimoto eléctrica,300.0,USD,La Habana,Plaza,"marca, tipo_bateria, autonomia_km","faltan campos obligatorios: marca, tipo_bateria, autonomia_km",faltan_campos,https://www.revolico.com/search?q=bicimoto&page=6,https://www.revolico.com/item/bicimoto-electrica-57593840
57593696,Bicimoto eléctrica,300.0,USD,La Habana,Plaza,"marca, tipo_bateria, autonomia_km","faltan campos obligatorios: marca, tipo_bateria, autonomia_km",faltan_campos,https://www.revolico.com/search?q=bicimoto&page=6,https://www.revolico.com/item/bicimoto-electrica-57593696
57563264,Bicimoto eléctrica,500.0,USD,La Habana,Arroyo Naranjo,"marca, tipo_bateria, autonomia_km","faltan campos obligatorios: marca, tipo_bateria, autonomia_km",faltan_campos,https://www.revolico.com/search?q=bicimoto&page=8,https://www.revolico.com/item/bicimoto-electrica-57563264
57557482,Bicimoto eléctrica,1200.0,USD,La Habana,Playa,"marca, tipo_bateria, autonomia_km","faltan campos obligatorios: marca, tipo_bateria, autonomia_km",faltan_campos,https://www.revolico.com/search?q=bicimoto&page=8,https://www.revolico.com/item/bicimoto-electrica-57557482
57493581,Bicimoto eléctrica,1350.0,USD,La Habana,Diez de Octubre,"marca, tipo_bateria, autonomia_km","faltan campos obligatorios: marca, tipo_bateria, autonomia_km",faltan_campos,https://www.revolico.com/search?q=bicimoto&page=9,https://www.revolico.com/item/bicimoto-electrica-57493581
57493548,Bicimoto eléctrica,1150.0,USD,La Habana,Playa,"marca, tipo_bateria, autonomia_km","faltan campos obligatorios: marca, tipo_bateria, autonomia_km",faltan_campos,https://www.revolico.com/search?q=bicimoto&page=9,https://www.revolico.com/item/bicimoto-electrica-57493548
57493403,Bicimoto eléctrica,1600.0,USD,La Habana,Diez de Octubre,"marca, tipo_bateria, autonomia_km","faltan campos obligatorios: marca, tipo_bateria, autonomia_km",faltan_campos,https://www.revolico.com/search?q=bicimoto&page=9,https://www.revolico.com/item/bicimoto-electrica-57493403
57437576,Bicimoto eléctrica,1.0,USD,La Habana,Playa,"marca, tipo_bateria, autonomia_km","faltan campos obligatorios: marca, tipo_bateria, autonomia_km",faltan_campos,https://www.revolico.com/search?q=bicimoto&page=10,https://www.revolico.com/item/bicimoto-electrica-57437576
57265734,Bicimoto eléctrica,700.0,USD,La Habana,Boyeros,"marca, tipo_bateria, autonomia_km","faltan campos obligatorios: marca, tipo_bateria, autonomia_km",faltan_campos,https://www.revolico.com/search?q=bici+electrica&page=2,https://www.revolico.com/item/bicimoto-electrica-57265734
57426714,Bicimoto eléctrica,1800.0,USD,Matanzas,Matanzas,"marca, tipo_bateria, autonomia_km","faltan campos obligatorios: marca, tipo_bateria, autonomia_km",faltan_campos,https://www.revolico.com/search?q=bicimoto+electrica&page=1,https://www.revolico.com/item/bicimoto-electrica-57426714
57366439,Bicimoto eléctrica,1950.0,USD,La Habana,Boyeros,"marca, tipo_bateria, autonomia_km","faltan campos obligatorios: marca, tipo_bateria, autonomia_km",faltan_campos,https://www.revolico.com/search?q=bicimoto+electrica&page=1,https://www.revolico.com/item/bicimoto-electrica-57366439
57319540,Bicimoto eléctrica,780.0,USD,La Habana,Centro Habana,"marca, tipo_bateria, autonomia_km","faltan campos obligatorios: marca, tipo_bateria, autonomia_km",faltan_campos,https://www.revolico.com/search?q=bicimoto+electrica&page=1,https://www.revolico.com/item/bicimoto-electrica-57319540
57297485,Bicimoto eléctrica,750.0,USD,La Habana,Diez de Octubre,"marca, tipo_bateria, autonomia_km","faltan campos obligatorios: marca, tipo_bateria, autonomia_km",faltan_campos,https://www.revolico.com/search?q=bicimoto+electrica&page=1,https://www.revolico.com/item/bicimoto-electrica-57297485
57085715,Bicimoto eléctrica,540.0,USD,La Habana,Arroyo Naranjo,"marca, tipo_bateria, autonomia_km","faltan campos obligatorios: marca, tipo_bateria, autonomia_km",faltan_campos,https://www.revolico.com/search?q=bicimoto+electrica&page=1,https://www.revolico.com/item/bicimoto-electrica-57085715
57083516,Bicimoto eléctrica,1130.0,USD,La Habana,Diez de Octubre,"marca, tipo_bateria, autonomia_km","faltan campos obligatorios: marca, tipo_bateria, autonomia_km",faltan_campos,https://www.revolico.com/search?q=bicimoto+electrica&page=1,https://www.revolico.com/item/bicimoto-electrica-57083516
57071124,Bicimoto eléctrica,2100.0,USD,La Habana,Centro Habana,"marca, tipo_bateria, autonomia_km","faltan campos obligatorios: marca, tipo_bateria, autonomia_km",faltan_campos,https://www.revolico.com/search?q=bicimoto+electrica&page=1,https://www.revolico.com/item/bicimoto-electrica-57071124
56991887,Bicimoto eléctrica,1650.0,USD,La Habana,Marianao,"marca, tipo_bateria, autonomia_km","faltan campos obligatorios: marca, tipo_bateria, autonomia_km",faltan_campos,https://www.revolico.com/search?q=bicimoto+electrica&page=1,https://www.revolico.com/item/bicimoto-electrica-56991887
56895724,Bicimoto eléctrica,1200.0,USD,La Habana,Playa,"marca, tipo_bateria, autonomia_km","faltan campos obligatorios: marca, tipo_bateria, autonomia_km",faltan_campos,https://www.revolico.com/search?q=bicimoto+electrica&page=1,https://www.revolico.com/item/bicimoto-electrica-56895724
56867398,Bicimoto eléctrica,1220.0,USD,La Habana,Playa,"marca, tipo_bateria, autonomia_km","faltan campos obligatorios: marca, tipo_bateria, autonomia_km",faltan_campos,https://www.revolico.com/search?q=bicimoto+electrica&page=1,https://www.revolico.com/item/bicimoto-electrica-56867398
56825089,Bicimoto eléctrica,1650.0,USD,La Habana,Marianao,"marca, tipo_bateria, autonomia_km","faltan campos obligatorios: marca, tipo_bateria, autonomia_km",faltan_campos,https://www.revolico.com/search?q=bicimoto+electrica&page=1,https://www.revolico.com/item/bicimoto-electrica-56825089
56792986,Bicimoto eléctrica,800.0,USD,La Habana,Habana del Este,"marca, tipo_bateria, autonomia_km","faltan campos obligatorios: marca, tipo_bateria, autonomia_km",faltan_campos,https://www.revolico.com/search?q=bicimoto+electrica&page=1,https://www.revolico.com/item/bicimoto-electrica-56792986
56764602,Bicimoto eléctrica,950.0,USD,La Habana,Centro Habana,"marca, tipo_bateria, autonomia_km","faltan campos obligatorios: marca, tipo_bateria, autonomia_km",faltan_campos,https://www.revolico.com/search?q=bicimoto+electrica&page=1,https://www.revolico.com/item/bicimoto-electrica-56764602
56745625,Bicimoto eléctrica,1250.0,USD,La Habana,Boyeros,"marca, tipo_bateria, autonomia_km","faltan campos obligatorios: marca, tipo_bateria, autonomia_km",faltan_campos,https://www.revolico.com/search?q=bicimoto+electrica&page=1,https://www.revolico.com/item/bicimoto-electrica-56745625
56741176,Bicimoto eléctrica,1500.0,USD,La Habana,Playa,"marca, tipo_bateria, autonomia_km","faltan campos obligatorios: marca, tipo_bateria, autonomia_km",faltan_campos,https://www.revolico.com/search?q=bicimoto+electrica&page=1,https://www.revolico.com/item/bicimoto-electrica-56741176
56370537,Bicimoto eléctrica,2070.0,USD,La Habana,Playa,"marca, tipo_bateria, autonomia_km","faltan campos obligatorios: marca, tipo_bateria, autonomia_km",faltan_campos,https://www.revolico.com/search?q=bicimoto+electrica&page=1,https://www.revolico.com/item/bicimoto-electrica-56370537
56078958,Bicimoto eléctrica,1490.0,USD,La Habana,Plaza,"marca, tipo_bateria, autonomia_km","faltan campos obligatorios: marca, tipo_bateria, autonomia_km",faltan_campos,https://www.revolico.com/search?q=bicimoto+electrica&page=1,https://www.revolico.com/item/bicimoto-electrica-56078958
55902972,Bicimoto eléctrica,1300.0,USD,La Habana,Diez de Octubre,"marca, tipo_bateria, autonomia_km","faltan campos obligatorios: marca, tipo_bateria, autonomia_km",faltan_campos,https://www.revolico.com/search?q=bicimoto+electrica&page=1,https://www.revolico.com/item/bicimoto-electrica-55902972
55340489,Bicimoto eléctrica,1620.0,USD,La Habana,Habana Vieja,"marca, tipo_bateria, autonomia_km","faltan campos obligatorios: marca, tipo_bateria, autonomia_km",faltan_campos,https://www.revolico.com/search?q=bicimoto+electrica&page=1,https://www.revolico.com/item/bicimoto-electrica-55340489
54853089,Bicimoto eléctrica,1500.0,USD,La Habana,Cerro,"marca, tipo_bateria, autonomia_km","faltan campos obligatorios: marca, tipo_bateria, autonomia_km",faltan_campos,https://www.revolico.com/search?q=bicimoto+electrica&page=1,https://www.revolico.com/item/bicimoto-yohazaky-707-54853089
54741519,"Bicimoto eléctrica (Nueva, en su caja)",1000.0,USD,La Habana,San Miguel del Padrón,"marca, tipo_bateria, autonomia_km","faltan campos obligatorios: marca, tipo_bateria, autonomia_km",faltan_campos,https://www.revolico.com/search?q=bicimoto+electrica&page=4,https://www.revolico.com/item/bici-electrica-54741519
56609358,Bicimoto eléctrica 3000 w,2100.0,USD,La Habana,Centro Habana,"marca, tipo_bateria, autonomia_km","faltan campos obligatorios: marca, tipo_bateria, autonomia_km",faltan_campos,https://www.revolico.com/search?q=bicimoto+electrica&page=4,https://www.revolico.com/item/moto-electrica-3000-w-56609358
56887518,Bicimoto eléctrica 600 usd,600.0,USD,La Habana,Playa,"marca, tipo_bateria, autonomia_km","faltan campos obligatorios: marca, tipo_bateria, autonomia_km",faltan_campos,https://www.revolico.com/search?q=bicimoto+electrica&page=3,https://www.revolico.com/item/bicimoto-electrica-600-usd-56887518
56828729,Bicimoto eléctrica 650 usd,650.0,USD,La Habana,Playa,"marca, tipo_bateria, autonomia_km","faltan campos obligatorios: marca, tipo_bateria, autonomia_km",faltan_campos,https://www.revolico.com/search?q=bici+electrica&page=2,https://www.revolico.com/item/bicimoto-electrica-650-usd-56828729
56993922,Bicimoto eléctrica Ainsitec,1300.0,USD,La Habana,San Miguel del Padrón,"marca, tipo_bateria, autonomia_km","faltan campos obligatorios: marca, tipo_bateria, autonomia_km",faltan_campos,https://www.revolico.com/search?q=bicimoto+electrica&page=3,https://www.revolico.com/item/bicimoto-electrica-ainsitec-56993922
56604552,Bicimoto eléctrica Corleone,960.0,USD,La Habana,Playa,"marca, tipo_bateria, autonomia_km","faltan campos obligatorios: marca, tipo_bateria, autonomia_km",faltan_campos,https://www.revolico.com/search?q=bicimoto+electrica&page=4,https://www.revolico.com/item/bicimoto-electrica-corleone-56604552
57221218,"Bicimoto eléctrica DCMZL, Habana, con mensajería a Provincias cercanas. WhatsApp: 51460836",750.0,USD,La Habana,Centro Habana,"marca, tipo_bateria, autonomia_km","faltan campos obligatorios: marca, tipo_bateria, autonomia_km",faltan_campos,https://www.revolico.com/search?q=bicimoto+electrica&page=2,https://www.revolico.com/item/bicimoto-electrica-dcmzl-habana-con-mensajeria-a-provincias-cercanas-whatsapp-51460836-57221218
57554494,Bicimoto eléctrica FLY RACING,1950.0,USD,La Habana,Centro Habana,"marca, tipo_bateria, autonomia_km","faltan campos obligatorios: marca, tipo_bateria, autonomia_km",faltan_campos,https://www.revolico.com/search?q=bicimoto&page=8,https://www.revolico.com/item/bicimoto-electrica-fly-racing-57554494
56641122,Bicimoto eléctrica Fly Dragons,2000.0,USD,La Habana,Cerro,"marca, tipo_bateria, autonomia_km","faltan campos obligatorios: marca, tipo_bateria, autonomia_km",faltan_campos,https://www.revolico.com/search?q=bicimoto+electrica&page=4,https://www.revolico.com/item/bicimoto-electrica-fly-dragons-56641122
57287596,Bicimoto eléctrica Fénix 1600 usd,1600.0,USD,Villa Clara,Santa Clara,"marca, tipo_bateria, autonomia_km","faltan campos obligatorios: marca, tipo_bateria, autonomia_km",faltan_campos,https://www.revolico.com/search?q=bicimoto+electrica&page=2,https://www.revolico.com/item/bicimoto-electrica-fenix-1600-usd-57287596
57070675,Bicimoto eléctrica MAF,1130.0,USD,La Habana,Boyeros,"marca, tipo_bateria, autonomia_km","faltan campos obligatorios: marca, tipo_bateria, autonomia_km",faltan_campos,https://www.revolico.com/search?q=bicimoto+electrica&page=3,https://www.revolico.com/item/bicimoto-electrica-marca-maf-57070675
56972520,Bicimoto eléctrica MAF,1120.0,USD,La Habana,Boyeros,"marca, tipo_bateria, autonomia_km","faltan campos obligatorios: marca, tipo_bateria, autonomia_km",faltan_campos,https://www.revolico.com/search?q=bicimoto+electrica&page=3,https://www.revolico.com/item/bicimoto-electrica-maf-56972520
57102156,Bicimoto eléctrica Maf,1200.0,USD,La Habana,Centro Habana,"marca, tipo_bateria, autonomia_km","faltan campos obligatorios: marca, tipo_bateria, autonomia_km",faltan_campos,https://www.revolico.com/search?q=bicimoto+electrica&page=3,https://www.revolico.com/item/bicimoto-electrica-maf-57102156
57155899,Bicimoto eléctrica Mishozuki Grillo Ultra Pro,1980.0,USD,La Habana,Centro Habana,"marca, tipo_bateria, autonomia_km","faltan campos obligatorios: marca, tipo_bateria, autonomia_km",faltan_campos,https://www.revolico.com/search?q=bicimoto+electrica&page=2,https://www.revolico.com/item/bicimoto-electrica-mishozuki-grillo-ultra-pro-57155899
57692418,Bicimoto eléctrica Mountain,750.0,USD,La Habana,Diez de Octubre,"marca, tipo_bateria, autonomia_km","faltan campos obligatorios: marca, tipo_bateria, autonomia_km",faltan_campos,https://www.revolico.com/search?q=bicimoto&page=4,https://www.revolico.com/item/bicimoto-electrica-mountain-57692418
55964335,Bicimoto eléctrica Nueva 650usd,650.0,USD,La Habana,Playa,"marca, tipo_bateria, autonomia_km","faltan campos obligatorios: marca, tipo_bateria, autonomia_km",faltan_campos,https://www.revolico.com/search?q=bicimoto+electrica&page=4,https://www.revolico.com/item/bicimoto-electrica-nueva-700usd-55964335
56585977,Bicimoto eléctrica ONYX,1250.0,USD,La Habana,Guanabacoa,"marca, tipo_bateria, autonomia_km","faltan campos obligatorios: marca, tipo_bateria, autonomia_km",faltan_campos,https://www.revolico.com/search?q=bicimoto+electrica&page=4,https://www.revolico.com/item/bicimoto-electrica-onyx-56585977
57018358,Bicimoto eléctrica Pryna,500.0,USD,La Habana,Cerro,"marca, tipo_bateria, autonomia_km","faltan campos obligatorios: marca, tipo_bateria, autonomia_km",faltan_campos,https://www.revolico.com/search?q=bicimoto+electrica&page=3,https://www.revolico.com/item/bicimoto-electrica-pryna-57018358
57102140,Bicimoto eléctrica RX Combate 2026,2000.0,USD,La Habana,Centro Habana,"marca, tipo_bateria, autonomia_km","faltan campos obligatorios: marca, tipo_bateria, autonomia_km",faltan_campos,https://www.revolico.com/search?q=bicimoto+electrica&page=3,https://www.revolico.com/item/bicimoto-electrica-rx-combate-2026-57102140
56806144,Bicimoto eléctrica StarTime,600.0,USD,La Habana,Diez de Octubre,"marca, tipo_bateria, autonomia_km","faltan campos obligatorios: marca, tipo_bateria, autonomia_km",faltan_campos,https://www.revolico.com/search?q=bicimoto+electrica&page=3,https://www.revolico.com/item/bicimoto-electrica-startime-56806144
56599171,Bicimoto eléctrica StarTime roja,600.0,USD,La Habana,Diez de Octubre,"marca, tipo_bateria, autonomia_km","faltan campos obligatorios: marca, tipo_bateria, autonomia_km",faltan_campos,https://www.revolico.com/search?q=bicimoto+electrica&page=4,https://www.revolico.com/item/bicimoto-electrica-startime-roja-56599171
56840184,Bicimoto eléctrica Start time🛵,600.0,USD,La Habana,Diez de Octubre,"marca, tipo_bateria, autonomia_km","faltan campos obligatorios: marca, tipo_bateria, autonomia_km",faltan_campos,https://www.revolico.com/search?q=bicimoto+electrica&page=3,https://www.revolico.com/item/bicimoto-electrica-start-time-56840184
56604567,Bicimoto eléctrica TORVAN,1840.0,USD,La Habana,Playa,"marca, tipo_bateria, autonomia_km","faltan campos obligatorios: marca, tipo_bateria, autonomia_km",faltan_campos,https://www.revolico.com/search?q=bicimoto+electrica&page=4,https://www.revolico.com/item/bicimoto-electrica-torvan-56604567
57102051,Bicimoto eléctrica Unizuki,1600.0,USD,La Habana,Centro Habana,"marca, tipo_bateria, autonomia_km","faltan campos obligatorios: marca, tipo_bateria, autonomia_km",faltan_campos,https://www.revolico.com/search?q=bicimoto+electrica&page=3,https://www.revolico.com/item/bicimoto-electrica-unizuki-57102051
57102238,Bicimoto eléctrica X80 Pro E-Bike,1200.0,USD,La Habana,Centro Habana,"marca, tipo_bateria, autonomia_km","faltan campos obligatorios: marca, tipo_bateria, autonomia_km",faltan_campos,https://www.revolico.com/search?q=e-bike&page=2,https://www.revolico.com/item/bicimoto-electrica-x80-pro-e-bike-57102238
57462136,Bicimoto eléctrica aisintec,1500.0,USD,La Habana,Diez de Octubre,"marca, tipo_bateria, autonomia_km","faltan campos obligatorios: marca, tipo_bateria, autonomia_km",faltan_campos,https://www.revolico.com/search?q=bicimoto&page=10,https://www.revolico.com/item/bicimoto-electrica-aisintec-57462136
56879862,Bicimoto eléctrica con factura y garantía.,980.0,USD,La Habana,Plaza,"marca, tipo_bateria, autonomia_km","faltan campos obligatorios: marca, tipo_bateria, autonomia_km",faltan_campos,https://www.revolico.com/search?q=bicimoto+electrica&page=3,https://www.revolico.com/item/bicimoto-electrica-con-factura-y-garantia-56879862
57168453,Bicimoto eléctrica de 3000w,2110.0,USD,La Habana,Centro Habana,"marca, tipo_bateria, autonomia_km","faltan campos obligatorios: marca, tipo_bateria, autonomia_km",faltan_campos,https://www.revolico.com/search?q=bicimoto+electrica&page=2,https://www.revolico.com/item/bicimoto-electrica-de-3000w-57168453
56634213,Bicimoto eléctrica de 48v 50ah en 1600 usd con mensajería gratis para Artemisa y la Habana,1600.0,USD,La Habana,Centro Habana,"marca, tipo_bateria, autonomia_km","faltan campos obligatorios: marca, tipo_bateria, autonomia_km",faltan_campos,https://www.revolico.com/search?q=bicimoto+electrica&page=4,https://www.revolico.com/item/bicimoto-electrica-de-48v-50ah-en-1600-usd-con-mensajeria-gratis-para-artemisa-y-la-habana-56634213
57577272,"Bicimoto eléctrica leerla descripción, arletyisla 💯",900.0,USD,Isla de la Juventud,Isla de La Juventud,"marca, tipo_bateria, autonomia_km","faltan campos obligatorios: marca, tipo_bateria, autonomia_km",faltan_campos,https://www.revolico.com/search?q=bicimoto&page=7,https://www.revolico.com/item/bicimoto-electrica-leerla-descripcion-arletyisla-57577272
57666093,Bicimoto eléctrica lista para tu gustoo 5245-5262,1750.0,USD,La Habana,Plaza,"marca, tipo_bateria, autonomia_km","faltan campos obligatorios: marca, tipo_bateria, autonomia_km",faltan_campos,https://www.revolico.com/search?q=bicimoto&page=4,https://www.revolico.com/item/bicimoto-electrica-lista-para-tu-gustoo-5245-5262-57666093
57451721,Bicimoto eléctrica nueva,1500.0,USD,La Habana,Plaza,"marca, tipo_bateria, autonomia_km","faltan campos obligatorios: marca, tipo_bateria, autonomia_km",faltan_campos,https://www.revolico.com/search?q=bicimoto&page=10,https://www.revolico.com/item/bicimoto-electrica-nueva-57451721
56623416,Bicimoto eléctrica nueva,1550.0,USD,La Habana,San Miguel del Padrón,"marca, tipo_bateria, autonomia_km","faltan campos obligatorios: marca, tipo_bateria, autonomia_km",faltan_campos,https://www.revolico.com/search?q=bicimoto+electrica&page=4,https://www.revolico.com/item/bicimoto-electrica-nueva-56623416
56575292,Bicimoto eléctrica nueva,500.0,USD,La Habana,Plaza,"marca, tipo_bateria, autonomia_km","faltan campos obligatorios: marca, tipo_bateria, autonomia_km",faltan_campos,https://www.revolico.com/search?q=bicimoto+electrica&page=4,https://www.revolico.com/item/bicimoto-electrica-nueva-56575292
57095455,Bicimoto eléctrica nueva en su caja,1550.0,USD,La Habana,Habana Vieja,"marca, tipo_bateria, autonomia_km","faltan campos obligatorios: marca, tipo_bateria, autonomia_km",faltan_campos,https://www.revolico.com/search?q=bicimoto+electrica&page=3,https://www.revolico.com/item/bicimoto-electrica-nueva-en-su-caja-57095455
57653634,Bicimoto eléctrica rali ERA23,1400.0,USD,La Habana,Plaza,"marca, tipo_bateria, autonomia_km","faltan campos obligatorios: marca, tipo_bateria, autonomia_km",faltan_campos,https://www.revolico.com/search?q=bicimoto&page=5,https://www.revolico.com/item/bicimoto-electrica-rali-era23-57653634
56302556,Bicimoto eléctrica sin baterías,400.0,USD,La Habana,Cerro,"marca, tipo_bateria, autonomia_km","faltan campos obligatorios: marca, tipo_bateria, autonomia_km",faltan_campos,https://www.revolico.com/search?q=bicimoto+electrica&page=4,https://www.revolico.com/item/bicimoto-electrica-sin-baterias-56302556
56707925,Bicimoto eléctrica sólo 450,450.0,USD,La Habana,Plaza,"marca, tipo_bateria, autonomia_km","faltan campos obligatorios: marca, tipo_bateria, autonomia_km",faltan_campos,https://www.revolico.com/search?q=bicimoto+electrica&page=3,https://www.revolico.com/item/bicimoto-electrica-solo-530-durante-las-proximas-2-semanas-56707925
55426919,Bicimoto eléctrica tipo patineta,650.0,USD,La Habana,Playa,"marca, tipo_bateria, autonomia_km","faltan campos obligatorios: marca, tipo_bateria, autonomia_km",faltan_campos,https://www.revolico.com/search?q=bicimoto+electrica&page=4,https://www.revolico.com/item/bicimoto-electrica-tipo-patineta-55426919
57608610,Bicimoto eléctrica topmag de 72v con 35,1.0,USD,La Habana,Centro Habana,"marca, tipo_bateria, autonomia_km","faltan campos obligatorios: marca, tipo_bateria, autonomia_km",faltan_campos,https://www.revolico.com/search?q=bicimoto&page=6,https://www.revolico.com/item/bicimoto-electrica-topmag-de-72v-con-35-57608610
57322997,Bicimoto eléctrica topmag de 72v con 35 amp,1.0,USD,La Habana,Centro Habana,"marca, tipo_bateria, autonomia_km","faltan campos obligatorios: marca, tipo_bateria, autonomia_km",faltan_campos,https://www.revolico.com/search?q=bicimoto+electrica&page=2,https://www.revolico.com/item/bicimoto-electrica-topmag-de-72v-con-35-amp-57322997
57566115,Bicimoto eléctrica topmag y yoazaki,1.0,USD,La Habana,Plaza,"marca, tipo_bateria, autonomia_km","faltan campos obligatorios: marca, tipo_bateria, autonomia_km",faltan_campos,https://www.revolico.com/search?q=bicimoto&page=8,https://www.revolico.com/item/bicimoto-electrica-topmag-y-yoazaki-57566115
57210306,Bicimoto eléctrica viene con sus accesorios,550.0,USD,La Habana,Centro Habana,"marca, tipo_bateria, autonomia_km","faltan campos obligatorios: marca, tipo_bateria, autonomia_km",faltan_campos,https://www.revolico.com/search?q=bicimoto+electrica&page=2,https://www.revolico.com/item/bicimoto-electrica-viene-con-sus-accesorios-57210306
57428604,Bicimoto eléctrica!!,1600.0,USD,La Habana,La Lisa,"marca, tipo_bateria, autonomia_km","faltan campos obligatorios: marca, tipo_bateria, autonomia_km",faltan_campos,https://www.revolico.com/search?q=bicimoto&page=10,https://www.revolico.com/item/bicimoto-electrica-57428604
57515358,"Bicimoto eléctrica,48 V x 20 Amp",800.0,USD,La Habana,Cerro,"marca, tipo_bateria, autonomia_km","faltan campos obligatorios: marca, tipo_bateria, autonomia_km",faltan_campos,https://www.revolico.com/search?q=bicimoto&page=9,https://www.revolico.com/item/bicimoto-electrica48-v-x-20-amp-57515358
56887867,Bicimoto eléctrica. Nueva en su caja,1250.0,USD,La Habana,Arroyo Naranjo,"marca, tipo_bateria, autonomia_km","faltan campos obligatorios: marca, tipo_bateria, autonomia_km",faltan_campos,https://www.revolico.com/search?q=bicimoto+electrica&page=3,https://www.revolico.com/item/bicimoto-electrica-nueva-en-su-caja-56887867
57539700,Bicimoto eléctrico,1500.0,USD,La Habana,Arroyo Naranjo,"marca, tipo_bateria, autonomia_km","faltan campos obligatorios: marca, tipo_bateria, autonomia_km",faltan_campos,https://www.revolico.com/search?q=bicimoto&page=8,https://www.revolico.com/item/triciclo-electrico-57539700
57583046,Bicimoto en Villa clara,2200.0,USD,Villa Clara,Santa Clara,"marca, tipo_bateria, autonomia_km","faltan campos obligatorios: marca, tipo_bateria, autonomia_km",faltan_campos,https://www.revolico.com/search?q=bicimoto&page=7,https://www.revolico.com/item/bicimoto-en-villa-clara-57583046
57505564,Bicimoto en rebaja,680.0,USD,La Habana,Guanabacoa,"marca, tipo_bateria, autonomia_km","faltan campos obligatorios: marca, tipo_bateria, autonomia_km",faltan_campos,https://www.revolico.com/search?q=bicimoto&page=9,https://www.revolico.com/item/bicimoto-en-rebaja-57505564
57149701,Bicimoto en santa clara villa clara,2100.0,USD,Villa Clara,Santa Clara,"marca, tipo_bateria, autonomia_km","faltan campos obligatorios: marca, tipo_bateria, autonomia_km",faltan_campos,https://www.revolico.com/search?q=bicimoto+electrica&page=6,https://www.revolico.com/item/bicimoto-en-santa-clara-villa-clara-57149701
57504170,Bicimoto en venta,1200.0,USD,La Habana,Arroyo Naranjo,"marca, tipo_bateria, autonomia_km","faltan campos obligatorios: marca, tipo_bateria, autonomia_km",faltan_campos,https://www.revolico.com/search?q=bicimoto&page=9,https://www.revolico.com/item/bicimoto-en-venta-57504170
57499498,Bicimoto evolución,1900.0,USD,La Habana,San Miguel del Padrón,"marca, tipo_bateria, autonomia_km","faltan campos obligatorios: marca, tipo_bateria, autonomia_km",faltan_campos,https://www.revolico.com/search?q=bicimoto&page=9,https://www.revolico.com/item/bicimoto-evolucion-57499498
57570888,Bicimoto fenix,1450.0,USD,La Habana,Centro Habana,"marca, tipo_bateria, autonomia_km","faltan campos obligatorios: marca, tipo_bateria, autonomia_km",faltan_campos,https://www.revolico.com/search?q=bicimoto&page=7,https://www.revolico.com/item/bicimoto-fenix-57570888
57435444,Bicimoto fenix nueva a estrenar,1350.0,USD,La Habana,Marianao,"marca, tipo_bateria, autonomia_km","faltan campos obligatorios: marca, tipo_bateria, autonomia_km",faltan_campos,https://www.revolico.com/search?q=bicimoto&page=10,https://www.revolico.com/item/bicimoto-fenix-nueva-a-estrenar-57435444
57642640,Bicimoto govelix,2010.0,USD,Las Tunas,Las Tunas,"marca, tipo_bateria, autonomia_km","faltan campos obligatorios: marca, tipo_bateria, autonomia_km",faltan_campos,https://www.revolico.com/search?q=bicimoto&page=5,https://www.revolico.com/item/bicimoto-govelix-57642640
57665348,Bicimoto maf,1150.0,USD,La Habana,Cerro,"marca, tipo_bateria, autonomia_km","faltan campos obligatorios: marca, tipo_bateria, autonomia_km",faltan_campos,https://www.revolico.com/search?q=bicimoto&page=4,https://www.revolico.com/item/bicimoto-maf-57665348
57570732,Bicimoto maf,740.0,USD,La Habana,San Miguel del Padrón,"marca, tipo_bateria, autonomia_km","faltan campos obligatorios: marca, tipo_bateria, autonomia_km",faltan_campos,https://www.revolico.com/search?q=bicimoto&page=7,https://www.revolico.com/item/bicimoto-maf-57570732
57526429,Bicimoto maf,790.0,USD,La Habana,Diez de Octubre,"marca, tipo_bateria, autonomia_km","faltan campos obligatorios: marca, tipo_bateria, autonomia_km",faltan_campos,https://www.revolico.com/search?q=bicimoto&page=9,https://www.revolico.com/item/bicimoto-maf-57526429
57558685,Bicimoto mishosuki Ultra,1980.0,USD,La Habana,Marianao,"marca, tipo_bateria, autonomia_km","faltan campos obligatorios: marca, tipo_bateria, autonomia_km",faltan_campos,https://www.revolico.com/search?q=bicimoto&page=8,https://www.revolico.com/item/bicimoto-mishosuki-ultra-57558685
57641886,Bicimoto mishozuki grillo ultra,1920.0,USD,La Habana,Arroyo Naranjo,"marca, tipo_bateria, autonomia_km","faltan campos obligatorios: marca, tipo_bateria, autonomia_km",faltan_campos,https://www.revolico.com/search?q=bicimoto&page=5,https://www.revolico.com/item/bicimoto-mishozuki-grillo-ultra-57641886
57467936,Bicimoto mishozuki grillo ultra,1980.0,USD,La Habana,Habana Vieja,"marca, tipo_bateria, autonomia_km","faltan campos obligatorios: marca, tipo_bateria, autonomia_km",faltan_campos,https://www.revolico.com/search?q=bicimoto&page=10,https://www.revolico.com/item/bicimoto-mishozuki-grillo-ultra-57467936
57550338,Bicimoto mishozuki ultra pro,2000.0,USD,La Habana,Plaza,"marca, tipo_bateria, autonomia_km","faltan campos obligatorios: marca, tipo_bateria, autonomia_km",faltan_campos,https://www.revolico.com/search?q=bicimoto&page=8,https://www.revolico.com/item/bicimoto-mishozuki-ultra-pro-57550338
57671314,Bicimoto mishozuki 🔥💥,1920.0,USD,La Habana,Playa,"marca, tipo_bateria, autonomia_km","faltan campos obligatorios: marca, tipo_bateria, autonomia_km",faltan_campos,https://www.revolico.com/search?q=bicimoto&page=4,https://www.revolico.com/item/bicimoto-mishozuki-57671314
57618240,Bicimoto motain de 48v 50amp,1800.0,USD,La Habana,Boyeros,"marca, tipo_bateria, autonomia_km","faltan campos obligatorios: marca, tipo_bateria, autonomia_km",faltan_campos,https://www.revolico.com/search?q=bicimoto&page=6,https://www.revolico.com/item/bicimoto-motain-de-48v-50amp-57618240
57597188,Bicimoto mz cocuyo 48v/40ah 2000w,1650.0,USD,La Habana,Centro Habana,"marca, tipo_bateria, autonomia_km","faltan campos obligatorios: marca, tipo_bateria, autonomia_km",faltan_campos,https://www.revolico.com/search?q=bicimoto&page=6,https://www.revolico.com/item/bicimoto-mz-cocuyo-48v40ah-2000w-57597188
57620934,Bicimoto nueva,1.0,USD,La Habana,Playa,"marca, tipo_bateria, autonomia_km","faltan campos obligatorios: marca, tipo_bateria, autonomia_km",faltan_campos,https://www.revolico.com/search?q=bicimoto&page=6,https://www.revolico.com/item/bicimoto-nueva-57620934
57447668,Bicimoto nueva 0km,600.0,USD,La Habana,La Lisa,"marca, tipo_bateria, autonomia_km","faltan campos obligatorios: marca, tipo_bateria, autonomia_km",faltan_campos,https://www.revolico.com/search?q=bicimoto&page=10,https://www.revolico.com/item/bicimoto-nueva-0km-57447668
57445620,Bicimoto nueva acabada de llegar,700.0,USD,La Habana,Cotorro,"marca, tipo_bateria, autonomia_km","faltan campos obligatorios: marca, tipo_bateria, autonomia_km",faltan_campos,https://www.revolico.com/search?q=bicimoto&page=10,https://www.revolico.com/item/bicimoto-nueva-acabada-de-llegar-57445620
57525469,Bicimoto nuevas en su guacal. Se te arman gratis,1900.0,USD,La Habana,Diez de Octubre,"marca, tipo_bateria, autonomia_km","faltan campos obligatorios: marca, tipo_bateria, autonomia_km",faltan_campos,https://www.revolico.com/search?q=bicimoto&page=9,https://www.revolico.com/item/bicimoto-nuevas-en-su-guacal-se-te-arman-gratis-57525469
57480386,Bicimoto nuevo,490.0,USD,La Habana,Habana del Este,"marca, tipo_bateria, autonomia_km","faltan campos obligatorios: marca, tipo_bateria, autonomia_km",faltan_campos,https://www.revolico.com/search?q=bicimoto&page=9,https://www.revolico.com/item/bicimoto-nuevo-57480386
57301906,Bicimoto rali ERA23 500w,1400.0,USD,La Habana,Plaza,"marca, tipo_bateria, autonomia_km","faltan campos obligatorios: marca, tipo_bateria, autonomia_km",faltan_campos,https://www.revolico.com/search?q=bicimoto+electrica&page=6,https://www.revolico.com/item/bicimoto-rali-era23-500w-57301906
57550635,Bicimoto super fast,1500.0,USD,La Habana,Playa,"marca, tipo_bateria, autonomia_km","faltan campos obligatorios: marca, tipo_bateria, autonomia_km",faltan_campos,https://www.revolico.com/search?q=bicimoto&page=8,https://www.revolico.com/item/bicimoto-super-fast-57550635
57657988,Bicimoto topmac evolution 3000 w,1950.0,USD,Pinar del Río,Pinar del Río,"marca, tipo_bateria, autonomia_km","faltan campos obligatorios: marca, tipo_bateria, autonomia_km",faltan_campos,https://www.revolico.com/search?q=bicimoto&page=5,https://www.revolico.com/item/bicimoto-topmac-evolution-3000-w-57657988
57606997,Bicimoto topman,1.0,USD,La Habana,Cotorro,"marca, tipo_bateria, autonomia_km","faltan campos obligatorios: marca, tipo_bateria, autonomia_km",faltan_campos,https://www.revolico.com/search?q=bicimoto&page=6,https://www.revolico.com/item/bicimoto-topman-57606997
57505678,Bicimoto topman,450.0,USD,La Habana,Diez de Octubre,"marca, tipo_bateria, autonomia_km","faltan campos obligatorios: marca, tipo_bateria, autonomia_km",faltan_campos,https://www.revolico.com/search?q=bicimoto&page=9,https://www.revolico.com/item/bicimoto-topman-57505678
57474775,Bicimoto topomaq pcfg,2100.0,USD,Cienfuegos,Cienfuegos,"marca, tipo_bateria, autonomia_km","faltan campos obligatorios: marca, tipo_bateria, autonomia_km",faltan_campos,https://www.revolico.com/search?q=bicimoto&page=10,https://www.revolico.com/item/bicimoto-topomaq-pcfg-57474775
57510138,Bicimoto unizuki,1600.0,USD,La Habana,Marianao,"marca, tipo_bateria, autonomia_km","faltan campos obligatorios: marca, tipo_bateria, autonomia_km",faltan_campos,https://www.revolico.com/search?q=bicimoto&page=9,https://www.revolico.com/item/bicimoto-unizuki-57510138
57658521,Bicimoto voltride,1600.0,USD,La Habana,Diez de Octubre,"marca, tipo_bateria, autonomia_km","faltan campos obligatorios: marca, tipo_bateria, autonomia_km",faltan_campos,https://www.revolico.com/search?q=bicimoto&page=5,https://www.revolico.com/item/bicimoto-voltride-57658521
57508607,Bicimoto voltride,1600.0,USD,La Habana,Diez de Octubre,"marca, tipo_bateria, autonomia_km","faltan campos obligatorios: marca, tipo_bateria, autonomia_km",faltan_campos,https://www.revolico.com/search?q=bicimoto&page=9,https://www.revolico.com/item/bicimoto-voltride-57508607
57434681,Bicimoto x - RYDER,1580.0,USD,La Habana,Centro Habana,"marca, tipo_bateria, autonomia_km","faltan campos obligatorios: marca, tipo_bateria, autonomia_km",faltan_campos,https://www.revolico.com/search?q=bicimoto&page=10,https://www.revolico.com/item/bicimoto-x-ryder-57434681
57680996,Bicimoto y bicicletas disponibles ‼️,1190.0,USD,La Habana,Plaza,"marca, tipo_bateria, autonomia_km","faltan campos obligatorios: marca, tipo_bateria, autonomia_km",faltan_campos,https://www.revolico.com/search?q=bicimoto&page=4,https://www.revolico.com/item/bicimoto-y-bicicletas-disponibles-57680996
57468580,Bicimoto y motos 0km habana,11111.0,USD,La Habana,Habana del Este,"marca, tipo_bateria, autonomia_km","faltan campos obligatorios: marca, tipo_bateria, autonomia_km",faltan_campos,https://www.revolico.com/search?q=bicimoto&page=10,https://www.revolico.com/item/bicimoto-y-motos-0km-habana-57468580
57447724,Bicimoto yoasaky 707,1650.0,USD,La Habana,Cotorro,"marca, tipo_bateria, autonomia_km","faltan campos obligatorios: marca, tipo_bateria, autonomia_km",faltan_campos,https://www.revolico.com/search?q=bicimoto&page=10,https://www.revolico.com/item/bicimoto-yoasaky-707-57447724
57550544,Bicimoto yoazaki,1550.0,USD,La Habana,Playa,"marca, tipo_bateria, autonomia_km","faltan campos obligatorios: marca, tipo_bateria, autonomia_km",faltan_campos,https://www.revolico.com/search?q=bicimoto&page=8,https://www.revolico.com/item/bicimoto-yoazaki-57550544
57628074,Bicimoto yoazaki 707 modelo 2026,1580.0,USD,La Habana,Cerro,"marca, tipo_bateria, autonomia_km","faltan campos obligatorios: marca, tipo_bateria, autonomia_km",faltan_campos,https://www.revolico.com/search?q=bicimoto&page=6,https://www.revolico.com/item/bicimoto-yoazaki-707-modelo-2026-57628074
57576786,Bicimoto yoazaki pcfg,1800.0,USD,Cienfuegos,Cienfuegos,"marca, tipo_bateria, autonomia_km","faltan campos obligatorios: marca, tipo_bateria, autonomia_km",faltan_campos,https://www.revolico.com/search?q=bicimoto&page=7,https://www.revolico.com/item/bicimoto-yoazaki-pcfg-57576786
57677143,Bicimoto 𝐄𝐋É𝐂𝐓𝐑𝐈𝐂𝐀 MAF 720usd,720.0,USD,La Habana,Centro Habana,"marca, tipo_bateria, autonomia_km","faltan campos obligatorios: marca, tipo_bateria, autonomia_km",faltan_campos,https://www.revolico.com/search?q=bicimoto&page=4,https://www.revolico.com/item/bicimoto-electrica-maf-720usd-57677143
57680194,Bicimoto 💯,690.0,USD,La Habana,Cotorro,"marca, tipo_bateria, autonomia_km","faltan campos obligatorios: marca, tipo_bateria, autonomia_km",faltan_campos,https://www.revolico.com/search?q=bicimoto&page=4,https://www.revolico.com/item/bicimoto-57680194
57481643,Bicimoto 🔥🏍️,1620.0,USD,La Habana,Playa,"marca, tipo_bateria, autonomia_km","faltan campos obligatorios: marca, tipo_bateria, autonomia_km",faltan_campos,https://www.revolico.com/search?q=bicimoto&page=9,https://www.revolico.com/item/bicimoto-57481643
57046459,Bicimoto 🛵⚡ ¡LAZER MASTERSONIC 0KM – MOVILIDAD INTELIGENTE Y LIBERTAD TOTAL! ⚡🛵,730.0,USD,La Habana,Boyeros,"marca, tipo_bateria, autonomia_km","faltan campos obligatorios: marca, tipo_bateria, autonomia_km",faltan_campos,https://www.revolico.com/search?q=bicimoto+electrica&page=6,https://www.revolico.com/item/bicimoto-lazer-mastersonic-0km-movilidad-inteligente-y-libertad-total-57046459
56629576,Bicimoto(bicicleta eléctrica?Nuevas 0 km batería de 48vx15.6ah,950.0,USD,La Habana,Habana del Este,"marca, tipo_bateria, autonomia_km","faltan campos obligatorios: marca, tipo_bateria, autonomia_km",faltan_campos,https://www.revolico.com/search?q=bicimoto+electrica&page=5,https://www.revolico.com/item/bicimotobicicleta-electricanuevas-0-km-bateria-de-48vx156ah-56629576
56985337,"Bicimoto, bicicleta eléctrica",800.0,USD,La Habana,San Miguel del Padrón,"marca, tipo_bateria, autonomia_km","faltan campos obligatorios: marca, tipo_bateria, autonomia_km",faltan_campos,https://www.revolico.com/search?q=bicimoto+electrica&page=5,https://www.revolico.com/item/bicimoto-bicicleta-electrica-56985337
57661527,Bicimoto-YOAZAKi,1500.0,USD,La Habana,Marianao,"marca, tipo_bateria, autonomia_km","faltan campos obligatorios: marca, tipo_bateria, autonomia_km",faltan_campos,https://www.revolico.com/search?q=bicimoto&page=5,https://www.revolico.com/item/bicimoto-yoazaki-57661527
57149925,Bicimoto/bicicleta eléctrica,520.0,USD,La Habana,Plaza,"marca, tipo_bateria, autonomia_km","faltan campos obligatorios: marca, tipo_bateria, autonomia_km",faltan_campos,https://www.revolico.com/search?q=bicimoto+electrica&page=5,https://www.revolico.com/item/bicimotobicicleta-electrica-57149925
56029621,Bicleta eléctrica nueva,1000.0,USD,La Habana,Habana del Este,"marca, tipo_bateria, autonomia_km","faltan campos obligatorios: marca, tipo_bateria, autonomia_km",faltan_campos,https://www.revolico.com/search?q=e-bike&page=4,https://www.revolico.com/item/bicleta-electrica-nueva-56029621
55941727,CASCO INTELIGENTE LUMOS ULTRA E-BIKE (NUEVO)*Profesional*,120.0,USD,La Habana,Diez de Octubre,"marca, tipo_bateria, autonomia_km","faltan campos obligatorios: marca, tipo_bateria, autonomia_km",faltan_campos,https://www.revolico.com/search?q=e-bike&page=2,https://www.revolico.com/item/casco-inteligente-lumos-ultra-e-bike-nuevo-55941727
56576463,CITY E-BIKE T5 PLEGABLE,550.0,USD,La Habana,San Miguel del Padrón,"marca, tipo_bateria, autonomia_km","faltan campos obligatorios: marca, tipo_bateria, autonomia_km",faltan_campos,https://www.revolico.com/search?q=e-bike&page=1,https://www.revolico.com/item/city-e-bike-t5-plegable-56576463
50955290,"Cargador Bicimoto y Moto electrica, Capa doble Forro, Inflador compresor Neumáticos portatil, GPS Tracker con alarma",40.0,USD,La Habana,Playa,"marca, tipo_bateria, autonomia_km","faltan campos obligatorios: marca, tipo_bateria, autonomia_km",faltan_campos,https://www.revolico.com/search?q=bicimoto+electrica&page=6,https://www.revolico.com/item/capa-para-moto-bicimoto-y-bicicleta-en-la-ceguera-transportacion-en-caso-de-ser-necesario-50955290
50285677,Cargador de bicimoto eléctrica 36V x 3A,45.0,USD,La Habana,Playa,"marca, tipo_bateria, autonomia_km","faltan campos obligatorios: marca, tipo_bateria, autonomia_km",faltan_campos,https://www.revolico.com/search?q=bicimoto+electrica&page=5,https://www.revolico.com/item/cargador-de-bicimoto-electrica-36-volt-por-3-amperes-50285677
54405936,Cargador moto electrica bicimoto 36Vx3A,45.0,USD,La Habana,Playa,"marca, tipo_bateria, autonomia_km","faltan campos obligatorios: marca, tipo_bateria, autonomia_km",faltan_campos,https://www.revolico.com/search?q=bicimoto+electrica&page=5,https://www.revolico.com/item/cargador-moto-electrica-bicimoto-36vx3a-54405936
54703310,Cargadores 48v 5A para moto electrica y bicimoto,55.0,USD,La Habana,Regla,"marca, tipo_bateria, autonomia_km","faltan campos obligatorios: marca, tipo_bateria, autonomia_km",faltan_campos,https://www.revolico.com/search?q=bicimoto+electrica&page=6,https://www.revolico.com/item/cargadores-72v-5a-y-48v-5a-para-moto-electrica-y-bicimoto-54703310
57357910,Carriola Eléctrica y Bicimoto al 💯 %,250.0,USD,La Habana,Arroyo Naranjo,"marca, tipo_bateria, autonomia_km","faltan campos obligatorios: marca, tipo_bateria, autonomia_km",faltan_campos,https://www.revolico.com/search?q=bicimoto+electrica&page=5,https://www.revolico.com/item/carriola-electrica-y-bicimoto-al-57357910
56006316,Casco de Bicicleta para Niños45usd ☎️53312267,45.0,USD,La Habana,Diez de Octubre,"marca, tipo_bateria, autonomia_km","faltan campos obligatorios: marca, tipo_bateria, autonomia_km",faltan_campos,https://www.revolico.com/search?q=e-bike&page=3,https://www.revolico.com/item/casco-de-bicicleta-para-ninos45usd-53312267-56006316
57407802,"Claro. Para una **sport bike eléctrica**, te recomiendo: **⚡🚲 Sport Bike Eléctrica – Moderna, Potente y en Excelente",590.0,USD,La Habana,Habana Vieja,"marca, tipo_bateria, autonomia_km","faltan campos obligatorios: marca, tipo_bateria, autonomia_km",faltan_campos,https://www.revolico.com/search?q=e-bike&page=3,https://www.revolico.com/item/claro-para-una-sport-bike-electrica-te-recomiendo-sport-bike-electrica-moderna-potente-y-en-excelente-57407802
56981417,Cyrusher Air shock Electric EBike Mountain All Terrain 52V 20Ah E-Bike Ranger2.0,450.0,USD,La Habana,Playa,"marca, tipo_bateria, autonomia_km","faltan campos obligatorios: marca, tipo_bateria, autonomia_km",faltan_campos,https://www.revolico.com/search?q=e-bike&page=3,https://www.revolico.com/item/cyrusher-air-shock-electric-ebike-mountain-all-terrain-52v-20ah-e-bike-ranger20-56981417
57038126,"Cyrusher Kommoda3.0 Electric Bike 48V20Ah 20"" Fat-Tire Mountain City Adult Ebike",500.0,USD,La Habana,Playa,"marca, tipo_bateria, autonomia_km","faltan campos obligatorios: marca, tipo_bateria, autonomia_km",faltan_campos,https://www.revolico.com/search?q=e-bike&page=1,https://www.revolico.com/item/cyrusher-kommoda30-electric-bike-48v20ah-20-fat-tire-mountain-city-adult-ebike-57038126
57561529,"Cyrusher KommodaPro 52V 20Ah Open Frame 20"" Urban Full Suspension EBike",1675.0,USD,Santiago de Cuba,Santiago de Cuba,"marca, tipo_bateria, autonomia_km","faltan campos obligatorios: marca, tipo_bateria, autonomia_km",faltan_campos,https://www.revolico.com/search?q=e-bike&page=4,https://www.revolico.com/item/cyrusher-kommodapro-52v-20ah-open-frame-20-urban-full-suspension-ebike-57561529
57645985,E Bike Sport,550.0,USD,La Habana,Centro Habana,"marca, tipo_bateria, autonomia_km","faltan campos obligatorios: marca, tipo_bateria, autonomia_km",faltan_campos,https://www.revolico.com/search?q=e-bike&page=1,https://www.revolico.com/item/e-bike-sport-57645985
57625038,E Bike Sport,510.0,USD,La Habana,Centro Habana,"marca, tipo_bateria, autonomia_km","faltan campos obligatorios: marca, tipo_bateria, autonomia_km",faltan_campos,https://www.revolico.com/search?q=e-bike&page=1,https://www.revolico.com/item/e-bike-sport-57625038
57581705,E Bike Sport,550.0,USD,La Habana,Cerro,"marca, tipo_bateria, autonomia_km","faltan campos obligatorios: marca, tipo_bateria, autonomia_km",faltan_campos,https://www.revolico.com/search?q=e-bike&page=1,https://www.revolico.com/item/e-bike-sport-57581705
57488723,E Bike Sport Bicicleta Electrica,550.0,USD,La Habana,Habana del Este,"marca, tipo_bateria, autonomia_km","faltan campos obligatorios: marca, tipo_bateria, autonomia_km",faltan_campos,https://www.revolico.com/search?q=e-bike&page=1,https://www.revolico.com/item/e-bike-sport-bicicleta-electrica-57488723
57042960,E- bike! Nuevaa!,950.0,USD,La Habana,Centro Habana,"marca, tipo_bateria, autonomia_km","faltan campos obligatorios: marca, tipo_bateria, autonomia_km",faltan_campos,https://www.revolico.com/search?q=e-bike&page=1,https://www.revolico.com/item/e-biki-nuevaa-57042960
56422239,E-BIKE VOLTVOGUE Bicicleta eléctrica,1500.0,USD,Santiago de Cuba,Santiago de Cuba,"marca, tipo_bateria, autonomia_km","faltan campos obligatorios: marca, tipo_bateria, autonomia_km",faltan_campos,https://www.revolico.com/search?q=e-bike&page=1,https://www.revolico.com/item/e-bike-voltvogue-bicicleta-electrica-56422239
56536154,E-bike,1480.0,USD,La Habana,Habana del Este,"marca, tipo_bateria, autonomia_km","faltan campos obligatorios: marca, tipo_bateria, autonomia_km",faltan_campos,https://www.revolico.com/search?q=e-bike&page=1,https://www.revolico.com/item/e-bike-56536154
57568470,En venta E-BIKE,950.0,USD,La Habana,Centro Habana,"marca, tipo_bateria, autonomia_km","faltan campos obligatorios: marca, tipo_bateria, autonomia_km",faltan_campos,https://www.revolico.com/search?q=e-bike&page=1,https://www.revolico.com/item/en-venta-e-bike-57568470
57595450,"Estacion de energía Solar, Inversores, Baterias, Ventilador recargable, bicicletas eléctricas y mucho más...",650.0,USD,La Habana,Cerro,"marca, tipo_bateria, autonomia_km","faltan campos obligatorios: marca, tipo_bateria, autonomia_km",faltan_campos,https://www.revolico.com/search?q=bicicleta+electrica&page=1,https://www.revolico.com/item/estacion-de-energia-solar-inversores-baterias-ventilador-recargable-bicicletas-electricas-y-mucho-mas-57595450
56982047,"Fafrees 20"" Electric Tricycle 250W 21AH Cargo E-Trike 3 Wheel City E-Bike 25km/h",380.0,USD,La Habana,Playa,"marca, tipo_bateria, autonomia_km","faltan campos obligatorios: marca, tipo_bateria, autonomia_km",faltan_campos,https://www.revolico.com/search?q=e-bike&page=3,https://www.revolico.com/item/fafrees-20-electric-tricycle-250w-21ah-cargo-e-trike-3-wheel-city-e-bike-25kmh-56982047
56981592,"Fafrees E-Bike 27.5"" Electric Bike 250W 36V Commuter Bicycle Mountain City",300.0,USD,La Habana,Playa,"marca, tipo_bateria, autonomia_km","faltan campos obligatorios: marca, tipo_bateria, autonomia_km",faltan_campos,https://www.revolico.com/search?q=e-bike&page=2,https://www.revolico.com/item/fafrees-e-bike-275-electric-bike-250w-36v-commuter-bicycle-mountain-city-56981592
56981888,Fafrees F20 Mate Folding Electric Tricycle 20in 48V Cargo E-Trike 3 Wheel E-Bike,850.0,USD,La Habana,Playa,"marca, tipo_bateria, autonomia_km","faltan campos obligatorios: marca, tipo_bateria, autonomia_km",faltan_campos,https://www.revolico.com/search?q=e-bike&page=3,https://www.revolico.com/item/fafrees-f20-mate-folding-electric-tricycle-20in-48v-cargo-e-trike-3-wheel-e-bike-56981888
56981290,"Freesky Electric bike (E-bike) Bike for Adults,Electric Bicycle",300.0,USD,La Habana,Playa,"marca, tipo_bateria, autonomia_km","faltan campos obligatorios: marca, tipo_bateria, autonomia_km",faltan_campos,https://www.revolico.com/search?q=e-bike&page=2,https://www.revolico.com/item/freesky-electric-bike-e-bike-bike-for-adultselectric-bicycle-56981290
57505588,Goma 130/60/13,62.0,USD,La Habana,Playa,"marca, tipo_bateria, autonomia_km","faltan campos obligatorios: marca, tipo_bateria, autonomia_km",faltan_campos,https://www.revolico.com/search?q=bici+electrica&page=3,https://www.revolico.com/item/goma-1306013-57505588
53610678,"Gran variedad de Gomas,camaras,accesorios y piezas de bicicleta",1.0,USD,La Habana,Cerro,"marca, tipo_bateria, autonomia_km","faltan campos obligatorios: marca, tipo_bateria, autonomia_km",faltan_campos,https://www.revolico.com/search?q=e-bike&page=3,https://www.revolico.com/item/gran-variedad-de-gomascamarasaccesorios-y-piezas-de-bicicleta-53610678
50590265,KITS DE ENERGÍA PARA SU HOGAR Y ESTACIONES DE ENERGÍA. TODO NUEVO EN CAJA Y MONTAJE INCLUÍDO... LLAME 55008593,1.0,USD,La Habana,Plaza,"marca, tipo_bateria, autonomia_km","faltan campos obligatorios: marca, tipo_bateria, autonomia_km",faltan_campos,https://www.revolico.com/search?q=bicicleta+electrica&page=1,https://www.revolico.com/item/estacion-anker-solix-c1000-bateria-lifepo4-1056wh-envio-gratis-en-toda-la-habana-55008593-50590265
56981670,"Kids Electric Bike Balance Bike 16"" 250W 3 Speed 5Ah Battery",180.0,USD,La Habana,Playa,"marca, tipo_bateria, autonomia_km","faltan campos obligatorios: marca, tipo_bateria, autonomia_km",faltan_campos,https://www.revolico.com/search?q=e-bike&page=2,https://www.revolico.com/item/kids-electric-bike-balance-bike-16-250w-3-speed-5ah-battery-56981670
56980866,Kudos Alamo Electric Bike Ebike Commuting Street Shimano Bafang Samsung,700.0,USD,La Habana,Playa,"marca, tipo_bateria, autonomia_km","faltan campos obligatorios: marca, tipo_bateria, autonomia_km",faltan_campos,https://www.revolico.com/search?q=e-bike&page=1,https://www.revolico.com/item/kudos-alamo-electric-bike-ebike-commuting-street-shimano-bafang-samsung-56980866
56898780,LO QUE NECESITAS,5.0,USD,La Habana,Playa,"marca, tipo_bateria, autonomia_km","faltan campos obligatorios: marca, tipo_bateria, autonomia_km",faltan_campos,https://www.revolico.com/search?q=e-bike&page=3,https://www.revolico.com/item/lo-que-necesitas-56898780
57024722,Las más pedidas Bici eléctrica Velocidad max:25mph/h Bateria:48v/15Ah Autonomía:45 millas Motor:750w Frenos:Disco Suspe,770.0,USD,La Habana,Centro Habana,"marca, tipo_bateria, autonomia_km","faltan campos obligatorios: marca, tipo_bateria, autonomia_km",faltan_campos,https://www.revolico.com/search?q=bici+electrica&page=1,https://www.revolico.com/item/las-mas-pedidas-bici-electrica-velocidad-max25mphh-bateria48v15ah-autonomia45-millas-motor750w-frenosdisco-suspe-57024722
57038195,Mens Mountain Bike 60V 35AH Electric Bike Full Suspension 19'' E-Bike Oil Brakes,900.0,USD,La Habana,Playa,"marca, tipo_bateria, autonomia_km","faltan campos obligatorios: marca, tipo_bateria, autonomia_km",faltan_campos,https://www.revolico.com/search?q=e-bike&page=3,https://www.revolico.com/item/mens-mountain-bike-60v-35ah-electric-bike-full-suspension-19-e-bike-oil-brakes-57038195
49291822,"Mi Habana en Bici .Mecanica Bicicletas Patinetas electricas ,trailer d cargaTrek Cannondale Giant Specialized",320.0,USD,La Habana,Cerro,"marca, tipo_bateria, autonomia_km","faltan campos obligatorios: marca, tipo_bateria, autonomia_km",faltan_campos,https://www.revolico.com/search?q=bici+electrica&page=2,https://www.revolico.com/item/reparamos-bicicletas-y-vendemos-piezas-de-calidad-visitanos-en-mi-habana-en-bici-o-latepedal-dale-alas-a-tu-bici-49291822
57642350,"Mini split recarrgable,lavadora automatoca de 7kg ,bicicleta electrica,estaciones de energía.",125.0,USD,La Habana,Plaza,"marca, tipo_bateria, autonomia_km","faltan campos obligatorios: marca, tipo_bateria, autonomia_km",faltan_campos,https://www.revolico.com/search?q=bici+electrica&page=3,https://www.revolico.com/item/mini-split-recarrgablelavadora-automatoca-de-7kg-bicicleta-electricaestaciones-de-energia-57642350
55618992,Moto bici eléctrica,1.0,USD,La Habana,Boyeros,"marca, tipo_bateria, autonomia_km","faltan campos obligatorios: marca, tipo_bateria, autonomia_km",faltan_campos,https://www.revolico.com/search?q=bici+electrica&page=1,https://www.revolico.com/item/moto-bici-electrica-55618992
56706424,Moto electrica . Bicimoto . Bicicleta electrica . Patineta,1750.0,USD,La Habana,La Lisa,"marca, tipo_bateria, autonomia_km","faltan campos obligatorios: marca, tipo_bateria, autonomia_km",faltan_campos,https://www.revolico.com/search?q=bicimoto+electrica&page=4,https://www.revolico.com/item/moto-electrica-56706424
56604314,"Moto electrica, bicimoto",1550.0,USD,La Habana,San Miguel del Padrón,"marca, tipo_bateria, autonomia_km","faltan campos obligatorios: marca, tipo_bateria, autonomia_km",faltan_campos,https://www.revolico.com/search?q=bicimoto+electrica&page=4,https://www.revolico.com/item/moto-electrica-bicimoto-56604314
56604313,"Moto electrica, bicimoto",1550.0,USD,La Habana,San Miguel del Padrón,"marca, tipo_bateria, autonomia_km","faltan campos obligatorios: marca, tipo_bateria, autonomia_km",faltan_campos,https://www.revolico.com/search?q=bicimoto+electrica&page=4,https://www.revolico.com/item/moto-electrica-bicimoto-56604313
56681496,Moto eléctrica 1000 W 60v bici moto sin pedales,600.0,USD,La Habana,San Miguel del Padrón,"marca, tipo_bateria, autonomia_km","faltan campos obligatorios: marca, tipo_bateria, autonomia_km",faltan_campos,https://www.revolico.com/search?q=bici+electrica&page=2,https://www.revolico.com/item/moto-electrica-1000-w-60v-56681496
56241233,"Moto, bici",1.0,USD,La Habana,Marianao,"marca, tipo_bateria, autonomia_km","faltan campos obligatorios: marca, tipo_bateria, autonomia_km",faltan_campos,https://www.revolico.com/search?q=bici+electrica&page=2,https://www.revolico.com/item/moto-bici-56241233
57485588,"Motorinas ,bici motos ,bicicleta electrica",1.0,USD,La Habana,Arroyo Naranjo,"marca, tipo_bateria, autonomia_km","faltan campos obligatorios: marca, tipo_bateria, autonomia_km",faltan_campos,https://www.revolico.com/search?q=bici+electrica&page=2,https://www.revolico.com/item/motorinas-bici-motos-bicicleta-electrica-57485588
57481420,Motorinas en santa clara villa clara,2000.0,USD,Villa Clara,Santa Clara,"marca, tipo_bateria, autonomia_km","faltan campos obligatorios: marca, tipo_bateria, autonomia_km",faltan_campos,https://www.revolico.com/search?q=bici+electrica&page=3,https://www.revolico.com/item/motorinas-en-santa-clara-villa-clara-57481420
57370402,Motos y bicimoto Eléctrica,1.0,USD,La Habana,Arroyo Naranjo,"marca, tipo_bateria, autonomia_km","faltan campos obligatorios: marca, tipo_bateria, autonomia_km",faltan_campos,https://www.revolico.com/search?q=bicimoto+electrica&page=5,https://www.revolico.com/item/motos-y-bicimoto-electrica-57370402
56981757,Mx-E 80R 800W 36V 12Ah Kids Electric Dirt Bike Scrambler Motor Bike - Black,400.0,USD,La Habana,Playa,"marca, tipo_bateria, autonomia_km","faltan campos obligatorios: marca, tipo_bateria, autonomia_km",faltan_campos,https://www.revolico.com/search?q=e-bike&page=3,https://www.revolico.com/item/mx-e-80r-800w-36v-12ah-kids-electric-dirt-bike-scrambler-motor-bike-black-56981757
57405344,"Myniao Bicicleta 26 7 Vel MTB Con Todos Los Accesorios, Bicicleta 26 MTB Myniao 7 Vel Acero Resistente .",170.0,USD,La Habana,Plaza,"marca, tipo_bateria, autonomia_km","faltan campos obligatorios: marca, tipo_bateria, autonomia_km",faltan_campos,https://www.revolico.com/search?q=e-bike&page=3,https://www.revolico.com/item/myniao-bicicleta-26-7-vel-mtb-con-todos-los-accesorios-bicicleta-26-mtb-myniao-7-vel-acero-resistente-57405344
57332606,"Myniao Bicicleta 26 7 Vel MTB V-Brake, Bicicleta 26 MTB Myniao 7 Cambios Todo Terreno .",170.0,USD,La Habana,Centro Habana,"marca, tipo_bateria, autonomia_km","faltan campos obligatorios: marca, tipo_bateria, autonomia_km",faltan_campos,https://www.revolico.com/search?q=e-bike&page=4,https://www.revolico.com/item/myniao-bicicleta-26-7-vel-mtb-v-brake-bicicleta-26-mtb-myniao-7-cambios-todo-terreno-57332606
57319590,"Myniao Bicicleta 26 MTB 7 Vel Protector Radios Trasero, Myniao Bicicleta 26 MTB 7 Velocidades Azul .",170.0,USD,La Habana,Plaza,"marca, tipo_bateria, autonomia_km","faltan campos obligatorios: marca, tipo_bateria, autonomia_km",faltan_campos,https://www.revolico.com/search?q=e-bike&page=4,https://www.revolico.com/item/myniao-bicicleta-26-mtb-7-vel-protector-radios-trasero-myniao-bicicleta-26-mtb-7-velocidades-azul-57319590
57426466,"Myniao Bicicleta 26 MTB 7 Vel Todo Terreno, Bicicleta Myniao 26 7 Vel MTB Acero Negro .",170.0,USD,La Habana,Centro Habana,"marca, tipo_bateria, autonomia_km","faltan campos obligatorios: marca, tipo_bateria, autonomia_km",faltan_campos,https://www.revolico.com/search?q=e-bike&page=5,https://www.revolico.com/item/myniao-bicicleta-26-mtb-7-vel-todo-terreno-bicicleta-myniao-26-7-vel-mtb-acero-negro-57426466
57367668,"Myniao MTB 26 Bicicleta Montaña 7 Cambios Azul, Bicicleta 26 MTB Myniao 7 Vel Acero Con Rines .",170.0,USD,La Habana,Centro Habana,"marca, tipo_bateria, autonomia_km","faltan campos obligatorios: marca, tipo_bateria, autonomia_km",faltan_campos,https://www.revolico.com/search?q=e-bike&page=3,https://www.revolico.com/item/myniao-mtb-26-bicicleta-montana-7-cambios-azul-bicicleta-26-mtb-myniao-7-vel-acero-con-rines-57367668
57301605,Nueva Bicimoto Eléctrica Kiwo,700.0,USD,La Habana,Playa,"marca, tipo_bateria, autonomia_km","faltan campos obligatorios: marca, tipo_bateria, autonomia_km",faltan_campos,https://www.revolico.com/search?q=bicimoto+electrica&page=4,https://www.revolico.com/item/nueva-bicimoto-electrica-kiwo-57301605
57439718,OFERTA BICI ELECTRICA,680.0,USD,La Habana,Marianao,"marca, tipo_bateria, autonomia_km","faltan campos obligatorios: marca, tipo_bateria, autonomia_km",faltan_campos,https://www.revolico.com/search?q=bici+electrica&page=1,https://www.revolico.com/item/oferta-bici-electrica-57439718
57041326,Pastilla de frenos para bici 🚲 de par de ruedas bucklos BRP-01,6.0,USD,La Habana,Plaza,"marca, tipo_bateria, autonomia_km","faltan campos obligatorios: marca, tipo_bateria, autonomia_km",faltan_campos,https://www.revolico.com/search?q=e-bike&page=4,https://www.revolico.com/item/pastilla-de-frenos-para-bici-de-par-de-ruedas-bucklos-brp-01-57041326
57537642,Pastillas de frenos de varios modelos de bicicleta electrica y todo terreno.,4.99,USD,La Habana,Cerro,"marca, tipo_bateria, autonomia_km","faltan campos obligatorios: marca, tipo_bateria, autonomia_km",faltan_campos,https://www.revolico.com/search?q=bici+electrica&page=3,https://www.revolico.com/item/pastillas-de-frenos-de-varios-modelos-de-bicicleta-electrica-y-normal-57537642
56659081,Patineta Prontenzza Bicicleta Electrica Bicimoto,990.0,USD,La Habana,Centro Habana,"marca, tipo_bateria, autonomia_km","faltan campos obligatorios: marca, tipo_bateria, autonomia_km",faltan_campos,https://www.revolico.com/search?q=bicimoto+electrica&page=5,https://www.revolico.com/item/patineta-prontenzza-bicicleta-electrica-bicimoto-56659081
56564207,Piezas de bicimoto eléctrica,370.0,USD,La Habana,Habana Vieja,"marca, tipo_bateria, autonomia_km","faltan campos obligatorios: marca, tipo_bateria, autonomia_km",faltan_campos,https://www.revolico.com/search?q=bicimoto+electrica&page=5,https://www.revolico.com/item/piezas-de-bicimoto-electrica-56564207
57010161,"Protector de voltaje, Extensión, Taladro, Tomacorriente, Breaker, Silicona, Fregadero, Candado, moto, casco, bicicleta",1.0,USD,La Habana,Centro Habana,"marca, tipo_bateria, autonomia_km","faltan campos obligatorios: marca, tipo_bateria, autonomia_km",faltan_campos,https://www.revolico.com/search?q=bicicleta+electrica&page=1,https://www.revolico.com/item/protector-de-voltaje-extension-taladro-tomacorriente-breaker-silicona-fregadero-llave-candado-57010161
56889455,SE VENDE BICI ELÉCTRICA PLEGABLE (48V) - IDEAL PARA RESOLVER,380.0,USD,La Habana,Centro Habana,"marca, tipo_bateria, autonomia_km","faltan campos obligatorios: marca, tipo_bateria, autonomia_km",faltan_campos,https://www.revolico.com/search?q=bici+electrica&page=1,https://www.revolico.com/item/se-vende-bici-electrica-plegable-48v-ideal-para-resolver-56889455
56987307,Scamp II Youth Bike Helmet – Casco de Bicicleta para Niños,39.0,USD,La Habana,Playa,"marca, tipo_bateria, autonomia_km","faltan campos obligatorios: marca, tipo_bateria, autonomia_km",faltan_campos,https://www.revolico.com/search?q=e-bike&page=1,https://www.revolico.com/item/scamp-ii-youth-bike-helmet-casco-de-bicicleta-para-ninos-56987307
55699495,Scamp II Youth Bike Helmet – Casco de Bicicleta para Niños,45.0,USD,La Habana,Habana Vieja,"marca, tipo_bateria, autonomia_km","faltan campos obligatorios: marca, tipo_bateria, autonomia_km",faltan_campos,https://www.revolico.com/search?q=e-bike&page=1,https://www.revolico.com/item/scamp-ii-youth-bike-helmet-casco-de-bicicleta-para-ninos-55699495
55988500,Scamp II Youth Bike Helmet – Casco de Bicicleta para Niños | Accesorios | Nuevo | Garantía 5 | videojuegoshabana.com,39.0,USD,La Habana,Habana Vieja,"marca, tipo_bateria, autonomia_km","faltan campos obligatorios: marca, tipo_bateria, autonomia_km",faltan_campos,https://www.revolico.com/search?q=e-bike&page=1,https://www.revolico.com/item/scamp-ii-youth-bike-helmet-casco-de-bicicleta-para-ninos-accesorios-nuevo-garantia-5-videojuegoshabanacom-55988500
57351661,Se Vende esta bici electrica cin menos de un mes de uso. Está totalmente nueva y con todos sus accesorios. Sin detalles.,450.0,USD,Mayabeque,Quivicán,"marca, tipo_bateria, autonomia_km","faltan campos obligatorios: marca, tipo_bateria, autonomia_km",faltan_campos,https://www.revolico.com/search?q=bici+electrica&page=1,https://www.revolico.com/item/se-vende-esta-bici-electrica-cin-menos-de-un-mes-de-uso-esta-totalmente-nueva-y-con-todos-sus-accesorios-sin-detalles-57351661
57351660,Se Vende esta bici electrica cin menos de un mes de uso. Está totalmente nueva y con todos sus accesorios. Sin detalles.,450.0,USD,Mayabeque,Quivicán,"marca, tipo_bateria, autonomia_km","faltan campos obligatorios: marca, tipo_bateria, autonomia_km",faltan_campos,https://www.revolico.com/search?q=bici+electrica&page=1,https://www.revolico.com/item/se-vende-esta-bici-electrica-cin-menos-de-un-mes-de-uso-esta-totalmente-nueva-y-con-todos-sus-accesorios-sin-detalles-57351660
57534260,Se vende,600.0,USD,La Habana,San Miguel del Padrón,"marca, tipo_bateria, autonomia_km","faltan campos obligatorios: marca, tipo_bateria, autonomia_km",faltan_campos,https://www.revolico.com/search?q=e-bike&page=3,https://www.revolico.com/item/se-vende-57534260
57678867,Se vende bici eléctrica,220.0,USD,La Habana,Boyeros,"marca, tipo_bateria, autonomia_km","faltan campos obligatorios: marca, tipo_bateria, autonomia_km",faltan_campos,https://www.revolico.com/search?q=bici+electrica&page=1,https://www.revolico.com/item/se-vende-bici-electrica-57678867
56560491,Se vende bicicleta Golden Cycles Vader Fixie Bike Nueva,150.0,USD,La Habana,Plaza,"marca, tipo_bateria, autonomia_km","faltan campos obligatorios: marca, tipo_bateria, autonomia_km",faltan_campos,https://www.revolico.com/search?q=e-bike&page=2,https://www.revolico.com/item/se-vende-bicicleta-golden-cycles-vader-fixie-bike-nueva-56560491
57106757,Se vende bicimoto electrica en 650 le falta la batería pero el resto funciona bien acepto propuestas a verdaderos nteres,650.0,USD,La Habana,Playa,"marca, tipo_bateria, autonomia_km","faltan campos obligatorios: marca, tipo_bateria, autonomia_km",faltan_campos,https://www.revolico.com/search?q=bicimoto+electrica&page=5,https://www.revolico.com/item/se-vende-bicimoto-electrica-en-650-le-falta-la-bateria-pero-el-resto-funciona-bien-acepto-propuestas-a-verdaderos-nteres-57106757
57106756,Se vende bicimoto electrica en 650 le falta la batería pero el resto funciona bien acepto propuestas a verdaderos nteres,650.0,USD,La Habana,Playa,"marca, tipo_bateria, autonomia_km","faltan campos obligatorios: marca, tipo_bateria, autonomia_km",faltan_campos,https://www.revolico.com/search?q=bicimoto+electrica&page=5,https://www.revolico.com/item/se-vende-bicimoto-electrica-en-650-le-falta-la-bateria-pero-el-resto-funciona-bien-acepto-propuestas-a-verdaderos-nteres-57106756
56989374,Se vende bicinmoto electrica nueva,1000.0,USD,La Habana,Diez de Octubre,"marca, tipo_bateria, autonomia_km","faltan campos obligatorios: marca, tipo_bateria, autonomia_km",faltan_campos,https://www.revolico.com/search?q=bici+electrica&page=2,https://www.revolico.com/item/se-vende-bicinmoto-electrica-nueva-56989374
56675033,Se vende esta Bicicleta eléctrica,480.0,USD,La Habana,Centro Habana,"marca, tipo_bateria, autonomia_km","faltan campos obligatorios: marca, tipo_bateria, autonomia_km",faltan_campos,https://www.revolico.com/search?q=bici+electrica&page=3,https://www.revolico.com/item/se-vende-esta-bicicleta-electrica-56675033
57256010,Surron light bee x sport bike,1200.0,USD,La Habana,Boyeros,"marca, tipo_bateria, autonomia_km","faltan campos obligatorios: marca, tipo_bateria, autonomia_km",faltan_campos,https://www.revolico.com/search?q=e-bike&page=2,https://www.revolico.com/item/surron-light-bee-x-sport-bike-57256010
57100658,T5 bici eléctrica,460.0,USD,La Habana,Boyeros,"marca, tipo_bateria, autonomia_km","faltan campos obligatorios: marca, tipo_bateria, autonomia_km",faltan_campos,https://www.revolico.com/search?q=bici+electrica&page=1,https://www.revolico.com/item/t5-bici-electrica-57100658
56788490,TENGO UNA BICIMOTO ELÉCTRICA NUEVA RECIÉN ARMADA X 750USD 54975155Wsp,750.0,USD,La Habana,Centro Habana,"marca, tipo_bateria, autonomia_km","faltan campos obligatorios: marca, tipo_bateria, autonomia_km",faltan_campos,https://www.revolico.com/search?q=bicimoto+electrica&page=5,https://www.revolico.com/item/tengo-una-bicimoto-electrica-nueva-recien-armada-x-750usd-54975155wsp-56788490
57580397,TRS On-e 20 Electric Kids Bike,1800.0,USD,La Habana,Playa,"marca, tipo_bateria, autonomia_km","faltan campos obligatorios: marca, tipo_bateria, autonomia_km",faltan_campos,https://www.revolico.com/search?q=e-bike&page=2,https://www.revolico.com/item/trs-on-e-20-electric-kids-bike-57580397
57580396,TRS On-e 20 Electric Kids Bike,1800.0,USD,La Habana,Playa,"marca, tipo_bateria, autonomia_km","faltan campos obligatorios: marca, tipo_bateria, autonomia_km",faltan_campos,https://www.revolico.com/search?q=e-bike&page=2,https://www.revolico.com/item/trs-on-e-20-electric-kids-bike-57580396
57622340,TU BICI ELÉCTRICA G29 DE 1000 Watts,1200.0,USD,La Habana,Habana del Este,"marca, tipo_bateria, autonomia_km","faltan campos obligatorios: marca, tipo_bateria, autonomia_km",faltan_campos,https://www.revolico.com/search?q=bici+electrica&page=1,https://www.revolico.com/item/tu-bici-electrica-g29-de-1000-watts-57622340
57580446,Talaria Komodo Electric Offroad Bike New In Stock At Craigs Motorcycles,2500.0,USD,La Habana,Playa,"marca, tipo_bateria, autonomia_km","faltan campos obligatorios: marca, tipo_bateria, autonomia_km",faltan_campos,https://www.revolico.com/search?q=e-bike&page=2,https://www.revolico.com/item/talaria-komodo-electric-offroad-bike-new-in-stock-at-craigs-motorcycles-57580446
56958863,"Televisores Plasma Habana hasta 58”, Ventiladores Cooldsky , Bicimoto Eléctrica",400.0,USD,La Habana,Cerro,"marca, tipo_bateria, autonomia_km","faltan campos obligatorios: marca, tipo_bateria, autonomia_km",faltan_campos,https://www.revolico.com/search?q=bicimoto+electrica&page=5,https://www.revolico.com/item/televisores-plasma-habana-hasta-58-ventiladores-cooldsky-bicimoto-electrica-56958863
56635811,Tenemos bici electricas,1050.0,USD,La Habana,Marianao,"marca, tipo_bateria, autonomia_km","faltan campos obligatorios: marca, tipo_bateria, autonomia_km",faltan_campos,https://www.revolico.com/search?q=bici+electrica&page=2,https://www.revolico.com/item/tenemos-bici-electricas-56635811
56705446,Tengo baterías de todo tipo y paneles solares portátil plegables,1.0,USD,La Habana,Cotorro,"marca, tipo_bateria, autonomia_km","faltan campos obligatorios: marca, tipo_bateria, autonomia_km",faltan_campos,https://www.revolico.com/search?q=bici+electrica&page=3,https://www.revolico.com/item/tengo-baterias-de-todo-tipo-y-paneles-solares-portatil-plegables-56705446
57246038,Tester De Diagnostico Para Bicimoto Electrica,30.0,USD,La Habana,Diez de Octubre,"marca, tipo_bateria, autonomia_km","faltan campos obligatorios: marca, tipo_bateria, autonomia_km",faltan_campos,https://www.revolico.com/search?q=bicimoto+electrica&page=5,https://www.revolico.com/item/tester-de-diagnostico-para-bicimoto-electrica-57246038
56589690,Tú linda bici pq saques a tu novia a pasear😘😘😘😘,900.0,USD,La Habana,Plaza,"marca, tipo_bateria, autonomia_km","faltan campos obligatorios: marca, tipo_bateria, autonomia_km",faltan_campos,https://www.revolico.com/search?q=bici+electrica&page=2,https://www.revolico.com/item/tu-linda-bici-pq-saques-a-tu-novia-a-pasear-56589690
57130616,UNIBIKE F1 PRO Bici Eléctrica UNIBIKE F1 PRO,880.0,USD,La Habana,Habana Vieja,"marca, tipo_bateria, autonomia_km","faltan campos obligatorios: marca, tipo_bateria, autonomia_km",faltan_campos,https://www.revolico.com/search?q=bici+electrica&page=1,https://www.revolico.com/item/unibike-f1-pro-bici-electrica-unibike-f1-pro-57130616
57116654,URLIFE E20 E-Bike 1000W 48V 13AH,700.0,USD,La Habana,Playa,"marca, tipo_bateria, autonomia_km","faltan campos obligatorios: marca, tipo_bateria, autonomia_km",faltan_campos,https://www.revolico.com/search?q=e-bike&page=1,https://www.revolico.com/item/urlife-e20-e-bike-1000w-48v-13ah-57116654
57570226,URLIFE Folding Electric Bike 250W 48V 7.5Ah 25km/h Black,495.0,USD,Las Tunas,Las Tunas,"marca, tipo_bateria, autonomia_km","faltan campos obligatorios: marca, tipo_bateria, autonomia_km",faltan_campos,https://www.revolico.com/search?q=e-bike&page=1,https://www.revolico.com/item/urlife-folding-electric-bike-250w-48v-75ah-25kmh-black-57570226
56632845,VENDO BICIMOTO/BICICLETA ELECTRICA BUCCATIS [EM],1050.0,USD,La Habana,Centro Habana,"marca, tipo_bateria, autonomia_km","faltan campos obligatorios: marca, tipo_bateria, autonomia_km",faltan_campos,https://www.revolico.com/search?q=bicimoto+electrica&page=5,https://www.revolico.com/item/vendo-bicimotobicicleta-electrica-buccatis-em-56632845
56632868,VENDO BICIMOTO/BICICLETA ELECTRICA INFINITY [EM],950.0,USD,La Habana,Centro Habana,"marca, tipo_bateria, autonomia_km","faltan campos obligatorios: marca, tipo_bateria, autonomia_km",faltan_campos,https://www.revolico.com/search?q=bicimoto+electrica&page=5,https://www.revolico.com/item/vendo-bicimotobicicleta-electrica-infinity-em-56632868
56632956,VENDO BICIMOTO/BICICLETA ELÉCTRICA MURASAKI [EM],950.0,USD,La Habana,Centro Habana,"marca, tipo_bateria, autonomia_km","faltan campos obligatorios: marca, tipo_bateria, autonomia_km",faltan_campos,https://www.revolico.com/search?q=bicimoto+electrica&page=5,https://www.revolico.com/item/vendo-bicimotobicicleta-electrica-murasaki-em-56632956
56030479,"VENTA D'GOMAS RING 10 DE EXELENTE CALIDAD® Wa.me/+5354260323 ESCRIBIRRR..... 🛵10 x 3.00 ❎ 10 x 3.50🛵 (Modelos An ,ve",30.0,USD,La Habana,Playa,"marca, tipo_bateria, autonomia_km","faltan campos obligatorios: marca, tipo_bateria, autonomia_km",faltan_campos,https://www.revolico.com/search?q=bici+electrica&page=3,https://www.revolico.com/item/venta-dgomas-ring-10-de-exelente-calidad-wame5354260323-escribirrr-10-x-300-10-x-350-modelos-an-ve-56030479
56964362,VENTA DE BICI ELÉCTRICA,650.0,USD,La Habana,Centro Habana,"marca, tipo_bateria, autonomia_km","faltan campos obligatorios: marca, tipo_bateria, autonomia_km",faltan_campos,https://www.revolico.com/search?q=bici+electrica&page=1,https://www.revolico.com/item/venta-de-bici-electrica-56964362
56489642,Vehículo Eléctrico Magic Bike,6300.0,USD,La Habana,Centro Habana,"marca, tipo_bateria, autonomia_km","faltan campos obligatorios: marca, tipo_bateria, autonomia_km",faltan_campos,https://www.revolico.com/search?q=e-bike&page=1,https://www.revolico.com/item/vehiculo-electrico-magic-bike-56489642
56924778,Vendo Bicimoto electrica,700.0,USD,La Habana,Plaza,"marca, tipo_bateria, autonomia_km","faltan campos obligatorios: marca, tipo_bateria, autonomia_km",faltan_campos,https://www.revolico.com/search?q=bicimoto+electrica&page=4,https://www.revolico.com/item/vendo-bicimoto-electrica-56924778
57350446,Vendo bici Caribean bike. Debe repara se frenos y sillín. Gomas buenas.50407267 y 78324843,60.0,USD,La Habana,Plaza,"marca, tipo_bateria, autonomia_km","faltan campos obligatorios: marca, tipo_bateria, autonomia_km",faltan_campos,https://www.revolico.com/search?q=e-bike&page=1,https://www.revolico.com/item/vendo-bici-caribean-bike-debe-repara-se-frenos-y-sillin-gomas-buenas50407267-y-78324843-57350446
56618762,Vendo bici eléctrica,1000.0,USD,La Habana,Boyeros,"marca, tipo_bateria, autonomia_km","faltan campos obligatorios: marca, tipo_bateria, autonomia_km",faltan_campos,https://www.revolico.com/search?q=bici+electrica&page=1,https://www.revolico.com/item/vendo-bici-electrica-56618762
57350245,Vendo bicicleta necesita reparar frenos y sillín. Gomas buenas.50407267,60.0,USD,La Habana,Plaza,"marca, tipo_bateria, autonomia_km","faltan campos obligatorios: marca, tipo_bateria, autonomia_km",faltan_campos,https://www.revolico.com/search?q=e-bike&page=3,https://www.revolico.com/item/vendo-bicicleta-necesita-reparar-frenos-y-sillin-gomas-buenas50407267-57350245
57170193,Vendo bicimoto electrica,450.0,USD,La Habana,Playa,"marca, tipo_bateria, autonomia_km","faltan campos obligatorios: marca, tipo_bateria, autonomia_km",faltan_campos,https://www.revolico.com/search?q=bicimoto+electrica&page=4,https://www.revolico.com/item/vendo-bicimoto-electrica-57170193
56823172,Vendo moto electrica y bicimoto,1000.0,USD,La Habana,Centro Habana,"marca, tipo_bateria, autonomia_km","faltan campos obligatorios: marca, tipo_bateria, autonomia_km",faltan_campos,https://www.revolico.com/search?q=bicimoto+electrica&page=5,https://www.revolico.com/item/vendo-moto-electrica-y-bicimoto-56823172
57441836,"Vendo una bicicleta electrica con el motor quemado, todo lo demas ok. Solo dos años de uso.",100.0,USD,La Habana,Marianao,"marca, tipo_bateria, autonomia_km","faltan campos obligatorios: marca, tipo_bateria, autonomia_km",faltan_campos,https://www.revolico.com/search?q=bici+electrica&page=2,https://www.revolico.com/item/vendo-una-bicicleta-electrica-con-el-motor-quemado-todo-lo-demas-ok-solo-dos-anos-de-uso-57441836
57042199,Venta de Bicicleta Eléctrica nueva,970.0,USD,La Habana,Plaza,"marca, tipo_bateria, autonomia_km","faltan campos obligatorios: marca, tipo_bateria, autonomia_km",faltan_campos,https://www.revolico.com/search?q=bici+electrica&page=2,https://www.revolico.com/item/venta-de-bicicleta-electrica-nueva-57042199
56849939,"Venta de Bicimoto Eléctrica YOAZAKI 707, modelo 2025.0km",1650.0,USD,La Habana,Arroyo Naranjo,"marca, tipo_bateria, autonomia_km","faltan campos obligatorios: marca, tipo_bateria, autonomia_km",faltan_campos,https://www.revolico.com/search?q=bicimoto+electrica&page=5,https://www.revolico.com/item/venta-de-bicimoto-electrica-yoazaki-707-modelo-20250km-56849939
56849827,Venta de Bicimoto Eléctrica YOAZAKI GALÁCTICA. 0km,2020.0,USD,La Habana,Arroyo Naranjo,"marca, tipo_bateria, autonomia_km","faltan campos obligatorios: marca, tipo_bateria, autonomia_km",faltan_campos,https://www.revolico.com/search?q=bicimoto+electrica&page=5,https://www.revolico.com/item/venta-de-bicimoto-electrica-yoazaki-galactica-0km-56849827
57055356,Venta de bici moto eléctrica,1000.0,USD,La Habana,Centro Habana,"marca, tipo_bateria, autonomia_km","faltan campos obligatorios: marca, tipo_bateria, autonomia_km",faltan_campos,https://www.revolico.com/search?q=bici+electrica&page=2,https://www.revolico.com/item/venta-de-bici-moto-electrica-57055356
57118268,Venta de bici motos eléctricas,600.0,USD,La Habana,Plaza,"marca, tipo_bateria, autonomia_km","faltan campos obligatorios: marca, tipo_bateria, autonomia_km",faltan_campos,https://www.revolico.com/search?q=bici+electrica&page=2,https://www.revolico.com/item/venta-de-bici-motos-electricas-57118268
57450918,"Venta de bicicleta Susan G. Komen Cruiser Bike 26""",220.0,USD,La Habana,Plaza,"marca, tipo_bateria, autonomia_km","faltan campos obligatorios: marca, tipo_bateria, autonomia_km",faltan_campos,https://www.revolico.com/search?q=e-bike&page=2,https://www.revolico.com/item/venta-de-bicicleta-susan-g-komen-cruiser-bike-26-57450918
56592693,Venta de bicicletas todos los modelos 12 16 18 20 22 24 26 para niñas y niños,200.0,USD,La Habana,Diez de Octubre,"marca, tipo_bateria, autonomia_km","faltan campos obligatorios: marca, tipo_bateria, autonomia_km",faltan_campos,https://www.revolico.com/search?q=e-bike&page=3,https://www.revolico.com/item/venta-de-bicicletas-todos-los-modelos-12-16-18-20-22-24-26-para-ninas-y-ninos-56592693
56615820,Venta de bicicletas todos los modelos 12 16 18 20 22 24 26 para niñas y niños y mayores,200.0,USD,La Habana,Diez de Octubre,"marca, tipo_bateria, autonomia_km","faltan campos obligatorios: marca, tipo_bateria, autonomia_km",faltan_campos,https://www.revolico.com/search?q=e-bike&page=3,https://www.revolico.com/item/venta-de-bicicletas-todos-los-modelos-12-16-18-20-22-24-26-para-ninas-y-ninos-y-mayores-56615820
56615226,Venta de bicicletas todos los modelos 12 16 18 20 22 24 26 para niñas y niños y mayores,135.0,USD,La Habana,Diez de Octubre,"marca, tipo_bateria, autonomia_km","faltan campos obligatorios: marca, tipo_bateria, autonomia_km",faltan_campos,https://www.revolico.com/search?q=e-bike&page=3,https://www.revolico.com/item/venta-de-bicicletas-todos-los-modelos-12-16-18-20-22-24-26-para-ninas-y-ninos-y-mayores-56615226
56615316,Venta de bicicletas todos los modelos 12 16 18 20 22 24 26 para niñas y niños y mayores,175.0,USD,La Habana,Diez de Octubre,"marca, tipo_bateria, autonomia_km","faltan campos obligatorios: marca, tipo_bateria, autonomia_km",faltan_campos,https://www.revolico.com/search?q=e-bike&page=3,https://www.revolico.com/item/venta-de-bicicletas-todos-los-modelos-12-16-18-20-22-24-26-para-ninas-y-ninos-y-mayores-56615316
56918897,Venta de bicimoto eléctrica,850.0,USD,La Habana,Centro Habana,"marca, tipo_bateria, autonomia_km","faltan campos obligatorios: marca, tipo_bateria, autonomia_km",faltan_campos,https://www.revolico.com/search?q=bicimoto+electrica&page=5,https://www.revolico.com/item/venta-de-bicimoto-electrica-56918897
56792849,Venta de bicimoto eléctrica,580.0,USD,La Habana,Cerro,"marca, tipo_bateria, autonomia_km","faltan campos obligatorios: marca, tipo_bateria, autonomia_km",faltan_campos,https://www.revolico.com/search?q=bicimoto+electrica&page=5,https://www.revolico.com/item/venta-de-bicimoto-electrica-56792849
57609908,Venta de bicimoto eléctrica de uso,500.0,USD,La Habana,Cotorro,"marca, tipo_bateria, autonomia_km","faltan campos obligatorios: marca, tipo_bateria, autonomia_km",faltan_campos,https://www.revolico.com/search?q=bicimoto+electrica&page=5,https://www.revolico.com/item/venta-de-bicimoto-electrica-de-uso-57609908
56864305,Venta de caja controladora de moto y Bicimoto eléctrica.,80.0,USD,La Habana,Habana Vieja,"marca, tipo_bateria, autonomia_km","faltan campos obligatorios: marca, tipo_bateria, autonomia_km",faltan_campos,https://www.revolico.com/search?q=bicimoto+electrica&page=5,https://www.revolico.com/item/venta-de-caja-controladora-de-moto-y-bicimoto-electrica-56864305
56553125,Venta de moto eléctrica y bici moto,1.0,USD,La Habana,Centro Habana,"marca, tipo_bateria, autonomia_km","faltan campos obligatorios: marca, tipo_bateria, autonomia_km",faltan_campos,https://www.revolico.com/search?q=bici+electrica&page=2,https://www.revolico.com/item/venta-de-moto-electrica-y-bici-moto-56553125
57161518,Viporive Bici eléctrica,780.0,USD,La Habana,Habana Vieja,"marca, tipo_bateria, autonomia_km","faltan campos obligatorios: marca, tipo_bateria, autonomia_km",faltan_campos,https://www.revolico.com/search?q=bici+electrica&page=1,https://www.revolico.com/item/viporive-bici-electrica-57161518
57552792,YVY C20 e-bike fat tire 20x4 2000W 48V 20Ah black LCD suspension complete,874.0,USD,Las Tunas,Puerto Padre,"marca, tipo_bateria, autonomia_km","faltan campos obligatorios: marca, tipo_bateria, autonomia_km",faltan_campos,https://www.revolico.com/search?q=e-bike&page=1,https://www.revolico.com/item/yvy-c20-e-bike-fat-tire-20x4-2000w-48v-20ah-black-lcd-suspension-complete-57552792
57479469,`BICICLETA ELECTRICA`,980.0,USD,La Habana,Centro Habana,"marca, tipo_bateria, autonomia_km","faltan campos obligatorios: marca, tipo_bateria, autonomia_km",faltan_campos,https://www.revolico.com/search?q=bicicleta+electrica&page=2,https://www.revolico.com/item/bicicleta-electrica-57479469
57571036,`🚴BICICLETA ELÉCTRICA E-BIKE SPORT Z8🚴`,600.0,USD,La Habana,Centro Habana,"marca, tipo_bateria, autonomia_km","faltan campos obligatorios: marca, tipo_bateria, autonomia_km",faltan_campos,https://www.revolico.com/search?q=e-bike&page=2,https://www.revolico.com/item/bicicleta-electrica-e-bike-sport-z8-57571036
57589747,bicicleta electrica,500.0,USD,La Habana,Cotorro,"marca, tipo_bateria, autonomia_km","faltan campos obligatorios: marca, tipo_bateria, autonomia_km",faltan_campos,https://www.revolico.com/search?q=bicicleta+electrica&page=1,https://www.revolico.com/item/bicicleta-electrica-57589747
57525314,bicicleta electrica,920.0,USD,La Habana,Centro Habana,"marca, tipo_bateria, autonomia_km","faltan campos obligatorios: marca, tipo_bateria, autonomia_km",faltan_campos,https://www.revolico.com/search?q=bicicleta+electrica&page=1,https://www.revolico.com/item/bicicleta-electrica-57525314
57525275,bicicleta electrica,530.0,USD,La Habana,Centro Habana,"marca, tipo_bateria, autonomia_km","faltan campos obligatorios: marca, tipo_bateria, autonomia_km",faltan_campos,https://www.revolico.com/search?q=bicicleta+electrica&page=2,https://www.revolico.com/item/bicicleta-electrica-57525275
57525190,bicicleta electrica,600.0,USD,La Habana,Centro Habana,"marca, tipo_bateria, autonomia_km","faltan campos obligatorios: marca, tipo_bateria, autonomia_km",faltan_campos,https://www.revolico.com/search?q=bicicleta+electrica&page=2,https://www.revolico.com/item/bicicleta-electrica-57525190
57525138,bicicleta electrica,600.0,USD,La Habana,Centro Habana,"marca, tipo_bateria, autonomia_km","faltan campos obligatorios: marca, tipo_bateria, autonomia_km",faltan_campos,https://www.revolico.com/search?q=bicicleta+electrica&page=2,https://www.revolico.com/item/bicicleta-electrica-57525138
55315239,bicicleta electrica todo terreno ( Bicimoto ),1000.0,USD,La Habana,Playa,"marca, tipo_bateria, autonomia_km","faltan campos obligatorios: marca, tipo_bateria, autonomia_km",faltan_campos,https://www.revolico.com/search?q=bicimoto+electrica&page=6,https://www.revolico.com/item/bicimoto-todo-terreno-55315239
57589370,bicicleta eléctrica,630.0,USD,La Habana,Cotorro,"marca, tipo_bateria, autonomia_km","faltan campos obligatorios: marca, tipo_bateria, autonomia_km",faltan_campos,https://www.revolico.com/search?q=bicicleta+electrica&page=1,https://www.revolico.com/item/bicicleta-electrica-57589370
57257151,bicicleta eléctrica,500.0,USD,La Habana,Plaza,"marca, tipo_bateria, autonomia_km","faltan campos obligatorios: marca, tipo_bateria, autonomia_km",faltan_campos,https://www.revolico.com/search?q=bicicleta+electrica&page=2,https://www.revolico.com/item/bicicleta-electrica-57257151
57074553,bicicleta eléctrica,690.0,USD,La Habana,Diez de Octubre,"marca, tipo_bateria, autonomia_km","faltan campos obligatorios: marca, tipo_bateria, autonomia_km",faltan_campos,https://www.revolico.com/search?q=bicicleta+electrica&page=3,https://www.revolico.com/item/bicicleta-electrica-57074553
57060292,bicicleta eléctrica,500.0,USD,La Habana,Plaza,"marca, tipo_bateria, autonomia_km","faltan campos obligatorios: marca, tipo_bateria, autonomia_km",faltan_campos,https://www.revolico.com/search?q=bicicleta+electrica&page=3,https://www.revolico.com/item/bicicleta-electrica-57060292
57055638,bicicleta eléctrica,550.0,USD,La Habana,Playa,"marca, tipo_bateria, autonomia_km","faltan campos obligatorios: marca, tipo_bateria, autonomia_km",faltan_campos,https://www.revolico.com/search?q=bicicleta+electrica&page=3,https://www.revolico.com/item/bicicleta-electrica-57055638
56990820,bicicleta eléctrica,1050.0,USD,La Habana,Boyeros,"marca, tipo_bateria, autonomia_km","faltan campos obligatorios: marca, tipo_bateria, autonomia_km",faltan_campos,https://www.revolico.com/search?q=bicicleta+electrica&page=3,https://www.revolico.com/item/bicicleta-electrica-56990820
56792253,bicicleta eléctrica,600.0,USD,La Habana,Playa,"marca, tipo_bateria, autonomia_km","faltan campos obligatorios: marca, tipo_bateria, autonomia_km",faltan_campos,https://www.revolico.com/search?q=bicicleta+electrica&page=4,https://www.revolico.com/item/bicicleta-electrica-56792253
57409776,bicicleta eléctrica plegable,520.0,USD,La Habana,Diez de Octubre,"marca, tipo_bateria, autonomia_km","faltan campos obligatorios: marca, tipo_bateria, autonomia_km",faltan_campos,https://www.revolico.com/search?q=bicicleta+electrica&page=10,https://www.revolico.com/item/bicicleta-electrica-plegable-57409776
57693192,bicimoto,750.0,USD,Artemisa,San Antonio de los Baños,"marca, tipo_bateria, autonomia_km","faltan campos obligatorios: marca, tipo_bateria, autonomia_km",faltan_campos,https://www.revolico.com/search?q=bicimoto&page=1,https://www.revolico.com/item/bicimoto-57693192
57544381,bicimoto,650.0,USD,La Habana,Boyeros,"marca, tipo_bateria, autonomia_km","faltan campos obligatorios: marca, tipo_bateria, autonomia_km",faltan_campos,https://www.revolico.com/search?q=bicimoto&page=1,https://www.revolico.com/item/bicimoto-57544381
57475408,bicimoto,1000.0,USD,La Habana,Diez de Octubre,"marca, tipo_bateria, autonomia_km","faltan campos obligatorios: marca, tipo_bateria, autonomia_km",faltan_campos,https://www.revolico.com/search?q=bicimoto&page=1,https://www.revolico.com/item/bicimoto-57475408
57023542,bicimoto,750.0,USD,La Habana,Centro Habana,"marca, tipo_bateria, autonomia_km","faltan campos obligatorios: marca, tipo_bateria, autonomia_km",faltan_campos,https://www.revolico.com/search?q=bicimoto&page=2,https://www.revolico.com/item/bicimoto-57023542
56673737,bicimoto,1650.0,USD,La Habana,Diez de Octubre,"marca, tipo_bateria, autonomia_km","faltan campos obligatorios: marca, tipo_bateria, autonomia_km",faltan_campos,https://www.revolico.com/search?q=bicimoto&page=3,https://www.revolico.com/item/bicimoto-56673737
56673738,bicimoto,1650.0,USD,La Habana,Diez de Octubre,"marca, tipo_bateria, autonomia_km","faltan campos obligatorios: marca, tipo_bateria, autonomia_km",faltan_campos,https://www.revolico.com/search?q=bicimoto&page=3,https://www.revolico.com/item/bicimoto-56673738
56670692,bicimoto,1500.0,USD,La Habana,Playa,"marca, tipo_bateria, autonomia_km","faltan campos obligatorios: marca, tipo_bateria, autonomia_km",faltan_campos,https://www.revolico.com/search?q=bicimoto&page=3,https://www.revolico.com/item/bicimoto-56670692
56576016,bicimoto,870.0,USD,La Habana,Arroyo Naranjo,"marca, tipo_bateria, autonomia_km","faltan campos obligatorios: marca, tipo_bateria, autonomia_km",faltan_campos,https://www.revolico.com/search?q=bicimoto&page=3,https://www.revolico.com/item/bicimoto-56576016
57659799,bicimoto de uso,1100.0,USD,La Habana,Plaza,"marca, tipo_bateria, autonomia_km","faltan campos obligatorios: marca, tipo_bateria, autonomia_km",faltan_campos,https://www.revolico.com/search?q=bicimoto&page=5,https://www.revolico.com/item/bicimoto-de-uso-57659799
57550927,bicimoto electrica,720.0,USD,La Habana,Regla,"marca, tipo_bateria, autonomia_km","faltan campos obligatorios: marca, tipo_bateria, autonomia_km",faltan_campos,https://www.revolico.com/search?q=bicimoto&page=8,https://www.revolico.com/item/bicimoto-electrica-57550927
57356828,bicimoto electrica por tan solo 350 usd,350.0,USD,La Habana,Playa,"marca, tipo_bateria, autonomia_km","faltan campos obligatorios: marca, tipo_bateria, autonomia_km",faltan_campos,https://www.revolico.com/search?q=bicimoto+electrica&page=2,https://www.revolico.com/item/bicimoto-electrica-por-tan-solo-350-usd-57356828
57549862,bicimoto eléctrica de 72 v,1700.0,USD,La Habana,Marianao,"marca, tipo_bateria, autonomia_km","faltan campos obligatorios: marca, tipo_bateria, autonomia_km",faltan_campos,https://www.revolico.com/search?q=bicimoto&page=8,https://www.revolico.com/item/bicimoto-electrica-de-72-v-57549862
56859779,bicimoto eléctrica. características en la foto. josetv 💯,550.0,USD,La Habana,Centro Habana,"marca, tipo_bateria, autonomia_km","faltan campos obligatorios: marca, tipo_bateria, autonomia_km",faltan_campos,https://www.revolico.com/search?q=bicimoto+electrica&page=3,https://www.revolico.com/item/bicimoto-electrica-caracteristicas-en-la-foto-josetv-56859779
56947063,moto electrica/ bicimoto,1200.0,USD,Artemisa,Artemisa,"marca, tipo_bateria, autonomia_km","faltan campos obligatorios: marca, tipo_bateria, autonomia_km",faltan_campos,https://www.revolico.com/search?q=bicimoto+electrica&page=4,https://www.revolico.com/item/moto-electrica-bicimoto-56947063
57575802,¡LIBERTAD PARA MOVERTE SIN GASOLINA !,500.0,USD,La Habana,Habana del Este,"marca, tipo_bateria, autonomia_km","faltan campos obligatorios: marca, tipo_bateria, autonomia_km",faltan_campos,https://www.revolico.com/search?q=bici+electrica&page=3,https://www.revolico.com/item/libertad-para-moverte-sin-gasolina-57575802
57055417,¡Llegó la Reina de las Dirt Bike! ÚNICA en Cuba,1700.0,USD,La Habana,Centro Habana,"marca, tipo_bateria, autonomia_km","faltan campos obligatorios: marca, tipo_bateria, autonomia_km",faltan_campos,https://www.revolico.com/search?q=e-bike&page=2,https://www.revolico.com/item/llego-la-reina-de-las-dirt-bike-unica-en-cuba-57055417
56371844,​¡De Todo para el Hogar! Electrodomésticos • Splits • Bicicletas • Artículos de Cocina y Más,1.0,USD,Matanzas,Matanzas,"marca, tipo_bateria, autonomia_km","faltan campos obligatorios: marca, tipo_bateria, autonomia_km",faltan_campos,https://www.revolico.com/search?q=e-bike&page=4,https://www.revolico.com/item/de-todo-para-el-hogar-electrodomesticos-splits-bicicletas-articulos-de-cocina-y-mas-56371844
56371925,​¡SUPER OFERTA HOGAR! • Splits • Electrodomésticos • Bicicletas • Artículos de Cocina al Mejor Precio,1.0,USD,Matanzas,Matanzas,"marca, tipo_bateria, autonomia_km","faltan campos obligatorios: marca, tipo_bateria, autonomia_km",faltan_campos,https://www.revolico.com/search?q=e-bike&page=4,https://www.revolico.com/item/super-oferta-hogar-splits-electrodomesticos-bicicletas-articulos-de-cocina-al-mejor-precio-56371925
56445258,"‼️ HEYBIKE RANGER S-1000 ‼️ POTENCIA, ALCANCE Y VERSATILIDAD PARA CADA AVENTURA 🚵♂️",1880.0,USD,Camagüey,Camagüey,"marca, tipo_bateria, autonomia_km","faltan campos obligatorios: marca, tipo_bateria, autonomia_km",faltan_campos,https://www.revolico.com/search?q=e-bike&page=3,https://www.revolico.com/item/heybike-ranger-s-1000-potencia-alcance-y-versatilidad-para-cada-aventura-56445258
57189769,"‼️BICICLETA DE MONTAÑA 26"" MYNIAO AZUL, ROSADA, BLANCA Y AZUL CON NEGRO‼️",170.0,USD,La Habana,Centro Habana,"marca, tipo_bateria, autonomia_km","faltan campos obligatorios: marca, tipo_bateria, autonomia_km",faltan_campos,https://www.revolico.com/search?q=e-bike&page=4,https://www.revolico.com/item/bicicleta-de-montana-26-myniao-azul-rosada-blanca-y-azul-con-negro-57189769
55904973,‼️BICIMOTO ELECTRICA,1300.0,USD,La Habana,Diez de Octubre,"marca, tipo_bateria, autonomia_km","faltan campos obligatorios: marca, tipo_bateria, autonomia_km",faltan_campos,https://www.revolico.com/search?q=bicimoto+electrica&page=5,https://www.revolico.com/item/bicimoto-electrica-55904973
56534754,⚡ BICI ELÉCTRICA PLEGABLE VORTEX (NUEVA) ⚡,600.0,USD,Ciego de Ávila,Morón,"marca, tipo_bateria, autonomia_km","faltan campos obligatorios: marca, tipo_bateria, autonomia_km",faltan_campos,https://www.revolico.com/search?q=bici+electrica&page=1,https://www.revolico.com/item/bici-electrica-plegable-vortex-nueva-56534754
55988526,⚡SE VENDE BICIMOTO TST E-BIKE X6⚡,800.0,USD,La Habana,Cotorro,"marca, tipo_bateria, autonomia_km","faltan campos obligatorios: marca, tipo_bateria, autonomia_km",faltan_campos,https://www.revolico.com/search?q=e-bike&page=2,https://www.revolico.com/item/se-vende-bicimoto-tst-e-bike-x6-55988526
57470706,⚡️ BICICLETA ELÉCTRICA ASKMY e14 🚲 ¡NUEVA / 0 KM! ✨,480.0,USD,La Habana,Arroyo Naranjo,"marca, tipo_bateria, autonomia_km","faltan campos obligatorios: marca, tipo_bateria, autonomia_km",faltan_campos,https://www.revolico.com/search?q=e-bike&page=4,https://www.revolico.com/item/bicicleta-electrica-askmy-e14-nueva-0-km-57470706
57546632,⚡️ ¡NUEVO LOTE DE BICIMOTOS ELÉCTRICAS 0 KM EN LA HABANA! ⚡️,1.0,USD,La Habana,Plaza,"marca, tipo_bateria, autonomia_km","faltan campos obligatorios: marca, tipo_bateria, autonomia_km",faltan_campos,https://www.revolico.com/search?q=e-bike&page=4,https://www.revolico.com/item/nuevo-lote-de-bicimotos-electricas-0-km-en-la-habana-57546632
56467157,⚡️Bicicleta Eléctrica T20⚡️Autonomía 100millas,1100.0,USD,La Habana,Playa,"marca, tipo_bateria, autonomia_km","faltan campos obligatorios: marca, tipo_bateria, autonomia_km",faltan_campos,https://www.revolico.com/search?q=bici+electrica&page=2,https://www.revolico.com/item/bicicleta-electrica-t20autonomia-100millas-56467157
57472121,⚡🚲 E-BIKE SPORT Z6 – 1200W | 25 MPH,630.0,USD,La Habana,Centro Habana,"marca, tipo_bateria, autonomia_km","faltan campos obligatorios: marca, tipo_bateria, autonomia_km",faltan_campos,https://www.revolico.com/search?q=e-bike&page=1,https://www.revolico.com/item/e-bike-sport-z6-1200w-25-mph-57472121
57407733,"⚡🚲 Sport Bike Eléctrica – Moderna, Potente y en Excelente Estado 🔥",590.0,USD,La Habana,Habana Vieja,"marca, tipo_bateria, autonomia_km","faltan campos obligatorios: marca, tipo_bateria, autonomia_km",faltan_campos,https://www.revolico.com/search?q=e-bike&page=1,https://www.revolico.com/item/sport-bike-electrica-moderna-potente-y-en-excelente-estado-57407733
56763069,"⚡🚲 ¡MUÉVETE CON ESTILO, POTENCIA Y LIBERTAD! 🚲⚡cell 55389456",650.0,USD,La Habana,Marianao,"marca, tipo_bateria, autonomia_km","faltan campos obligatorios: marca, tipo_bateria, autonomia_km",faltan_campos,https://www.revolico.com/search?q=bici+electrica&page=3,https://www.revolico.com/item/muevete-con-estilo-potencia-y-libertad-cell-55389456-56763069
54814980,"✅De todo.Los mejores precios y calidad.Cocina,fogón,lámpara,vaporera,olla,procesador,hervidor,plancha,máquina",10.0,USD,La Habana,Plaza,"marca, tipo_bateria, autonomia_km","faltan campos obligatorios: marca, tipo_bateria, autonomia_km",faltan_campos,https://www.revolico.com/search?q=bicicleta+electrica&page=1,https://www.revolico.com/item/cocina-de-gas-daytron-de-cuatro-hornillas-40-usdmensajeria-incluida-54814980
51586343,✅️BICICLETAS ELÉCTRICAS E BIKE SPORT 480USD,480.0,USD,La Habana,Centro Habana,"marca, tipo_bateria, autonomia_km","faltan campos obligatorios: marca, tipo_bateria, autonomia_km",faltan_campos,https://www.revolico.com/search?q=bicicleta+electrica&page=1,https://www.revolico.com/item/generador-electrico-de-2000w-a-solo-1000usd-51586343
57652263,✴️Bicicleta eléctrica plegable E Bike Sport✴️,550.0,USD,La Habana,Centro Habana,"marca, tipo_bateria, autonomia_km","faltan campos obligatorios: marca, tipo_bateria, autonomia_km",faltan_campos,https://www.revolico.com/search?q=e-bike&page=2,https://www.revolico.com/item/bicicleta-electrica-plegable-e-bike-sport-57652263
56965326,𝐁𝐈𝐂𝐈𝐂𝐋𝐄𝐓𝐀 E-BIKE`,1350.0,USD,La Habana,Cerro,"marca, tipo_bateria, autonomia_km","faltan campos obligatorios: marca, tipo_bateria, autonomia_km",faltan_campos,https://www.revolico.com/search?q=e-bike&page=1,https://www.revolico.com/item/bicicleta-e-bike-56965326
55170579,🍀Scamp II Youth Bike Helmet – Casco de Bicicleta para Niños🍀,39.0,USD,La Habana,Habana Vieja,"marca, tipo_bateria, autonomia_km","faltan campos obligatorios: marca, tipo_bateria, autonomia_km",faltan_campos,https://www.revolico.com/search?q=e-bike&page=2,https://www.revolico.com/item/scamp-ii-youth-bike-helmet-casco-de-bicicleta-para-ninos-55170579
57143394,🏍️⚡ BICI MOTO ELÉCTRICA – Potencia y estilo para moverte por la ciudad ⚡🏍️,2130.0,USD,La Habana,Marianao,"marca, tipo_bateria, autonomia_km","faltan campos obligatorios: marca, tipo_bateria, autonomia_km",faltan_campos,https://www.revolico.com/search?q=bici+electrica&page=2,https://www.revolico.com/item/bici-moto-electrica-potencia-y-estilo-para-moverte-por-la-ciudad-57143394
55739728,💖⚡ ¡La movilidad del futuro llegó a LAURIMAX ENERGY! ⚡💖,1180.0,USD,La Habana,Marianao,"marca, tipo_bateria, autonomia_km","faltan campos obligatorios: marca, tipo_bateria, autonomia_km",faltan_campos,https://www.revolico.com/search?q=bici+electrica&page=3,https://www.revolico.com/item/la-movilidad-del-futuro-llego-a-laurimax-energy-55739728
56151080,📞53884600.🎇 Bicicleta Electrica VOLTVOGUE🎇 Mensajería disponible.🚴,500.0,USD,La Habana,Playa,"marca, tipo_bateria, autonomia_km","faltan campos obligatorios: marca, tipo_bateria, autonomia_km",faltan_campos,https://www.revolico.com/search?q=bici+electrica&page=3,https://www.revolico.com/item/53884600-bicicleta-electrica-voltvogue-mensajeria-disponible-56151080
57503920,📞53884600.🎇 Bicimoto electrica Bucati. 🎇 Mensajería disponible.🚴,1550.0,USD,La Habana,Playa,"marca, tipo_bateria, autonomia_km","faltan campos obligatorios: marca, tipo_bateria, autonomia_km",faltan_campos,https://www.revolico.com/search?q=bicimoto+electrica&page=5,https://www.revolico.com/item/53884600-bicimoto-electrica-bucati-mensajeria-disponible-57503920
54574022,📞53884600.🎇Scamp II Youth Bike Helmet – Casco de Bicicleta para Niños 🎇 Mensajería disponible.🚴,45.0,USD,La Habana,Playa,"marca, tipo_bateria, autonomia_km","faltan campos obligatorios: marca, tipo_bateria, autonomia_km",faltan_campos,https://www.revolico.com/search?q=e-bike&page=2,https://www.revolico.com/item/53884600scamp-ii-youth-bike-helmet-casco-de-bicicleta-para-ninos-mensajeria-disponible-54574022
56183854,🔥 BICICLETA ELÉCTRICA / BICIMOTO🔥,775.0,USD,La Habana,Diez de Octubre,"marca, tipo_bateria, autonomia_km","faltan campos obligatorios: marca, tipo_bateria, autonomia_km",faltan_campos,https://www.revolico.com/search?q=bicimoto+electrica&page=5,https://www.revolico.com/item/bicicleta-electrica-bicimoto-56183854
55785824,🔥 OFERTA BICICLETA ELÉCTRICA – 680 USD 🔥,680.0,USD,La Habana,Marianao,"marca, tipo_bateria, autonomia_km","faltan campos obligatorios: marca, tipo_bateria, autonomia_km",faltan_campos,https://www.revolico.com/search?q=bici+electrica&page=2,https://www.revolico.com/item/oferta-bicicleta-electrica-680-usd-55785824
56763160,🔥🏍️ ¡NUEVA BICI MOTO T2 EN LAURIMAX ENERGY! ⚡ cell 54389456,1080.0,USD,La Habana,Marianao,"marca, tipo_bateria, autonomia_km","faltan campos obligatorios: marca, tipo_bateria, autonomia_km",faltan_campos,https://www.revolico.com/search?q=bici+electrica&page=2,https://www.revolico.com/item/nueva-bici-moto-t2-en-laurimax-energy-cell-54389456-56763160
56138432,🚀⚡ ¡LA BICIMOTO ELÉCTRICA QUE TODOS QUIEREN! ⚡🚀,550.0,USD,La Habana,Arroyo Naranjo,"marca, tipo_bateria, autonomia_km","faltan campos obligatorios: marca, tipo_bateria, autonomia_km",faltan_campos,https://www.revolico.com/search?q=bicimoto+electrica&page=5,https://www.revolico.com/item/la-bicimoto-electrica-que-todos-quieren-56138432
57525297,"🚧 BICICLETA 🚲 SILVER BIKE Aro 26"" MENSAJERÍA GRATIS EN DEPENDENCIA DEL LUGAR 🚧",190.0,USD,La Habana,Marianao,"marca, tipo_bateria, autonomia_km","faltan campos obligatorios: marca, tipo_bateria, autonomia_km",faltan_campos,https://www.revolico.com/search?q=e-bike&page=2,https://www.revolico.com/item/bicicleta-silver-bike-aro-26-mensajeria-gratis-en-dependencia-del-lugar-57525297
57222479,🚨🌈Bicimoto eléctrica ASKO‼️‼️,1355.0,USD,Cienfuegos,Cienfuegos,"marca, tipo_bateria, autonomia_km","faltan campos obligatorios: marca, tipo_bateria, autonomia_km",faltan_campos,https://www.revolico.com/search?q=bicimoto+electrica&page=5,https://www.revolico.com/item/bicimoto-electrica-asko-57222479
56999164,🚨🌈💯 BICIMOTO ELECTRICA‼️👆👆,2200.0,USD,Cienfuegos,Cienfuegos,"marca, tipo_bateria, autonomia_km","faltan campos obligatorios: marca, tipo_bateria, autonomia_km",faltan_campos,https://www.revolico.com/search?q=bicimoto+electrica&page=5,https://www.revolico.com/item/bicimoto-electrica-56999164
56350406,🚲 Bicicleta 26 SUPER BIKE - NUEVA,190.0,USD,La Habana,Centro Habana,"marca, tipo_bateria, autonomia_km","faltan campos obligatorios: marca, tipo_bateria, autonomia_km",faltan_campos,https://www.revolico.com/search?q=e-bike&page=2,https://www.revolico.com/item/bicicleta-26-super-bike-nueva-56350406
55547337,🚲 Bicicleta eléctrica plegable -E-Bike Sport,560.0,USD,La Habana,Boyeros,"marca, tipo_bateria, autonomia_km","faltan campos obligatorios: marca, tipo_bateria, autonomia_km",faltan_campos,https://www.revolico.com/search?q=e-bike&page=2,https://www.revolico.com/item/bicicleta-electrica-plegable-e-bike-sport-55547337
57630754,🚲 Bicimoto Eléctrica Plegable — $500 USD,500.0,USD,La Habana,Habana Vieja,"marca, tipo_bateria, autonomia_km","faltan campos obligatorios: marca, tipo_bateria, autonomia_km",faltan_campos,https://www.revolico.com/search?q=bicimoto+electrica&page=4,https://www.revolico.com/item/bicimoto-electrica-plegable-500-usd-57630754
56884268,🚲BICICLETAS ELÉCTRICAS 500W 750W 1000W | 48V | FAT TIRE | BICI ELÉCTRICA + ACCESORIOS**,1.0,USD,La Habana,Plaza,"marca, tipo_bateria, autonomia_km","faltan campos obligatorios: marca, tipo_bateria, autonomia_km",faltan_campos,https://www.revolico.com/search?q=bici+electrica&page=1,https://www.revolico.com/item/bicicletas-electricas-y-accesorios-thor-provider-56884268
55353460,🚲⚡ ¡LLEGÓ LA NUEVA BICI MOTO ELÉCTRICA DE Lauri max Energy! ⚡🚲54389456,1260.0,USD,La Habana,Playa,"marca, tipo_bateria, autonomia_km","faltan campos obligatorios: marca, tipo_bateria, autonomia_km",faltan_campos,https://www.revolico.com/search?q=bici+electrica&page=2,https://www.revolico.com/item/llego-la-nueva-bici-moto-electrica-de-lauri-max-energy-55353460
56965227,🚲🔥 BICICLETA E-BIKE — ELÉCTRICA 🔥🚲,1290.0,USD,La Habana,Arroyo Naranjo,"marca, tipo_bateria, autonomia_km","faltan campos obligatorios: marca, tipo_bateria, autonomia_km",faltan_campos,https://www.revolico.com/search?q=e-bike&page=2,https://www.revolico.com/item/bicicleta-e-bike-electrica-56965227
57513388,🚴 Bicicleta Eléctrica E Bike Sport,550.0,USD,La Habana,Playa,"marca, tipo_bateria, autonomia_km","faltan campos obligatorios: marca, tipo_bateria, autonomia_km",faltan_campos,https://www.revolico.com/search?q=e-bike&page=2,https://www.revolico.com/item/bicicleta-electrica-e-bike-sport-57513388
55995986,🚴 ¡SEGURIDAD Y ESTILO PARA LOS MÁS PEQUEÑOS! CASCO SCOUT II YOUTH BIKE HELMET 🚴,39.0,USD,La Habana,Habana del Este,"marca, tipo_bateria, autonomia_km","faltan campos obligatorios: marca, tipo_bateria, autonomia_km",faltan_campos,https://www.revolico.com/search?q=e-bike&page=3,https://www.revolico.com/item/seguridad-y-estilo-para-los-mas-pequenos-casco-scout-ii-youth-bike-helmet-55995986
55804672,🚴♀️ Bicimoto eléctrica. 50150948.,1500.0,USD,La Habana,Cerro,"marca, tipo_bateria, autonomia_km","faltan campos obligatorios: marca, tipo_bateria, autonomia_km",faltan_campos,https://www.revolico.com/search?q=bici+electrica&page=2,https://www.revolico.com/item/bicicleta-electrica-50150948-55804672
57525287,🚴♂️⚡ BICICLETA ELÉCTRICA G29 – NEGRA Máxima potencia y aventura sobre ruedas.,1200.0,USD,La Habana,Centro Habana,"marca, tipo_bateria, autonomia_km","faltan campos obligatorios: marca, tipo_bateria, autonomia_km",faltan_campos,https://www.revolico.com/search?q=e-bike&page=4,https://www.revolico.com/item/bicicleta-electrica-g29-negra-maxima-potencia-y-aventura-sobre-ruedas-57525287
56463682,"🚴⚡ BICI MOTO ELÉCTRICA CS3 550 USD| ¡POTENCIA, AHORRO Y LIBERTAD! ⚡🚴📲 53321047",550.0,USD,La Habana,Playa,"marca, tipo_bateria, autonomia_km","faltan campos obligatorios: marca, tipo_bateria, autonomia_km",faltan_campos,https://www.revolico.com/search?q=bici+electrica&page=2,https://www.revolico.com/item/bici-moto-electrica-cs3-potencia-ahorro-y-libertad-53321047-56463682
56553910,🚴🔥 BICICLETA_MTB_SILVER_BIKE_26 🚴🔥 LHZ | E01 | 190 USD,190.0,USD,La Habana,Plaza,"marca, tipo_bateria, autonomia_km","faltan campos obligatorios: marca, tipo_bateria, autonomia_km",faltan_campos,https://www.revolico.com/search?q=e-bike&page=3,https://www.revolico.com/item/bicicleta_mtb_silver_bike_26-lhz-e01-190-usd-56553910
56385165,🛵 BICICLETA ELÉCTRICA + POTENTE Y ROBUSTA 🛵,1370.0,USD,La Habana,Diez de Octubre,"marca, tipo_bateria, autonomia_km","faltan campos obligatorios: marca, tipo_bateria, autonomia_km",faltan_campos,https://www.revolico.com/search?q=bici+electrica&page=2,https://www.revolico.com/item/bicicleta-electrica-potente-y-robusta-56385165
57413660,🛵 BICICLETA ELÉCTRICA POTENTE Y ROBUSTA🛵,1200.0,USD,La Habana,Diez de Octubre,"marca, tipo_bateria, autonomia_km","faltan campos obligatorios: marca, tipo_bateria, autonomia_km",faltan_campos,https://www.revolico.com/search?q=bici+electrica&page=2,https://www.revolico.com/item/bicicleta-electrica-potente-y-robusta-57413660
57026579,🛵 BICIMOTO ELÉCTRICA MISHOZUKI GRILLO ULTRA,2080.0,USD,La Habana,Centro Habana,"marca, tipo_bateria, autonomia_km","faltan campos obligatorios: marca, tipo_bateria, autonomia_km",faltan_campos,https://www.revolico.com/search?q=bicimoto+electrica&page=4,https://www.revolico.com/item/bicimoto-electrica-mishozuki-grillo-ultra-57026579
57628099,🛵 BICIMOTO ELÉCTRICA MISHOZUKI GRILLO ULTRA 🛵,1960.0,USD,La Habana,Cerro,"marca, tipo_bateria, autonomia_km","faltan campos obligatorios: marca, tipo_bateria, autonomia_km",faltan_campos,https://www.revolico.com/search?q=bicimoto+electrica&page=4,https://www.revolico.com/item/bicimoto-electrica-mishozuki-grillo-ultra-57628099
56603830,🛵 Bicimoto Eléctrica YOAZAKI GALACTICA - Nueva Versión 48V 50AH,2100.0,USD,Pinar del Río,Pinar del Río,"marca, tipo_bateria, autonomia_km","faltan campos obligatorios: marca, tipo_bateria, autonomia_km",faltan_campos,https://www.revolico.com/search?q=bicimoto+electrica&page=4,https://www.revolico.com/item/bicimoto-electrica-yoazaki-galactica-nueva-version-48v-50ah-56603830
57113537,🛵🔥 BICIMOTO ELÉCTRICA AINSITEC 911,1550.0,USD,La Habana,Diez de Octubre,"marca, tipo_bateria, autonomia_km","faltan campos obligatorios: marca, tipo_bateria, autonomia_km",faltan_campos,https://www.revolico.com/search?q=bicimoto+electrica&page=5,https://www.revolico.com/item/bicimoto-electrica-ainsitec-911-57113537
56965254,🛵🔥 BICIMOTO FÉNIX — ELÉCTRICA 🔥🛵,1500.0,USD,La Habana,Arroyo Naranjo,"marca, tipo_bateria, autonomia_km","faltan campos obligatorios: marca, tipo_bateria, autonomia_km",faltan_campos,https://www.revolico.com/search?q=bicimoto+electrica&page=6,https://www.revolico.com/item/bicimoto-fenix-electrica-56965254
57588345,BICICLETA 26 BICICLETA 26 DE PASEO BICICLETA 24 Y 27 DE MONTAÑA Y BICICLETA 20 DE NIÑOS,,,La Habana,Guanabacoa,"marca, tipo_bateria, autonomia_km, precio_usd","faltan campos obligatorios: marca, tipo_bateria, autonomia_km, precio_usd",faltan_campos,https://www.revolico.com/search?q=e-bike&page=4,https://www.revolico.com/item/bicicleta-26-bicicleta-26-de-paseo-bicicleta-20-de-ninos-bicicleta-24-y-26-de-montana-y-bicicleta-20-de-ninos-57588345
56850881,BICICLETA ELECTRICA E-BIKE,,,La Habana,Playa,"marca, tipo_bateria, autonomia_km, precio_usd","faltan campos obligatorios: marca, tipo_bateria, autonomia_km, precio_usd",faltan_campos,https://www.revolico.com/search?q=e-bike&page=1,https://www.revolico.com/item/bicicleta-electrica-e-bike-56850881
56083866,BICICLETA ELÉCTRICA / BICIMOTO / MOTO ELÉCTRICA / NUEVA / BARATA / BUENA AUTONOMÍA /,,,La Habana,Playa,"marca, tipo_bateria, autonomia_km, precio_usd","faltan campos obligatorios: marca, tipo_bateria, autonomia_km, precio_usd",faltan_campos,https://www.revolico.com/search?q=bicimoto+electrica&page=5,https://www.revolico.com/item/bicicleta-electrica-bicimoto-moto-electrica-nueva-barata-buena-autonomia-56083866
56083799,BICICLETA ELÉCTRICA / EBRIKE 5th / 14’ / BICIMOTO / MOTO ELÉCTRICA / BARATA / CON PAPELES /,,,La Habana,Playa,"marca, tipo_bateria, autonomia_km, precio_usd","faltan campos obligatorios: marca, tipo_bateria, autonomia_km, precio_usd",faltan_campos,https://www.revolico.com/search?q=bicimoto+electrica&page=6,https://www.revolico.com/item/bicicleta-electrica-ebrike-5th-14-bicimoto-moto-electrica-barata-con-papeles-56083799
57475029,BICICLETA ELÉCTRICA ESKUTE T300 PLUS,,,La Habana,Plaza,"marca, tipo_bateria, autonomia_km, precio_usd","faltan campos obligatorios: marca, tipo_bateria, autonomia_km, precio_usd",faltan_campos,https://www.revolico.com/search?q=bicicleta+electrica&page=9,https://www.revolico.com/item/bicicleta-electrica-eskute-t300-plus-57475029
57641810,BICICLETA ELÉCTRICA GS3 ⚙️,,,La Habana,Plaza,"marca, tipo_bateria, autonomia_km, precio_usd","faltan campos obligatorios: marca, tipo_bateria, autonomia_km, precio_usd",faltan_campos,https://www.revolico.com/search?q=bicicleta+electrica&page=6,https://www.revolico.com/item/bicicleta-electrica-gs3-57641810
57694513,BICICLETA ELÉCTRICA MOVCAN V30,,,La Habana,Centro Habana,"marca, tipo_bateria, autonomia_km, precio_usd","faltan campos obligatorios: marca, tipo_bateria, autonomia_km, precio_usd",faltan_campos,https://www.revolico.com/search?q=bicicleta+electrica&page=5,https://www.revolico.com/item/bicicleta-electrica-movcan-v30-57694513
57484912,BICICLETA ELÉCTRICA MOVCAN V30,,,La Habana,Centro Habana,"marca, tipo_bateria, autonomia_km, precio_usd","faltan campos obligatorios: marca, tipo_bateria, autonomia_km, precio_usd",faltan_campos,https://www.revolico.com/search?q=bicicleta+electrica&page=9,https://www.revolico.com/item/bicicleta-electrica-movcan-v30-57484912
57452054,BICICLETA ELÉCTRICA X80 PRO ⚙️ ESPECIFICACIONES • 1500 Wats • ⁠48 Volt • ⁠15 Ampere • ⁠5 Velocidades •,,,La Habana,Centro Habana,"marca, tipo_bateria, autonomia_km, precio_usd","faltan campos obligatorios: marca, tipo_bateria, autonomia_km, precio_usd",faltan_campos,https://www.revolico.com/search?q=bicicleta+electrica&page=9,https://www.revolico.com/item/bicicleta-electrica-x80-pro-especificaciones-1500-wats-48-volt-15-ampere-5-velocidades-57452054
57438851,BICIMOTO,,,La Habana,Cerro,"marca, tipo_bateria, autonomia_km, precio_usd","faltan campos obligatorios: marca, tipo_bateria, autonomia_km, precio_usd",faltan_campos,https://www.revolico.com/search?q=bicimoto&page=1,https://www.revolico.com/item/bicimoto-57438851
50615323,BICIMOTO / F6 PRO / GARANTIA / NUEVA A ESTRENAR POR USTED / PAPELES EN REGLA / BICICLETA ELÉCTRICA,,,La Habana,Habana del Este,"marca, tipo_bateria, autonomia_km, precio_usd","faltan campos obligatorios: marca, tipo_bateria, autonomia_km, precio_usd",faltan_campos,https://www.revolico.com/search?q=bicimoto+electrica&page=6,https://www.revolico.com/item/bicimoto-f6-pro-garantia-nueva-a-estrenar-por-usted-papeles-en-regla-bicicleta-electrica-50615323
57618334,BICIMOTO DCMZL,,,La Habana,Centro Habana,"marca, tipo_bateria, autonomia_km, precio_usd","faltan campos obligatorios: marca, tipo_bateria, autonomia_km, precio_usd",faltan_campos,https://www.revolico.com/search?q=bicimoto&page=6,https://www.revolico.com/item/bicimoto-dcmzl-57618334
57367700,BICIMOTO Eléctrica,,,La Habana,Centro Habana,"marca, tipo_bateria, autonomia_km, precio_usd","faltan campos obligatorios: marca, tipo_bateria, autonomia_km, precio_usd",faltan_campos,https://www.revolico.com/search?q=bicimoto+electrica&page=1,https://www.revolico.com/item/bicimoto-electrica-57367700
57433830,BICIMOTO MOUNTAIN GEN 17,,,La Habana,Arroyo Naranjo,"marca, tipo_bateria, autonomia_km, precio_usd","faltan campos obligatorios: marca, tipo_bateria, autonomia_km, precio_usd",faltan_campos,https://www.revolico.com/search?q=bicimoto&page=10,https://www.revolico.com/item/bicimoto-mountain-gen-17-57433830
57513852,Bicicleta 20 Silver Bike,,,La Habana,Boyeros,"marca, tipo_bateria, autonomia_km, precio_usd","faltan campos obligatorios: marca, tipo_bateria, autonomia_km, precio_usd",faltan_campos,https://www.revolico.com/search?q=e-bike&page=1,https://www.revolico.com/item/bicicleta-20-silver-bike-57513852
57513238,Bicicleta 26 Silver Bike,,,La Habana,Boyeros,"marca, tipo_bateria, autonomia_km, precio_usd","faltan campos obligatorios: marca, tipo_bateria, autonomia_km, precio_usd",faltan_campos,https://www.revolico.com/search?q=e-bike&page=1,https://www.revolico.com/item/bicicleta-26-silver-bike-57513238
57623704,Bicicleta Eléctrica,,,Matanzas,Cárdenas,"marca, tipo_bateria, autonomia_km, precio_usd","faltan campos obligatorios: marca, tipo_bateria, autonomia_km, precio_usd",faltan_campos,https://www.revolico.com/search?q=bicicleta+electrica&page=1,https://www.revolico.com/item/bicicleta-electrica-57623704
57694427,Bicicleta Eléctrica BEVOMECON,,,La Habana,Centro Habana,"marca, tipo_bateria, autonomia_km, precio_usd","faltan campos obligatorios: marca, tipo_bateria, autonomia_km, precio_usd",faltan_campos,https://www.revolico.com/search?q=bicicleta+electrica&page=5,https://www.revolico.com/item/bicicleta-electrica-bevomecon-57694427
57487722,Bicicleta Eléctrica BEVOMECON,,,La Habana,Centro Habana,"marca, tipo_bateria, autonomia_km, precio_usd","faltan campos obligatorios: marca, tipo_bateria, autonomia_km, precio_usd",faltan_campos,https://www.revolico.com/search?q=bicicleta+electrica&page=9,https://www.revolico.com/item/bicicleta-electrica-bevomecon-57487722
57694448,Bicicleta Eléctrica TREVALIX,,,La Habana,Centro Habana,"marca, tipo_bateria, autonomia_km, precio_usd","faltan campos obligatorios: marca, tipo_bateria, autonomia_km, precio_usd",faltan_campos,https://www.revolico.com/search?q=bicicleta+electrica&page=5,https://www.revolico.com/item/bicicleta-electrica-trevalix-57694448
57694480,Bicicleta Eléctrica YESELF,,,La Habana,Centro Habana,"marca, tipo_bateria, autonomia_km, precio_usd","faltan campos obligatorios: marca, tipo_bateria, autonomia_km, precio_usd",faltan_campos,https://www.revolico.com/search?q=bicicleta+electrica&page=5,https://www.revolico.com/item/bicicleta-electrica-yeself-57694480
57694479,Bicicleta Eléctrica YESELF,,,La Habana,Centro Habana,"marca, tipo_bateria, autonomia_km, precio_usd","faltan campos obligatorios: marca, tipo_bateria, autonomia_km, precio_usd",faltan_campos,https://www.revolico.com/search?q=bicicleta+electrica&page=5,https://www.revolico.com/item/bicicleta-electrica-yeself-57694479
56905987,Bicicleta de niña,,,La Habana,Arroyo Naranjo,"marca, tipo_bateria, autonomia_km, precio_usd","faltan campos obligatorios: marca, tipo_bateria, autonomia_km, precio_usd",faltan_campos,https://www.revolico.com/search?q=e-bike&page=3,https://www.revolico.com/item/bicicleta-de-nina-56905987
57683753,Bicicleta electrica,,,La Habana,Centro Habana,"marca, tipo_bateria, autonomia_km, precio_usd","faltan campos obligatorios: marca, tipo_bateria, autonomia_km, precio_usd",faltan_campos,https://www.revolico.com/search?q=bicicleta+electrica&page=1,https://www.revolico.com/item/bicicleta-electrica-57683753
57586851,Bicicleta electrica,,,La Habana,Playa,"marca, tipo_bateria, autonomia_km, precio_usd","faltan campos obligatorios: marca, tipo_bateria, autonomia_km, precio_usd",faltan_campos,https://www.revolico.com/search?q=bicicleta+electrica&page=1,https://www.revolico.com/item/bicicleta-electrica-57586851
57586803,Bicicleta electrica,,,La Habana,Boyeros,"marca, tipo_bateria, autonomia_km, precio_usd","faltan campos obligatorios: marca, tipo_bateria, autonomia_km, precio_usd",faltan_campos,https://www.revolico.com/search?q=bicicleta+electrica&page=1,https://www.revolico.com/item/bicicleta-electrica-57586803
57586775,Bicicleta electrica,,,La Habana,Diez de Octubre,"marca, tipo_bateria, autonomia_km, precio_usd","faltan campos obligatorios: marca, tipo_bateria, autonomia_km, precio_usd",faltan_campos,https://www.revolico.com/search?q=bicicleta+electrica&page=1,https://www.revolico.com/item/bicicleta-electrica-57586775
57532409,Bicicleta electrica,,,La Habana,Playa,"marca, tipo_bateria, autonomia_km, precio_usd","faltan campos obligatorios: marca, tipo_bateria, autonomia_km, precio_usd",faltan_campos,https://www.revolico.com/search?q=bicicleta+electrica&page=1,https://www.revolico.com/item/bicicleta-electrica-57532409
57511158,Bicicleta electrica,,,La Habana,Playa,"marca, tipo_bateria, autonomia_km, precio_usd","faltan campos obligatorios: marca, tipo_bateria, autonomia_km, precio_usd",faltan_campos,https://www.revolico.com/search?q=bicicleta+electrica&page=2,https://www.revolico.com/item/bicicleta-electrica-57511158
57436715,Bicicleta electrica,,,La Habana,Playa,"marca, tipo_bateria, autonomia_km, precio_usd","faltan campos obligatorios: marca, tipo_bateria, autonomia_km, precio_usd",faltan_campos,https://www.revolico.com/search?q=bicicleta+electrica&page=2,https://www.revolico.com/item/bicicleta-electrica-57436715
57434368,Bicicleta electrica,,,La Habana,Playa,"marca, tipo_bateria, autonomia_km, precio_usd","faltan campos obligatorios: marca, tipo_bateria, autonomia_km, precio_usd",faltan_campos,https://www.revolico.com/search?q=bicicleta+electrica&page=2,https://www.revolico.com/item/bicicleta-electrica-57434368
57434158,Bicicleta electrica,,,La Habana,Diez de Octubre,"marca, tipo_bateria, autonomia_km, precio_usd","faltan campos obligatorios: marca, tipo_bateria, autonomia_km, precio_usd",faltan_campos,https://www.revolico.com/search?q=bicicleta+electrica&page=2,https://www.revolico.com/item/bicicleta-electrica-57434158
57066913,Bicicleta electrica,,,La Habana,Playa,"marca, tipo_bateria, autonomia_km, precio_usd","faltan campos obligatorios: marca, tipo_bateria, autonomia_km, precio_usd",faltan_campos,https://www.revolico.com/search?q=bicicleta+electrica&page=3,https://www.revolico.com/item/bicicleta-electrica-57066913
57034355,Bicicleta electrica,,,La Habana,Guanabacoa,"marca, tipo_bateria, autonomia_km, precio_usd","faltan campos obligatorios: marca, tipo_bateria, autonomia_km, precio_usd",faltan_campos,https://www.revolico.com/search?q=bicicleta+electrica&page=3,https://www.revolico.com/item/bicicleta-electrica-57034355
57034324,Bicicleta electrica,,,La Habana,Centro Habana,"marca, tipo_bateria, autonomia_km, precio_usd","faltan campos obligatorios: marca, tipo_bateria, autonomia_km, precio_usd",faltan_campos,https://www.revolico.com/search?q=bicicleta+electrica&page=3,https://www.revolico.com/item/bicicleta-electrica-57034324
56992627,Bicicleta electrica,,,La Habana,Diez de Octubre,"marca, tipo_bateria, autonomia_km, precio_usd","faltan campos obligatorios: marca, tipo_bateria, autonomia_km, precio_usd",faltan_campos,https://www.revolico.com/search?q=bicicleta+electrica&page=3,https://www.revolico.com/item/bicicleta-electrica-56992627
56939743,Bicicleta electrica,,,La Habana,Guanabacoa,"marca, tipo_bateria, autonomia_km, precio_usd","faltan campos obligatorios: marca, tipo_bateria, autonomia_km, precio_usd",faltan_campos,https://www.revolico.com/search?q=bicicleta+electrica&page=3,https://www.revolico.com/item/bicicleta-electrica-56939743
56886758,Bicicleta electrica,,,La Habana,Plaza,"marca, tipo_bateria, autonomia_km, precio_usd","faltan campos obligatorios: marca, tipo_bateria, autonomia_km, precio_usd",faltan_campos,https://www.revolico.com/search?q=bicicleta+electrica&page=4,https://www.revolico.com/item/bicicleta-electrica-56886758
56886741,Bicicleta electrica,,,La Habana,Marianao,"marca, tipo_bateria, autonomia_km, precio_usd","faltan campos obligatorios: marca, tipo_bateria, autonomia_km, precio_usd",faltan_campos,https://www.revolico.com/search?q=bicicleta+electrica&page=4,https://www.revolico.com/item/bicicleta-electrica-56886741
56886724,Bicicleta electrica,,,La Habana,Habana Vieja,"marca, tipo_bateria, autonomia_km, precio_usd","faltan campos obligatorios: marca, tipo_bateria, autonomia_km, precio_usd",faltan_campos,https://www.revolico.com/search?q=bicicleta+electrica&page=4,https://www.revolico.com/item/bicicleta-electrica-56886724
56886715,Bicicleta electrica,,,La Habana,Arroyo Naranjo,"marca, tipo_bateria, autonomia_km, precio_usd","faltan campos obligatorios: marca, tipo_bateria, autonomia_km, precio_usd",faltan_campos,https://www.revolico.com/search?q=bicicleta+electrica&page=4,https://www.revolico.com/item/bicicleta-electrica-56886715
57619369,Bicicleta eléctrica,,,La Habana,Centro Habana,"marca, tipo_bateria, autonomia_km, precio_usd","faltan campos obligatorios: marca, tipo_bateria, autonomia_km, precio_usd",faltan_campos,https://www.revolico.com/search?q=bicicleta+electrica&page=1,https://www.revolico.com/item/bicicleta-electrica-57619369
57002826,Bicicleta eléctrica,,,La Habana,Plaza,"marca, tipo_bateria, autonomia_km, precio_usd","faltan campos obligatorios: marca, tipo_bateria, autonomia_km, precio_usd",faltan_campos,https://www.revolico.com/search?q=bicicleta+electrica&page=3,https://www.revolico.com/item/bicicleta-electrica-57002826
56859979,Bicicleta eléctrica,,,La Habana,San Miguel del Padrón,"marca, tipo_bateria, autonomia_km, precio_usd","faltan campos obligatorios: marca, tipo_bateria, autonomia_km, precio_usd",faltan_campos,https://www.revolico.com/search?q=bicicleta+electrica&page=4,https://www.revolico.com/item/bicicleta-electrica-56859979
56853371,Bicicleta eléctrica,,,Ciego de Ávila,Ciego de Ávila,"marca, tipo_bateria, autonomia_km, precio_usd","faltan campos obligatorios: marca, tipo_bateria, autonomia_km, precio_usd",faltan_campos,https://www.revolico.com/search?q=bicicleta+electrica&page=4,https://www.revolico.com/item/bicicleta-electrica-56853371
56755383,Bicicleta eléctrica,,,La Habana,Centro Habana,"marca, tipo_bateria, autonomia_km, precio_usd","faltan campos obligatorios: marca, tipo_bateria, autonomia_km, precio_usd",faltan_campos,https://www.revolico.com/search?q=bicicleta+electrica&page=4,https://www.revolico.com/item/bicicleta-electrica-56755383
56092815,Bicicleta eléctrica,,,La Habana,Plaza,"marca, tipo_bateria, autonomia_km, precio_usd","faltan campos obligatorios: marca, tipo_bateria, autonomia_km, precio_usd",faltan_campos,https://www.revolico.com/search?q=bicicleta+electrica&page=5,https://www.revolico.com/item/bicicleta-electrica-56092815
55202578,Bicicleta eléctrica,,,La Habana,Playa,"marca, tipo_bateria, autonomia_km, precio_usd","faltan campos obligatorios: marca, tipo_bateria, autonomia_km, precio_usd",faltan_campos,https://www.revolico.com/search?q=bicicleta+electrica&page=5,https://www.revolico.com/item/bicicleta-electrica-55202578
56902453,Bicicleta eléctrica T1 14 inch E-Bike*,,,La Habana,Cerro,"marca, tipo_bateria, autonomia_km, precio_usd","faltan campos obligatorios: marca, tipo_bateria, autonomia_km, precio_usd",faltan_campos,https://www.revolico.com/search?q=e-bike&page=2,https://www.revolico.com/item/bicicleta-electrica-t1-14-inch-e-bike-56902453
57581775,Bicicletas 24 silver bike,,,La Habana,Diez de Octubre,"marca, tipo_bateria, autonomia_km, precio_usd","faltan campos obligatorios: marca, tipo_bateria, autonomia_km, precio_usd",faltan_campos,https://www.revolico.com/search?q=e-bike&page=1,https://www.revolico.com/item/bicicletas-24-silver-bike-57581775
56688001,Bicicletas Silver bike medida 20 y 24,,,La Habana,Diez de Octubre,"marca, tipo_bateria, autonomia_km, precio_usd","faltan campos obligatorios: marca, tipo_bateria, autonomia_km, precio_usd",faltan_campos,https://www.revolico.com/search?q=e-bike&page=1,https://www.revolico.com/item/bicicletas-silver-bike-medida-20-y-24-56688001
56120261,Bicicletas eléctricas-bicimotos,,,La Habana,Centro Habana,"marca, tipo_bateria, autonomia_km, precio_usd","faltan campos obligatorios: marca, tipo_bateria, autonomia_km, precio_usd",faltan_campos,https://www.revolico.com/search?q=bici+electrica&page=3,https://www.revolico.com/item/bicicletas-electricas-bicimotos-56120261
56520926,"Bicicletas medida 20, silver bike",,,La Habana,Diez de Octubre,"marca, tipo_bateria, autonomia_km, precio_usd","faltan campos obligatorios: marca, tipo_bateria, autonomia_km, precio_usd",faltan_campos,https://www.revolico.com/search?q=e-bike&page=2,https://www.revolico.com/item/bicicletas-medida-20-silver-bike-56520926
57471353,Bicicletas medida 24,,,La Habana,Diez de Octubre,"marca, tipo_bateria, autonomia_km, precio_usd","faltan campos obligatorios: marca, tipo_bateria, autonomia_km, precio_usd",faltan_campos,https://www.revolico.com/search?q=e-bike&page=3,https://www.revolico.com/item/bicicletas-medida-24-57471353
56721518,Bicicletas nuevas en sus cajas oferta especial x las vacaciones,,,La Habana,Diez de Octubre,"marca, tipo_bateria, autonomia_km, precio_usd","faltan campos obligatorios: marca, tipo_bateria, autonomia_km, precio_usd",faltan_campos,https://www.revolico.com/search?q=e-bike&page=4,https://www.revolico.com/item/bicicletas-nuevas-en-sus-cajas-oferta-especial-x-las-vacaciones-56721518
56562338,"Bicicletas para niños todas las medidas 12, 16, 20 y 24",,,La Habana,Diez de Octubre,"marca, tipo_bateria, autonomia_km, precio_usd","faltan campos obligatorios: marca, tipo_bateria, autonomia_km, precio_usd",faltan_campos,https://www.revolico.com/search?q=e-bike&page=4,https://www.revolico.com/item/bicicletas-para-ninos-todas-las-medidas-12-16-20-y-24-56562338
57618542,Bicimoto,,,La Habana,Centro Habana,"marca, tipo_bateria, autonomia_km, precio_usd","faltan campos obligatorios: marca, tipo_bateria, autonomia_km, precio_usd",faltan_campos,https://www.revolico.com/search?q=bicimoto&page=1,https://www.revolico.com/item/bicimoto-57618542
57594930,Bicimoto,,,La Habana,Boyeros,"marca, tipo_bateria, autonomia_km, precio_usd","faltan campos obligatorios: marca, tipo_bateria, autonomia_km, precio_usd",faltan_campos,https://www.revolico.com/search?q=bicimoto&page=1,https://www.revolico.com/item/bicimoto-57594930
57408271,Bicimoto,,,La Habana,Plaza,"marca, tipo_bateria, autonomia_km, precio_usd","faltan campos obligatorios: marca, tipo_bateria, autonomia_km, precio_usd",faltan_campos,https://www.revolico.com/search?q=bicimoto&page=1,https://www.revolico.com/item/bicimoto-57408271
57388665,Bicimoto,,,La Habana,Plaza,"marca, tipo_bateria, autonomia_km, precio_usd","faltan campos obligatorios: marca, tipo_bateria, autonomia_km, precio_usd",faltan_campos,https://www.revolico.com/search?q=bicimoto&page=1,https://www.revolico.com/item/bicimoto-57388665
57387316,Bicimoto,,,La Habana,Plaza,"marca, tipo_bateria, autonomia_km, precio_usd","faltan campos obligatorios: marca, tipo_bateria, autonomia_km, precio_usd",faltan_campos,https://www.revolico.com/search?q=bicimoto&page=1,https://www.revolico.com/item/bicimoto-57387316
57312710,Bicimoto,,,La Habana,San Miguel del Padrón,"marca, tipo_bateria, autonomia_km, precio_usd","faltan campos obligatorios: marca, tipo_bateria, autonomia_km, precio_usd",faltan_campos,https://www.revolico.com/search?q=bicimoto&page=2,https://www.revolico.com/item/bicimoto-57312710
57194329,Bicimoto,,,La Habana,Centro Habana,"marca, tipo_bateria, autonomia_km, precio_usd","faltan campos obligatorios: marca, tipo_bateria, autonomia_km, precio_usd",faltan_campos,https://www.revolico.com/search?q=bicimoto&page=2,https://www.revolico.com/item/bicimoto-57194329
57194098,Bicimoto,,,La Habana,Diez de Octubre,"marca, tipo_bateria, autonomia_km, precio_usd","faltan campos obligatorios: marca, tipo_bateria, autonomia_km, precio_usd",faltan_campos,https://www.revolico.com/search?q=bicimoto&page=2,https://www.revolico.com/item/bicimoto-57194098
57157331,Bicimoto,,,La Habana,Plaza,"marca, tipo_bateria, autonomia_km, precio_usd","faltan campos obligatorios: marca, tipo_bateria, autonomia_km, precio_usd",faltan_campos,https://www.revolico.com/search?q=bicimoto&page=2,https://www.revolico.com/item/bicimoto-57157331
57157289,Bicimoto,,,La Habana,Plaza,"marca, tipo_bateria, autonomia_km, precio_usd","faltan campos obligatorios: marca, tipo_bateria, autonomia_km, precio_usd",faltan_campos,https://www.revolico.com/search?q=bicimoto&page=2,https://www.revolico.com/item/bicimoto-57157289
57157151,Bicimoto,,,La Habana,Plaza,"marca, tipo_bateria, autonomia_km, precio_usd","faltan campos obligatorios: marca, tipo_bateria, autonomia_km, precio_usd",faltan_campos,https://www.revolico.com/search?q=bicimoto&page=2,https://www.revolico.com/item/bicimoto-57157151
57156974,Bicimoto,,,La Habana,Plaza,"marca, tipo_bateria, autonomia_km, precio_usd","faltan campos obligatorios: marca, tipo_bateria, autonomia_km, precio_usd",faltan_campos,https://www.revolico.com/search?q=bicimoto&page=2,https://www.revolico.com/item/bicimoto-57156974
56628718,Bicimoto,,,La Habana,Plaza,"marca, tipo_bateria, autonomia_km, precio_usd","faltan campos obligatorios: marca, tipo_bateria, autonomia_km, precio_usd",faltan_campos,https://www.revolico.com/search?q=bicimoto&page=3,https://www.revolico.com/item/bicimoto-56628718
56585459,Bicimoto,,,La Habana,Arroyo Naranjo,"marca, tipo_bateria, autonomia_km, precio_usd","faltan campos obligatorios: marca, tipo_bateria, autonomia_km, precio_usd",faltan_campos,https://www.revolico.com/search?q=bicimoto&page=3,https://www.revolico.com/item/bicimoto-56585459
56543338,Bicimoto,,,La Habana,Cerro,"marca, tipo_bateria, autonomia_km, precio_usd","faltan campos obligatorios: marca, tipo_bateria, autonomia_km, precio_usd",faltan_campos,https://www.revolico.com/search?q=bicimoto&page=3,https://www.revolico.com/item/bicimoto-56543338
57464346,Bicimoto Mishozuki Galáctica,,,La Habana,Plaza,"marca, tipo_bateria, autonomia_km, precio_usd","faltan campos obligatorios: marca, tipo_bateria, autonomia_km, precio_usd",faltan_campos,https://www.revolico.com/search?q=bicimoto&page=10,https://www.revolico.com/item/bicimoto-mishozuki-galactica-57464346
57477400,Bicimoto Yoasaky,,CUP,La Habana,Centro Habana,"marca, tipo_bateria, autonomia_km, precio_usd","faltan campos obligatorios: marca, tipo_bateria, autonomia_km, precio_usd",faltan_campos,https://www.revolico.com/search?q=bicimoto&page=10,https://www.revolico.com/item/bicimoto-yoasaky-57477400
57290128,Bicimoto electrica,,,La Habana,La Lisa,"marca, tipo_bateria, autonomia_km, precio_usd","faltan campos obligatorios: marca, tipo_bateria, autonomia_km, precio_usd",faltan_campos,https://www.revolico.com/search?q=bicimoto+electrica&page=1,https://www.revolico.com/item/bicimoto-electrica-57290128
57586151,Bicimoto electricas,,,La Habana,Boyeros,"marca, tipo_bateria, autonomia_km, precio_usd","faltan campos obligatorios: marca, tipo_bateria, autonomia_km, precio_usd",faltan_campos,https://www.revolico.com/search?q=bicimoto&page=7,https://www.revolico.com/item/bicimoto-electricas-57586151
57206778,Bicimoto en venta,,,La Habana,Arroyo Naranjo,"marca, tipo_bateria, autonomia_km, precio_usd","faltan campos obligatorios: marca, tipo_bateria, autonomia_km, precio_usd",faltan_campos,https://www.revolico.com/search?q=bicimoto+electrica&page=6,https://www.revolico.com/item/bicimoto-en-venta-57206778
57594518,Bicimoto y bicicleta eléctrica,,,La Habana,Cerro,"marca, tipo_bateria, autonomia_km, precio_usd","faltan campos obligatorios: marca, tipo_bateria, autonomia_km, precio_usd",faltan_campos,https://www.revolico.com/search?q=bicimoto&page=6,https://www.revolico.com/item/bicimoto-y-bicicleta-electrica-57594518
57653601,Cambio está bici electrica de uso pero en buen estado por una Bicimoto de uso q esté en buen estado doy dinero por arrib,,,Guantánamo,Guantánamo,"marca, tipo_bateria, autonomia_km, precio_usd","faltan campos obligatorios: marca, tipo_bateria, autonomia_km, precio_usd",faltan_campos,https://www.revolico.com/search?q=bici+electrica&page=1,https://www.revolico.com/item/cambio-esta-bici-electrica-de-uso-pero-en-buen-estado-por-una-bicimoto-de-uso-q-este-en-buen-estado-doy-dinero-por-arrib-57653601
57693020,"Candado de combinacion numerica para bicicleta, bicicleta eléctrica, bicimoto",,CUP,La Habana,Playa,"marca, tipo_bateria, autonomia_km, precio_usd","faltan campos obligatorios: marca, tipo_bateria, autonomia_km, precio_usd",faltan_campos,https://www.revolico.com/search?q=bicimoto+electrica&page=5,https://www.revolico.com/item/candado-de-combinacion-numerica-para-bicicleta-bicicleta-electrica-bicimoto-57693020
57472664,Chicharra para cualquier generación de bicimoto y bici electrica,,CUP,La Habana,Boyeros,"marca, tipo_bateria, autonomia_km, precio_usd","faltan campos obligatorios: marca, tipo_bateria, autonomia_km, precio_usd",faltan_campos,https://www.revolico.com/search?q=bici+electrica&page=1,https://www.revolico.com/item/chicharra-para-cualquier-generacion-de-bicimoto-y-bici-electrica-57472664
56876770,Compro motor de bicimoto Eléctrica.,,,La Habana,Plaza,"marca, tipo_bateria, autonomia_km, precio_usd","faltan campos obligatorios: marca, tipo_bateria, autonomia_km, precio_usd",faltan_campos,https://www.revolico.com/search?q=bicimoto+electrica&page=5,https://www.revolico.com/item/compro-motor-de-bicimoto-electrica-56876770
57694395,E Bike Sport,,,La Habana,Centro Habana,"marca, tipo_bateria, autonomia_km, precio_usd","faltan campos obligatorios: marca, tipo_bateria, autonomia_km, precio_usd",faltan_campos,https://www.revolico.com/search?q=e-bike&page=1,https://www.revolico.com/item/e-bike-sport-57694395
57648727,Goma de moto eléctrica y bicimoto,,,La Habana,Plaza,"marca, tipo_bateria, autonomia_km, precio_usd","faltan campos obligatorios: marca, tipo_bateria, autonomia_km, precio_usd",faltan_campos,https://www.revolico.com/search?q=bicimoto+electrica&page=5,https://www.revolico.com/item/goma-de-moto-electrica-y-bicimoto-57648727
57346604,MENSAJERO,,CUP,La Habana,Playa,"marca, tipo_bateria, autonomia_km, precio_usd","faltan campos obligatorios: marca, tipo_bateria, autonomia_km, precio_usd",faltan_campos,https://www.revolico.com/search?q=bici+electrica&page=3,https://www.revolico.com/item/mensajerotaxi-57346604
54351364,Mensajero amateur,,CUP,La Habana,San Miguel del Padrón,"marca, tipo_bateria, autonomia_km, precio_usd","faltan campos obligatorios: marca, tipo_bateria, autonomia_km, precio_usd",faltan_campos,https://www.revolico.com/search?q=bici+electrica&page=3,https://www.revolico.com/item/mensajero-amateur-54351364
57614362,Moto de combustión y bicimoto eléctrica,,,La Habana,Diez de Octubre,"marca, tipo_bateria, autonomia_km, precio_usd","faltan campos obligatorios: marca, tipo_bateria, autonomia_km, precio_usd",faltan_campos,https://www.revolico.com/search?q=bicimoto+electrica&page=5,https://www.revolico.com/item/moto-de-combustion-y-bicimoto-electrica-57614362
54799668,Puños de acelerador de moto electrica y bicimoto 3 velocidades y retroceso,,CUP,La Habana,Regla,"marca, tipo_bateria, autonomia_km, precio_usd","faltan campos obligatorios: marca, tipo_bateria, autonomia_km, precio_usd",faltan_campos,https://www.revolico.com/search?q=bicimoto+electrica&page=5,https://www.revolico.com/item/punos-de-acelerador-de-moto-electrica-y-bicimoto-3-velocidades-y-retroceso-54799668
57161626,UNIBIKE F1 PRO Bici Eléctrica,,,La Habana,Habana Vieja,"marca, tipo_bateria, autonomia_km, precio_usd","faltan campos obligatorios: marca, tipo_bateria, autonomia_km, precio_usd",faltan_campos,https://www.revolico.com/search?q=bici+electrica&page=1,https://www.revolico.com/item/unibike-f1-pro-bici-electrica-57161626
56522507,VENTA DE BICI MOTO ELÉCTRICA,,,La Habana,Centro Habana,"marca, tipo_bateria, autonomia_km, precio_usd","faltan campos obligatorios: marca, tipo_bateria, autonomia_km, precio_usd",faltan_campos,https://www.revolico.com/search?q=bici+electrica&page=2,https://www.revolico.com/item/venta-de-bici-moto-electrica-56522507
56957374,VENTA DE BICIMOTO ELÉCTRICA YOAZAKI GALÁTICA,,,La Habana,Playa,"marca, tipo_bateria, autonomia_km, precio_usd","faltan campos obligatorios: marca, tipo_bateria, autonomia_km, precio_usd",faltan_campos,https://www.revolico.com/search?q=bicimoto+electrica&page=5,https://www.revolico.com/item/venta-de-bicimoto-electrica-yoazaki-galatica-56957374
57532862,Venta de Bicicletas Eléctricas.,,,La Habana,Centro Habana,"marca, tipo_bateria, autonomia_km, precio_usd","faltan campos obligatorios: marca, tipo_bateria, autonomia_km, precio_usd",faltan_campos,https://www.revolico.com/search?q=e-bike&page=4,https://www.revolico.com/item/venta-de-bicicletas-electricas-57532862
57053083,Venta de productos por cantidad,,,La Habana,Arroyo Naranjo,"marca, tipo_bateria, autonomia_km, precio_usd","faltan campos obligatorios: marca, tipo_bateria, autonomia_km, precio_usd",faltan_campos,https://www.revolico.com/search?q=bici+electrica&page=3,https://www.revolico.com/item/venta-de-productos-por-cantidad-57053083
57395971,bicicleta eléctrica plegable nueva en su caja,,,La Habana,Centro Habana,"marca, tipo_bateria, autonomia_km, precio_usd","faltan campos obligatorios: marca, tipo_bateria, autonomia_km, precio_usd",faltan_campos,https://www.revolico.com/search?q=bicicleta+electrica&page=10,https://www.revolico.com/item/bicicleta-electrica-plegable-nueva-en-su-caja-57395971
56958937,bicimoto,,,La Habana,Plaza,"marca, tipo_bateria, autonomia_km, precio_usd","faltan campos obligatorios: marca, tipo_bateria, autonomia_km, precio_usd",faltan_campos,https://www.revolico.com/search?q=bicimoto&page=2,https://www.revolico.com/item/bicimoto-56958937
56577936,bicimoto,,,La Habana,Diez de Octubre,"marca, tipo_bateria, autonomia_km, precio_usd","faltan campos obligatorios: marca, tipo_bateria, autonomia_km, precio_usd",faltan_campos,https://www.revolico.com/search?q=bicimoto&page=3,https://www.revolico.com/item/bicimoto-56577936
56991578,bicimoto electrica,,,La Habana,Plaza,"marca, tipo_bateria, autonomia_km, precio_usd","faltan campos obligatorios: marca, tipo_bateria, autonomia_km, precio_usd",faltan_campos,https://www.revolico.com/search?q=bicimoto+electrica&page=1,https://www.revolico.com/item/bicimoto-electrica-56991578
56720666,bicimoto eléctrica,,,La Habana,Centro Habana,"marca, tipo_bateria, autonomia_km, precio_usd","faltan campos obligatorios: marca, tipo_bateria, autonomia_km, precio_usd",faltan_campos,https://www.revolico.com/search?q=bicimoto+electrica&page=1,https://www.revolico.com/item/bicimoto-electrica-56720666
57507532,se compra motor de bicimoto electrica 48v 350w ....contacto ...José 54632036,,,La Habana,Plaza,"marca, tipo_bateria, autonomia_km, precio_usd","faltan campos obligatorios: marca, tipo_bateria, autonomia_km, precio_usd",faltan_campos,https://www.revolico.com/search?q=bicimoto+electrica&page=5,https://www.revolico.com/item/se-compra-motor-de-bicimoto-electrica-48v-350w-contacto-jose-54632036-57507532
57637177,"🔥*OFERTA DISPONIBLE DE BICICLETA 26,26 DE PASEO ,24 Y 27 DE MONTAÑA Y BICICLETA 20 PARA NIÑOS*🔥",,,La Habana,Guanabacoa,"marca, tipo_bateria, autonomia_km, precio_usd","faltan campos obligatorios: marca, tipo_bateria, autonomia_km, precio_usd",faltan_campos,https://www.revolico.com/search?q=e-bike&page=4,https://www.revolico.com/item/oferta-disponible-de-bicicleta-2626-de-paseo-24-y-27-de-montana-y-bicicleta-20-para-ninos-57637177
57059168,BICI MOTO ELÉCTRICA HACEN 120KM,,,La Habana,Centro Habana,"marca, tipo_bateria, precio_usd","faltan campos obligatorios: marca, tipo_bateria, precio_usd",faltan_campos,https://www.revolico.com/search?q=bici+electrica&page=2,https://www.revolico.com/item/bici-moto-electrica-hacen-120km-57059168
57452082,BICICLETA ELÉCTRICA UNIBIKE F1 PRO ⚙️CARACTERÍSTICAS: • 1000 Wats • 48v • 15ah • Autonomía: 50-60km por carga,,,La Habana,Centro Habana,"marca, tipo_bateria, precio_usd","faltan campos obligatorios: marca, tipo_bateria, precio_usd",faltan_campos,https://www.revolico.com/search?q=bicicleta+electrica&page=9,https://www.revolico.com/item/bicicleta-electrica-unibike-f1-pro-caracteristicas-1000-wats-48v-15ah-autonomia-50-60km-por-carga-57452082
57452209,BICIMOTO MAF ⚙️ESPECIFICACIONES • 800 Wats • ⁠72 Volt • ⁠20 Ah • ⁠Autonomía de 60 KM • ⁠Velocidad Máxima de 60 KM/H,,,La Habana,Centro Habana,"marca, tipo_bateria, precio_usd","faltan campos obligatorios: marca, tipo_bateria, precio_usd",faltan_campos,https://www.revolico.com/search?q=bicimoto&page=10,https://www.revolico.com/item/bicimoto-maf-especificaciones-800-wats-72-volt-20-ah-autonomia-de-60-km-velocidad-maxima-de-60-kmh-57452209
57452149,BICIMOTO JMD 2026 ⚙️CARACTERÍSTICAS: • 3000 W • ⁠48 Volt • ⁠50 Amp • ⁠batería de litio antiexplosiva•Hasta 120km,,,La Habana,Centro Habana,precio_usd,faltan campos obligatorios: precio_usd,faltan_campos,https://www.revolico.com/search?q=bicimoto&page=10,https://www.revolico.com/item/bicimoto-jmd-2026-caracteristicas-3000-w-48-volt-50-amp-bateria-de-litio-antiexplosivahasta-120km-57452149
57434328,"Bicicleta eléctrica marca Ava 48 v 20 amp. Con batería de litio, hace una autonomía aproximada de 70 km.",,,La Habana,Diez de Octubre,precio_usd,faltan campos obligatorios: precio_usd,faltan_campos,https://www.revolico.com/search?q=bicicleta+electrica&page=9,https://www.revolico.com/item/bicicleta-electrica-marca-ava-48-v-20-amp-con-bateria-de-litio-hace-una-autonomia-aproximada-de-70-km-57434328
57365034,"Bicicleta eléctrica marca Ava 48 v 20 amp. Con batería de litio, hace una autonomía aproximada de 70 km.,A 890 usd.",,,La Habana,Centro Habana,precio_usd,faltan campos obligatorios: precio_usd,faltan_campos,https://www.revolico.com/search?q=bicicleta+electrica&page=10,https://www.revolico.com/item/bicicleta-electrica-marca-ava-48-v-20-amp-con-bateria-de-litio-hace-una-autonomia-aproximada-de-70-kma-890-usd-57365034
57626741,*BICICLETA ELÉCTRICA BUCATTI* ⚙️CARACTERÍSTICAS: • 1000 WATS • ⁠48 VOLT • ⁠22 AMP • ⁠Autonomía de 70 KM • ⁠Full Luc,1050.0,USD,La Habana,Centro Habana,tipo_bateria,faltan campos obligatorios: tipo_bateria,faltan_campos,https://www.revolico.com/search?q=bicicleta+electrica&page=6,https://www.revolico.com/item/bicicleta-electrica-bucatti-caracteristicas-1000-wats-48-volt-22-amp-autonomia-de-70-km-full-luc-57626741
57478491,*BICIMOTO VEDCA S1* ⚙️ Especificaciones: • Motor: 1000 W • Voltaje: 60 V • Batería: 30 Ah • 🔋 Autonomía: 70 - 80 km,1450.0,USD,La Habana,Playa,tipo_bateria,faltan campos obligatorios: tipo_bateria,faltan_campos,https://www.revolico.com/search?q=bicimoto&page=10,https://www.revolico.com/item/bicimoto-vedca-s1-especificaciones-motor-1000-w-voltaje-60-v-bateria-30-ah-autonomia-70-80-km-57478491
57600818,*BICIMOTO YOAZAKY 707* 🆕 $1670 • 3000W - 48V - 50Ah • Hasta 100 km de autonomía • Velocidad máxima 50 k Vicishop,1670.0,USD,La Habana,Centro Habana,tipo_bateria,faltan campos obligatorios: tipo_bateria,faltan_campos,https://www.revolico.com/search?q=bicimoto&page=6,https://www.revolico.com/item/bicimoto-yoazaky-707-1670-3000w-48v-50ah-hasta-100-km-de-autonomia-velocidad-maxima-50-k-vicishop-57600818
57543469,BICICLETA ELÉCTRICA BUCATTI ⚙️CARACTERÍSTICAS: • 1000 WATS • ⁠48 VOLT • ⁠22 AMP • ⁠Autonomía de 70 KM • ⁠Full Luce,980.0,USD,La Habana,Guanabacoa,tipo_bateria,faltan campos obligatorios: tipo_bateria,faltan_campos,https://www.revolico.com/search?q=bicicleta+electrica&page=8,https://www.revolico.com/item/bicicleta-electrica-bucatti-caracteristicas-1000-wats-48-volt-22-amp-autonomia-de-70-km-full-luce-57543469
57604381,BICIMOTO BUCATTI ULTRA 🛵 Hasta 120 km de autonomía ✅,1750.0,USD,La Habana,Arroyo Naranjo,tipo_bateria,faltan campos obligatorios: tipo_bateria,faltan_campos,https://www.revolico.com/search?q=bicimoto&page=6,https://www.revolico.com/item/bicimoto-bucatti-ultra-hasta-120-km-de-autonomia-57604381
57588062,BICIMOTO CHALLENGER CORLEONE. •Uso mínimo (500km) • Motor: 500 W • Voltaje: 60 V • Batería: 20 Ah • Autonomía: 60 km Se,630.0,USD,La Habana,Habana Vieja,tipo_bateria,faltan campos obligatorios: tipo_bateria,faltan_campos,https://www.revolico.com/search?q=bicimoto&page=7,https://www.revolico.com/item/bicimoto-challenger-corleone-uso-minimo-500km-motor-500-w-voltaje-60-v-bateria-20-ah-autonomia-60-km-se-57588062
57686796,BICIMOTO HALCÓN MOUNTAIN ⚙️ESPECIFICACIONES: • 3000W - 48V - 50 Ah • Hasta 120 km de autonomía • **gestores,1850.0,USD,La Habana,La Lisa,tipo_bateria,faltan campos obligatorios: tipo_bateria,faltan_campos,https://www.revolico.com/search?q=bicimoto&page=4,https://www.revolico.com/item/bicimoto-halcon-mountain-especificaciones-3000w-48v-50-ah-hasta-120-km-de-autonomia-gestores-57686796
57676941,BICIMOTO HALCÓN MOUNTAIN ⚙️ESPECIFICACIONES: • 3000W - 48V - 50 Ah • Hasta 120 km de autonomía • 1850USD,1850.0,USD,La Habana,Centro Habana,tipo_bateria,faltan campos obligatorios: tipo_bateria,faltan_campos,https://www.revolico.com/search?q=bicimoto&page=4,https://www.revolico.com/item/bicimoto-halcon-mountain-especificaciones-3000w-48v-50-ah-hasta-120-km-de-autonomia-1850usd-57676941
57665468,BICIMOTO HALCÓN NOVA 17 GEN 2026 ⚙️CARACTERÍSTICAS: • 3000 Wats • ⁠48 Volt • ⁠50 Ah • Autonomía de 130km • ⁠Frenos,1600.0,USD,La Habana,Diez de Octubre,tipo_bateria,faltan campos obligatorios: tipo_bateria,faltan_campos,https://www.revolico.com/search?q=bicimoto&page=4,https://www.revolico.com/item/bicimoto-halcon-nova-17-gen-2026-caracteristicas-3000-wats-48-volt-50-ah-autonomia-de-130km-frenos-57665468
57454299,BICIMOTO JMD 2026 Nuevas hasta 120Km de Autonomía,1600.0,USD,La Habana,Centro Habana,tipo_bateria,faltan campos obligatorios: tipo_bateria,faltan_campos,https://www.revolico.com/search?q=bicimoto&page=10,https://www.revolico.com/item/bicimoto-jmd-2026-nuevas-hasta-120km-de-autonomia-57454299
57645614,BICIMOTO VEDCA S1 ⚙️ESPECIFICACIONES • 800 Wats • 60 Volt • ⁠30 Amp • ⁠Autonomía de 70 km • ⁠Gomas Rin 14 • ⁠*eas,1400.0,USD,La Habana,La Lisa,tipo_bateria,faltan campos obligatorios: tipo_bateria,faltan_campos,https://www.revolico.com/search?q=bicimoto&page=5,https://www.revolico.com/item/bicimoto-vedca-s1-especificaciones-800-wats-60-volt-30-amp-autonomia-de-70-km-gomas-rin-14-eas-57645614
57543575,BICIMOTO YOAZAKY 707 ⚙️ESPECIFICACIONES: • 3000W - 48V - 50 Ah • Hasta 120 km de autonomía • Velocidad máxima 50 km/h,1600.0,USD,La Habana,Cotorro,tipo_bateria,faltan campos obligatorios: tipo_bateria,faltan_campos,https://www.revolico.com/search?q=bicimoto&page=8,https://www.revolico.com/item/bicimoto-yoazaky-707-especificaciones-3000w-48v-50-ah-hasta-120-km-de-autonomia-velocidad-maxima-50-kmh-57543575
57536811,Bicicleta eléctrica marca T5 Autonomía de 45/50 km Bateria / 48v Velocidad 30 km/ h Peso Máximo de 330 lbs,490.0,USD,La Habana,Centro Habana,tipo_bateria,faltan campos obligatorios: tipo_bateria,faltan_campos,https://www.revolico.com/search?q=bicicleta+electrica&page=8,https://www.revolico.com/item/bicicleta-electrica-marca-t5-autonomia-de-4550-km-bateria-48v-velocidad-30-km-h-peso-maximo-de-330-lbs-57536811
56602486,Bicimoto Eléctrica MIDHA 800W – 60km Autonomía – 845 USD ¡Mejores precios y calidad conmigo!,845.0,USD,La Habana,Cerro,tipo_bateria,faltan campos obligatorios: tipo_bateria,faltan_campos,https://www.revolico.com/search?q=bicimoto+electrica&page=4,https://www.revolico.com/item/patineta-electrica-midha-800w-60km-autonomia-845-usd-mejores-precios-y-calidad-conmigo-56602486
57001101,Bicimoto eléctrica marca MAF . Nueva en su caja🔥 💵Precio : 1130 usd ✅ Batería 72V x 20Amp ✅ Autonomía 70km,1130.0,USD,La Habana,Centro Habana,tipo_bateria,faltan campos obligatorios: tipo_bateria,faltan_campos,https://www.revolico.com/search?q=bicimoto+electrica&page=3,https://www.revolico.com/item/bicimoto-electrica-marca-maf-nueva-en-su-caja-precio-1130-usd-bateria-72v-x-20amp-autonomia-70km-57001101
57644397,Bicimoto jmd 2026 nueva con 200km caminados,1450.0,USD,La Habana,Habana Vieja,tipo_bateria,faltan campos obligatorios: tipo_bateria,faltan_campos,https://www.revolico.com/search?q=bicimoto&page=5,https://www.revolico.com/item/bicimoto-jmd-2026-nueva-con-200km-caminados-57644397
57477811,Bicimoto laituning 60km,750.0,USD,La Habana,Boyeros,tipo_bateria,faltan campos obligatorios: tipo_bateria,faltan_campos,https://www.revolico.com/search?q=bicimoto&page=10,https://www.revolico.com/item/bicimoto-laituning-60km-57477811
56829131,🚴⚡ BICICLETA DTTZH F6 – 1500W – 100 KM AUTONOMÍA – $1100 USD (🚚 ENVÍO GRATIS) ⚡🚴,1100.0,USD,La Habana,Playa,tipo_bateria,faltan campos obligatorios: tipo_bateria,faltan_campos,https://www.revolico.com/search?q=bici+electrica&page=3,https://www.revolico.com/item/bicicleta-dttzh-f6-1500w-100-km-autonomia-1100-usd-envio-gratis-56829131
57480221,🛵 BICIMOTO ELÉCTRICA VEDCA S1 – 800W – 60V/30Ah – 70-90 KM – $1550 USD ⚡,1550.0,USD,La Habana,Playa,tipo_bateria,faltan campos obligatorios: tipo_bateria,faltan_campos,https://www.revolico.com/search?q=bicimoto+electrica&page=4,https://www.revolico.com/item/bicimoto-electrica-vedca-s1-57480221
56543309,🛵 BICIMOTO ELÉCTRICA VEDCA – 0KM – 800W – AUTONOMÍA 80-90 KM – $1640 USD ⚡,1640.0,USD,La Habana,Playa,tipo_bateria,faltan campos obligatorios: tipo_bateria,faltan_campos,https://www.revolico.com/search?q=bicimoto+electrica&page=5,https://www.revolico.com/item/bicimoto-electrica-vedca-0km-800w-autonomia-80-90-km-1640-usd-56543309
57054121,***Bicimoto JMD 48v - 50ah alta eficiencia.. Excelente opcion,1500.0,USD,La Habana,Plaza,"tipo_bateria, autonomia_km","faltan campos obligatorios: tipo_bateria, autonomia_km",faltan_campos,https://www.revolico.com/search?q=bicimoto+electrica&page=6,https://www.revolico.com/item/bicimoto-jmd-48v-50ah-alta-eficiencia-excelente-opcion-57054121
57488462,*BICICLETA ELECTRICA BUCATTI:*,1000.0,USD,La Habana,Diez de Octubre,"tipo_bateria, autonomia_km","faltan campos obligatorios: tipo_bateria, autonomia_km",faltan_campos,https://www.revolico.com/search?q=bicicleta+electrica&page=9,https://www.revolico.com/item/bicicleta-electrica-bucatti-57488462
57381132,*BICICLETA ELECTRICA PORTOBELLO*,550.0,USD,La Habana,Arroyo Naranjo,"tipo_bateria, autonomia_km","faltan campos obligatorios: tipo_bateria, autonomia_km",faltan_campos,https://www.revolico.com/search?q=bicicleta+electrica&page=10,https://www.revolico.com/item/bicicleta-electrica-portobello-57381132
57685728,*BICICLETA ELÉCTRICA BUCATTI NEW POWER 2026* Importadas,980.0,USD,La Habana,Playa,"tipo_bateria, autonomia_km","faltan campos obligatorios: tipo_bateria, autonomia_km",faltan_campos,https://www.revolico.com/search?q=bicicleta+electrica&page=6,https://www.revolico.com/item/bicicleta-electrica-bucatti-new-power-2026-importadas-57685728
57344641,*BICICLETA ELÉCTRICA DTTZH F6 1500W ⚡🚴*,1200.0,USD,La Habana,Diez de Octubre,"tipo_bateria, autonomia_km","faltan campos obligatorios: tipo_bateria, autonomia_km",faltan_campos,https://www.revolico.com/search?q=bicicleta+electrica&page=10,https://www.revolico.com/item/bicicleta-electrica-dttzh-f6-1500w-57344641
57359920,*BICICLETA ELÉCTRICA DTTZH F6*,1100.0,USD,La Habana,Boyeros,"tipo_bateria, autonomia_km","faltan campos obligatorios: tipo_bateria, autonomia_km",faltan_campos,https://www.revolico.com/search?q=bicicleta+electrica&page=10,https://www.revolico.com/item/bicicleta-electrica-dttzh-f6-57359920
57317509,*BICICLETA ELÉCTRICA DTTZH F6* PRODUCTO SELLADO EN SU CAJA,1100.0,USD,La Habana,Cerro,"tipo_bateria, autonomia_km","faltan campos obligatorios: tipo_bateria, autonomia_km",faltan_campos,https://www.revolico.com/search?q=bicicleta+electrica&page=10,https://www.revolico.com/item/bicicleta-electrica-dttzh-f6-producto-sellado-en-su-caja-57317509
57344814,*BICICLETA ELÉCTRICA PLEGABLE PORTO BELLO,530.0,USD,La Habana,Marianao,"tipo_bateria, autonomia_km","faltan campos obligatorios: tipo_bateria, autonomia_km",faltan_campos,https://www.revolico.com/search?q=bicicleta+electrica&page=10,https://www.revolico.com/item/bicicleta-electrica-plegable-porto-bello-57344814
57429588,*BICICLETA ELÉCTRICA PLEGABLE PORTO BELLO*,550.0,USD,La Habana,Playa,"tipo_bateria, autonomia_km","faltan campos obligatorios: tipo_bateria, autonomia_km",faltan_campos,https://www.revolico.com/search?q=bicicleta+electrica&page=9,https://www.revolico.com/item/bicicleta-electrica-plegable-porto-bello-57429588
57357373,*BICICLETA ELÉCTRICA PLEGABLE PORTO BELLO* ⚙️CARACTERÍSTICAS: • 400 W - 48 V - 12 AH • ⁠VELOCIDAD MÁXIMA 32 km/h • ⁠A,555.0,USD,La Habana,Playa,"tipo_bateria, autonomia_km","faltan campos obligatorios: tipo_bateria, autonomia_km",faltan_campos,https://www.revolico.com/search?q=bicicleta+electrica&page=10,https://www.revolico.com/item/bicicleta-electrica-plegable-porto-bello-caracteristicas-400-w-48-v-12-ah-velocidad-maxima-32-kmh-a-57357373
57517461,*BICIMOTO / MOTICO LAITUNING 🛵*,640.0,USD,La Habana,Plaza,"tipo_bateria, autonomia_km","faltan campos obligatorios: tipo_bateria, autonomia_km",faltan_campos,https://www.revolico.com/search?q=bicimoto&page=9,https://www.revolico.com/item/bicimoto-motico-laituning-57517461
57438010,*BICIMOTO / MOTICO LAITUNING 🛵*,650.0,USD,La Habana,Cerro,"tipo_bateria, autonomia_km","faltan campos obligatorios: tipo_bateria, autonomia_km",faltan_campos,https://www.revolico.com/search?q=bicimoto&page=10,https://www.revolico.com/item/bicimoto-motico-laituning-57438010
57591366,*BICIMOTO BUCATTI ULTRA 🛵*,1650.0,USD,La Habana,Plaza,"tipo_bateria, autonomia_km","faltan campos obligatorios: tipo_bateria, autonomia_km",faltan_campos,https://www.revolico.com/search?q=bicimoto&page=7,https://www.revolico.com/item/bicimoto-bucatti-ultra-57591366
57613649,*BICIMOTO BUCATTI ULTRA 🛵*⁠,1650.0,USD,La Habana,Cerro,"tipo_bateria, autonomia_km","faltan campos obligatorios: tipo_bateria, autonomia_km",faltan_campos,https://www.revolico.com/search?q=bicimoto&page=6,https://www.revolico.com/item/bicimoto-bucatti-ultra-57613649
56577161,*BICIMOTO ELECTRICA MARCA phoenix 2026*,900.0,USD,La Habana,Boyeros,"tipo_bateria, autonomia_km","faltan campos obligatorios: tipo_bateria, autonomia_km",faltan_campos,https://www.revolico.com/search?q=bicimoto+electrica&page=4,https://www.revolico.com/item/bicimoto-electrica-marca-phoenix-2026-56577161
56833759,"*BICIMOTO ELECTRICA MARCA phoenix 2026* Nuevas 0km Buena calidad en Bicimoto , súper fuerte y confortable ✅ ⚙️$890",890.0,USD,La Habana,Centro Habana,"tipo_bateria, autonomia_km","faltan campos obligatorios: tipo_bateria, autonomia_km",faltan_campos,https://www.revolico.com/search?q=bicimoto+electrica&page=3,https://www.revolico.com/item/bicimoto-electrica-marca-phoenix-2026-nuevas-0km-buena-calidad-en-bicimoto-super-fuerte-y-confortable-890-56833759
56787682,*BICIMOTO ELÉCTRICA JMD 🛵*,1520.0,USD,La Habana,Diez de Octubre,"tipo_bateria, autonomia_km","faltan campos obligatorios: tipo_bateria, autonomia_km",faltan_campos,https://www.revolico.com/search?q=bicimoto+electrica&page=3,https://www.revolico.com/item/bicimoto-electrica-jmd-56787682
56553660,*BICIMOTO ELÉCTRICA JMD 🛵*,1570.0,USD,La Habana,Cerro,"tipo_bateria, autonomia_km","faltan campos obligatorios: tipo_bateria, autonomia_km",faltan_campos,https://www.revolico.com/search?q=bicimoto+electrica&page=4,https://www.revolico.com/item/bicimoto-electrica-jmd-56553660
57099179,*BICIMOTO ELÉCTRICA JMD 🛵* ⁠,1500.0,USD,La Habana,Cerro,"tipo_bateria, autonomia_km","faltan campos obligatorios: tipo_bateria, autonomia_km",faltan_campos,https://www.revolico.com/search?q=bicimoto+electrica&page=3,https://www.revolico.com/item/bicimoto-electrica-jmd-57099179
57259085,*BICIMOTO ELÉCTRICA MAF ENGLE 🛵*,1140.0,USD,La Habana,Habana Vieja,"tipo_bateria, autonomia_km","faltan campos obligatorios: tipo_bateria, autonomia_km",faltan_campos,https://www.revolico.com/search?q=bicimoto+electrica&page=2,https://www.revolico.com/item/bicimoto-electrica-maf-engle-57259085
57502434,*BICIMOTO ELÉCTRICA MAF ENGLE 🛵* ⁠,1100.0,USD,La Habana,Cerro,"tipo_bateria, autonomia_km","faltan campos obligatorios: tipo_bateria, autonomia_km",faltan_campos,https://www.revolico.com/search?q=bicimoto&page=9,https://www.revolico.com/item/bicimoto-electrica-maf-engle-57502434
56781266,*BICIMOTO ELÉCTRICA VEDCA S1🛵*,1470.0,USD,La Habana,Diez de Octubre,"tipo_bateria, autonomia_km","faltan campos obligatorios: tipo_bateria, autonomia_km",faltan_campos,https://www.revolico.com/search?q=bicimoto+electrica&page=3,https://www.revolico.com/item/bicimoto-electrica-vedca-s1-56781266
57658408,*BICIMOTO HALCON MOUNTAIN*,1800.0,USD,La Habana,Playa,"tipo_bateria, autonomia_km","faltan campos obligatorios: tipo_bateria, autonomia_km",faltan_campos,https://www.revolico.com/search?q=bicimoto&page=5,https://www.revolico.com/item/bicimoto-halcon-mountain-57658408
57608839,*BICIMOTO JMD 2026*,1600.0,USD,La Habana,La Lisa,"tipo_bateria, autonomia_km","faltan campos obligatorios: tipo_bateria, autonomia_km",faltan_campos,https://www.revolico.com/search?q=bicimoto&page=6,https://www.revolico.com/item/bicimoto-jmd-2026-57608839
57455851,*BICIMOTO MARCA VEDCA S1*,1450.0,USD,La Habana,Playa,"tipo_bateria, autonomia_km","faltan campos obligatorios: tipo_bateria, autonomia_km",faltan_campos,https://www.revolico.com/search?q=bicimoto&page=10,https://www.revolico.com/item/bicimoto-marca-vedca-s1-57455851
57658457,*BICIMOTO RX COMBAT*,1800.0,USD,La Habana,Playa,"tipo_bateria, autonomia_km","faltan campos obligatorios: tipo_bateria, autonomia_km",faltan_campos,https://www.revolico.com/search?q=bicimoto&page=5,https://www.revolico.com/item/bicimoto-rx-combat-57658457
57498797,*BICIMOTO RX COMBAT*,1930.0,USD,La Habana,Centro Habana,"tipo_bateria, autonomia_km","faltan campos obligatorios: tipo_bateria, autonomia_km",faltan_campos,https://www.revolico.com/search?q=bicimoto&page=9,https://www.revolico.com/item/bicimoto-rx-combat-57498797
57486079,*BICIMOTO RX COMBAT*,2000.0,USD,La Habana,La Lisa,"tipo_bateria, autonomia_km","faltan campos obligatorios: tipo_bateria, autonomia_km",faltan_campos,https://www.revolico.com/search?q=bicimoto&page=9,https://www.revolico.com/item/bicimoto-rx-combat-57486079
57641180,*BICIMOTO RX COMBAT* ⚙️ Especificaciones: • Motor: 3000 W • Voltaje: 72 V • Batería: 45 Ah • Controlador / Caja: EM-50,1900.0,USD,La Habana,Centro Habana,"tipo_bateria, autonomia_km","faltan campos obligatorios: tipo_bateria, autonomia_km",faltan_campos,https://www.revolico.com/search?q=bicimoto&page=5,https://www.revolico.com/item/bicimoto-rx-combat-especificaciones-motor-3000-w-voltaje-72-v-bateria-45-ah-controlador-caja-em-50-57641180
57687371,*BICIMOTO TOPMAQ EVOLUTION 2026,1900.0,USD,La Habana,Playa,"tipo_bateria, autonomia_km","faltan campos obligatorios: tipo_bateria, autonomia_km",faltan_campos,https://www.revolico.com/search?q=bicimoto&page=4,https://www.revolico.com/item/bicimoto-topmaq-evolution-2026-57687371
57611683,*BICIMOTO TOPMAQ EVOLUTION 2026*,1950.0,USD,Artemisa,Bauta,"tipo_bateria, autonomia_km","faltan campos obligatorios: tipo_bateria, autonomia_km",faltan_campos,https://www.revolico.com/search?q=bicimoto&page=6,https://www.revolico.com/item/bicimoto-topmaq-evolution-2026-57611683
57498854,*BICIMOTO TOPMAQ EVOLUTION*,1880.0,USD,La Habana,Centro Habana,"tipo_bateria, autonomia_km","faltan campos obligatorios: tipo_bateria, autonomia_km",faltan_campos,https://www.revolico.com/search?q=bicimoto&page=9,https://www.revolico.com/item/bicimoto-topmaq-evolution-57498854
57545204,*BICIMOTO TOPMAQ EVOLUTION* ⚙️ Especificaciones: • Motor: 3000 W • Voltaje: 48 V • Batería: 45 Ah,1880.0,USD,La Habana,Centro Habana,"tipo_bateria, autonomia_km","faltan campos obligatorios: tipo_bateria, autonomia_km",faltan_campos,https://www.revolico.com/search?q=bicimoto&page=8,https://www.revolico.com/item/bicimoto-topmaq-evolution-especificaciones-motor-3000-w-voltaje-48-v-bateria-45-ah-57545204
57641071,*BICIMOTO TOPMAQ EVOLUTION* ⚙️ Especificaciones: • Motor: 3000 W • Voltaje: 48 V • Batería: 45 Ah • Controlador / Caja:,1880.0,USD,La Habana,Centro Habana,"tipo_bateria, autonomia_km","faltan campos obligatorios: tipo_bateria, autonomia_km",faltan_campos,https://www.revolico.com/search?q=bicimoto&page=5,https://www.revolico.com/item/bicimoto-topmaq-evolution-especificaciones-motor-3000-w-voltaje-48-v-bateria-45-ah-controlador-caja-57641071
57629937,*BICIMOTO TOPMAQ EVOLUTION*🛵,1870.0,USD,La Habana,Habana Vieja,"tipo_bateria, autonomia_km","faltan campos obligatorios: tipo_bateria, autonomia_km",faltan_campos,https://www.revolico.com/search?q=bicimoto&page=6,https://www.revolico.com/item/bicimoto-topmaq-evolution-57629937
57683959,*BICIMOTO VEDCA S1* ⚙️ Especificaciones: • Motor: 1000 W • Voltaje: 60 V • Batería: 30 Ah • 🔋 *panchito,1350.0,USD,La Habana,La Lisa,"tipo_bateria, autonomia_km","faltan campos obligatorios: tipo_bateria, autonomia_km",faltan_campos,https://www.revolico.com/search?q=bicimoto&page=4,https://www.revolico.com/item/bicimoto-vedca-s1-especificaciones-motor-1000-w-voltaje-60-v-bateria-30-ah-panchito-57683959
57508846,*BICIMOTO YOAZAKY 707*,1750.0,USD,La Habana,Regla,"tipo_bateria, autonomia_km","faltan campos obligatorios: tipo_bateria, autonomia_km",faltan_campos,https://www.revolico.com/search?q=bicimoto&page=9,https://www.revolico.com/item/bicimoto-yoazaky-707-57508846
57455891,*BICIMOTO YOAZAKY 707*,1650.0,USD,La Habana,Playa,"tipo_bateria, autonomia_km","faltan campos obligatorios: tipo_bateria, autonomia_km",faltan_campos,https://www.revolico.com/search?q=bicimoto&page=10,https://www.revolico.com/item/bicimoto-yoazaky-707-57455891
56650937,*BICIMOTO/ PATINETA ELÉCTRICA JMD 🛴*,770.0,USD,La Habana,Cerro,"tipo_bateria, autonomia_km","faltan campos obligatorios: tipo_bateria, autonomia_km",faltan_campos,https://www.revolico.com/search?q=bicimoto+electrica&page=5,https://www.revolico.com/item/bicimoto-patineta-electrica-jmd-56650937
57611468,*Bicicleta eléctrica Porto Bello*,550.0,USD,Artemisa,Bauta,"tipo_bateria, autonomia_km","faltan campos obligatorios: tipo_bateria, autonomia_km",faltan_campos,https://www.revolico.com/search?q=bicicleta+electrica&page=7,https://www.revolico.com/item/bicicleta-electrica-porto-bello-57611468
57611726,*Bicimoto Halcón*,1650.0,USD,Artemisa,Bauta,"tipo_bateria, autonomia_km","faltan campos obligatorios: tipo_bateria, autonomia_km",faltan_campos,https://www.revolico.com/search?q=bicimoto&page=6,https://www.revolico.com/item/bicimoto-halcon-57611726
57611574,*Bicimoto RX Combat*,1980.0,USD,Artemisa,Bauta,"tipo_bateria, autonomia_km","faltan campos obligatorios: tipo_bateria, autonomia_km",faltan_campos,https://www.revolico.com/search?q=bicimoto&page=6,https://www.revolico.com/item/bicimoto-rx-combat-57611574
57569896,*Bicimoto Topmaq,1900.0,USD,La Habana,Plaza,"tipo_bateria, autonomia_km","faltan campos obligatorios: tipo_bateria, autonomia_km",faltan_campos,https://www.revolico.com/search?q=bicimoto&page=8,https://www.revolico.com/item/bicimoto-topmaq-57569896
56553677,*REVOLICO BICIMOTO ELÉCTRICA VEDCA S1🛵*,1440.0,USD,La Habana,Cerro,"tipo_bateria, autonomia_km","faltan campos obligatorios: tipo_bateria, autonomia_km",faltan_campos,https://www.revolico.com/search?q=bicimoto+electrica&page=5,https://www.revolico.com/item/revolico-bicimoto-electrica-vedca-s1-56553677
56553720,*REVOLICO BICIMOTO/ PATINETA ELÉCTRICA JMD 🛴*,750.0,USD,La Habana,Cerro,"tipo_bateria, autonomia_km","faltan campos obligatorios: tipo_bateria, autonomia_km",faltan_campos,https://www.revolico.com/search?q=bicimoto+electrica&page=5,https://www.revolico.com/item/revolico-bicimoto-patineta-electrica-jmd-56553720
56591681,*🛴 PATINETA / bicimoto pequeña ELÉCTRICA ORIS 🛴*,800.0,USD,La Habana,Centro Habana,"tipo_bateria, autonomia_km","faltan campos obligatorios: tipo_bateria, autonomia_km",faltan_campos,https://www.revolico.com/search?q=bicimoto+electrica&page=5,https://www.revolico.com/item/patineta-bicimoto-pequena-electrica-oris-56591681
56496725,135 usd. Bicicletas medida 20. Marca Silver Bike,135.0,USD,La Habana,Diez de Octubre,"tipo_bateria, autonomia_km","faltan campos obligatorios: tipo_bateria, autonomia_km",faltan_campos,https://www.revolico.com/search?q=e-bike&page=2,https://www.revolico.com/item/135-usd-bicicletas-medida-20-marca-silver-bike-56496725
56332148,175 usd. Bicicletas medida 24. Marca Silver Bike,175.0,USD,La Habana,Diez de Octubre,"tipo_bateria, autonomia_km","faltan campos obligatorios: tipo_bateria, autonomia_km",faltan_campos,https://www.revolico.com/search?q=e-bike&page=2,https://www.revolico.com/item/175-usd-bicicletas-medida-24-marca-silver-bike-56332148
56608861,200 usd. Bicicletas medida 26 marca Silver Bike de montaña,200.0,USD,La Habana,Diez de Octubre,"tipo_bateria, autonomia_km","faltan campos obligatorios: tipo_bateria, autonomia_km",faltan_campos,https://www.revolico.com/search?q=e-bike&page=2,https://www.revolico.com/item/200-usd-bicicletas-medida-26-marca-silver-bike-de-montana-56608861
57621556,200 usd. Bicicletas medida 26 marca silver bike. Medida 26 de montaña*,200.0,USD,La Habana,Diez de Octubre,"tipo_bateria, autonomia_km","faltan campos obligatorios: tipo_bateria, autonomia_km",faltan_campos,https://www.revolico.com/search?q=e-bike&page=2,https://www.revolico.com/item/200-usd-bicicletas-medida-26-marca-silver-bike-medida-26-de-montana-57621556
57428035,BICICLETA ELECTRICA AVA 1050 USD,1050.0,USD,La Habana,Guanabacoa,"tipo_bateria, autonomia_km","faltan campos obligatorios: tipo_bateria, autonomia_km",faltan_campos,https://www.revolico.com/search?q=bicicleta+electrica&page=9,https://www.revolico.com/item/bicicleta-electrica-ava-1050-usd-57428035
57519838,BICICLETA ELECTRICA AVA 48V 20Ah NUEVA,920.0,USD,La Habana,Diez de Octubre,"tipo_bateria, autonomia_km","faltan campos obligatorios: tipo_bateria, autonomia_km",faltan_campos,https://www.revolico.com/search?q=bicicleta+electrica&page=8,https://www.revolico.com/item/bicicleta-electrica-ava-48v-20ah-nueva-57519838
57620532,BICICLETA ELECTRICA BRYDERK-BUCATTI,880.0,USD,La Habana,Centro Habana,"tipo_bateria, autonomia_km","faltan campos obligatorios: tipo_bateria, autonomia_km",faltan_campos,https://www.revolico.com/search?q=bicicleta+electrica&page=7,https://www.revolico.com/item/bicicleta-electrica-bryderk-bucatti-57620532
57484571,BICICLETA ELECTRICA BUCATTI,980.0,USD,La Habana,Arroyo Naranjo,"tipo_bateria, autonomia_km","faltan campos obligatorios: tipo_bateria, autonomia_km",faltan_campos,https://www.revolico.com/search?q=bicicleta+electrica&page=9,https://www.revolico.com/item/bicicleta-electrica-bucatti-57484571
57472790,BICICLETA ELECTRICA BUCATTI,1030.0,USD,La Habana,Centro Habana,"tipo_bateria, autonomia_km","faltan campos obligatorios: tipo_bateria, autonomia_km",faltan_campos,https://www.revolico.com/search?q=bicicleta+electrica&page=9,https://www.revolico.com/item/bicicleta-electrica-bucatti-57472790
57501825,"BICICLETA ELECTRICA BUCATTI ,PRECIO 💲 900 USD con mensajería incluida en dependencia del lugar",900.0,USD,La Habana,Guanabacoa,"tipo_bateria, autonomia_km","faltan campos obligatorios: tipo_bateria, autonomia_km",faltan_campos,https://www.revolico.com/search?q=bicicleta+electrica&page=8,https://www.revolico.com/item/bicicleta-electrica-bucatti-precio-900-usd-con-mensajeria-incluida-en-dependencia-del-lugar-57501825
57413842,BICICLETA ELECTRICA DTTZH,1280.0,USD,La Habana,Centro Habana,"tipo_bateria, autonomia_km","faltan campos obligatorios: tipo_bateria, autonomia_km",faltan_campos,https://www.revolico.com/search?q=bicicleta+electrica&page=9,https://www.revolico.com/item/bicicleta-electrica-dttzh-57413842
57663043,BICICLETA ELECTRICA PORTOBELLO,540.0,USD,La Habana,Habana Vieja,"tipo_bateria, autonomia_km","faltan campos obligatorios: tipo_bateria, autonomia_km",faltan_campos,https://www.revolico.com/search?q=bicicleta+electrica&page=6,https://www.revolico.com/item/bicicleta-electrica-portobello-57663043
57645731,BICICLETA ELECTRICA PORTOBELLO,550.0,USD,La Habana,Cerro,"tipo_bateria, autonomia_km","faltan campos obligatorios: tipo_bateria, autonomia_km",faltan_campos,https://www.revolico.com/search?q=bicicleta+electrica&page=6,https://www.revolico.com/item/bicicleta-electrica-portobello-57645731
57594236,BICICLETA ELECTRICA PORTOBELLO*,550.0,USD,La Habana,Habana Vieja,"tipo_bateria, autonomia_km","faltan campos obligatorios: tipo_bateria, autonomia_km",faltan_campos,https://www.revolico.com/search?q=bicicleta+electrica&page=7,https://www.revolico.com/item/bicicleta-electrica-portobello-57594236
57524525,BICICLETA ELECTRICA RIDSTAR,850.0,USD,La Habana,Habana Vieja,"tipo_bateria, autonomia_km","faltan campos obligatorios: tipo_bateria, autonomia_km",faltan_campos,https://www.revolico.com/search?q=bicicleta+electrica&page=8,https://www.revolico.com/item/bicicleta-electrica-ridstar-57524525
57467887,BICICLETA ELECTRICA✨Potencia del motor 1000w ✨Motor y batería marca bryderk,980.0,USD,La Habana,Cerro,"tipo_bateria, autonomia_km","faltan campos obligatorios: tipo_bateria, autonomia_km",faltan_campos,https://www.revolico.com/search?q=bicicleta+electrica&page=9,https://www.revolico.com/item/bicicleta-electricapotencia-del-motor-1000w-motor-y-bateria-marca-bryderk-57467887
57512987,BICICLETA ELÉCTRICA ASKGO G29 | 1000W (2500W Peak) | NUEVA 2025,1150.0,USD,La Habana,Diez de Octubre,"tipo_bateria, autonomia_km","faltan campos obligatorios: tipo_bateria, autonomia_km",faltan_campos,https://www.revolico.com/search?q=bicicleta+electrica&page=8,https://www.revolico.com/item/bicicleta-electrica-askgo-g29-1000w-2500w-peak-nueva-2025-57512987
57405484,BICICLETA ELÉCTRICA AVA Precio: 1050 USD,1050.0,USD,La Habana,La Lisa,"tipo_bateria, autonomia_km","faltan campos obligatorios: tipo_bateria, autonomia_km",faltan_campos,https://www.revolico.com/search?q=bicicleta+electrica&page=10,https://www.revolico.com/item/bicicleta-electrica-ava-precio-1050-usd-57405484
57392600,BICICLETA ELÉCTRICA AVA Precio: 1050 USD 🚚 Envio gratis dependiendo del lugar,1050.0,USD,La Habana,Playa,"tipo_bateria, autonomia_km","faltan campos obligatorios: tipo_bateria, autonomia_km",faltan_campos,https://www.revolico.com/search?q=bicicleta+electrica&page=10,https://www.revolico.com/item/bicicleta-electrica-ava-precio-1050-usd-envio-gratis-dependiendo-del-lugar-57392600
57662512,BICICLETA ELÉCTRICA BUCATTI,950.0,USD,La Habana,Plaza,"tipo_bateria, autonomia_km","faltan campos obligatorios: tipo_bateria, autonomia_km",faltan_campos,https://www.revolico.com/search?q=bicicleta+electrica&page=6,https://www.revolico.com/item/bicicleta-electrica-bucatti-57662512
57654583,BICICLETA ELÉCTRICA BUCATTI,1000.0,USD,La Habana,Centro Habana,"tipo_bateria, autonomia_km","faltan campos obligatorios: tipo_bateria, autonomia_km",faltan_campos,https://www.revolico.com/search?q=bicicleta+electrica&page=6,https://www.revolico.com/item/bicicleta-electrica-bucatti-57654583
57617254,BICICLETA ELÉCTRICA BUCATTI,950.0,USD,La Habana,Boyeros,"tipo_bateria, autonomia_km","faltan campos obligatorios: tipo_bateria, autonomia_km",faltan_campos,https://www.revolico.com/search?q=bicicleta+electrica&page=7,https://www.revolico.com/item/bicicleta-electrica-bucatti-57617254
57592015,BICICLETA ELÉCTRICA BUCATTI,1000.0,USD,La Habana,Habana del Este,"tipo_bateria, autonomia_km","faltan campos obligatorios: tipo_bateria, autonomia_km",faltan_campos,https://www.revolico.com/search?q=bicicleta+electrica&page=7,https://www.revolico.com/item/bicicleta-electrica-bucatti-57592015
57585460,BICICLETA ELÉCTRICA BUCATTI,950.0,USD,La Habana,Centro Habana,"tipo_bateria, autonomia_km","faltan campos obligatorios: tipo_bateria, autonomia_km",faltan_campos,https://www.revolico.com/search?q=bicicleta+electrica&page=7,https://www.revolico.com/item/bicicleta-electrica-bucatti-57585460
57533679,BICICLETA ELÉCTRICA BUCATTI,980.0,USD,La Habana,Playa,"tipo_bateria, autonomia_km","faltan campos obligatorios: tipo_bateria, autonomia_km",faltan_campos,https://www.revolico.com/search?q=bicicleta+electrica&page=8,https://www.revolico.com/item/bicicleta-electrica-bucatti-57533679
57529909,BICICLETA ELÉCTRICA BUCATTI,980.0,USD,La Habana,Marianao,"tipo_bateria, autonomia_km","faltan campos obligatorios: tipo_bateria, autonomia_km",faltan_campos,https://www.revolico.com/search?q=bicicleta+electrica&page=8,https://www.revolico.com/item/bicicleta-electrica-bucatti-57529909
57492429,BICICLETA ELÉCTRICA BUCATTI,910.0,USD,La Habana,Cerro,"tipo_bateria, autonomia_km","faltan campos obligatorios: tipo_bateria, autonomia_km",faltan_campos,https://www.revolico.com/search?q=bicicleta+electrica&page=9,https://www.revolico.com/item/bicicleta-electrica-bucatti-57492429
57473590,BICICLETA ELÉCTRICA BUCATTI,970.0,USD,La Habana,Diez de Octubre,"tipo_bateria, autonomia_km","faltan campos obligatorios: tipo_bateria, autonomia_km",faltan_campos,https://www.revolico.com/search?q=bicicleta+electrica&page=9,https://www.revolico.com/item/bicicleta-electrica-bucatti-57473590
57538753,BICICLETA ELÉCTRICA BUCATTI (0kms),950.0,USD,La Habana,La Lisa,"tipo_bateria, autonomia_km","faltan campos obligatorios: tipo_bateria, autonomia_km",faltan_campos,https://www.revolico.com/search?q=bicicleta+electrica&page=8,https://www.revolico.com/item/bicicleta-electrica-bucatti-0kms-57538753
57589003,BICICLETA ELÉCTRICA DTTZH,1250.0,USD,La Habana,Centro Habana,"tipo_bateria, autonomia_km","faltan campos obligatorios: tipo_bateria, autonomia_km",faltan_campos,https://www.revolico.com/search?q=bicicleta+electrica&page=7,https://www.revolico.com/item/bicicleta-electrica-dttzh-57589003
57527590,BICICLETA ELÉCTRICA DTTZH,1200.0,USD,La Habana,Boyeros,"tipo_bateria, autonomia_km","faltan campos obligatorios: tipo_bateria, autonomia_km",faltan_campos,https://www.revolico.com/search?q=bicicleta+electrica&page=8,https://www.revolico.com/item/bicicleta-electrica-dttzh-57527590
57518661,BICICLETA ELÉCTRICA DTTZH,1200.0,USD,La Habana,La Lisa,"tipo_bateria, autonomia_km","faltan campos obligatorios: tipo_bateria, autonomia_km",faltan_campos,https://www.revolico.com/search?q=bicicleta+electrica&page=8,https://www.revolico.com/item/bicicleta-electrica-dttzh-57518661
57424566,BICICLETA ELÉCTRICA DTTZH,1200.0,USD,La Habana,Centro Habana,"tipo_bateria, autonomia_km","faltan campos obligatorios: tipo_bateria, autonomia_km",faltan_campos,https://www.revolico.com/search?q=bicicleta+electrica&page=9,https://www.revolico.com/item/bicicleta-electrica-dttzh-57424566
57413370,BICICLETA ELÉCTRICA DTTZH,1200.0,USD,La Habana,Centro Habana,"tipo_bateria, autonomia_km","faltan campos obligatorios: tipo_bateria, autonomia_km",faltan_campos,https://www.revolico.com/search?q=bicicleta+electrica&page=9,https://www.revolico.com/item/bicicleta-electrica-dttzh-57413370
57356537,BICICLETA ELÉCTRICA DTTZH F6,1200.0,USD,La Habana,Guanabacoa,"tipo_bateria, autonomia_km","faltan campos obligatorios: tipo_bateria, autonomia_km",faltan_campos,https://www.revolico.com/search?q=bicicleta+electrica&page=10,https://www.revolico.com/item/bicicleta-electrica-dttzh-f6-57356537
57331276,BICICLETA ELÉCTRICA DTTZH F6,1200.0,USD,La Habana,Arroyo Naranjo,"tipo_bateria, autonomia_km","faltan campos obligatorios: tipo_bateria, autonomia_km",faltan_campos,https://www.revolico.com/search?q=bicicleta+electrica&page=10,https://www.revolico.com/item/bicicleta-electrica-dttzh-f6-57331276
57320051,BICICLETA ELÉCTRICA DTTZH F6,1100.0,USD,La Habana,Playa,"tipo_bateria, autonomia_km","faltan campos obligatorios: tipo_bateria, autonomia_km",faltan_campos,https://www.revolico.com/search?q=bicicleta+electrica&page=10,https://www.revolico.com/item/bicicleta-electrica-dttzh-f6-57320051
57317566,BICICLETA ELÉCTRICA DTTZH F6,1170.0,USD,La Habana,Playa,"tipo_bateria, autonomia_km","faltan campos obligatorios: tipo_bateria, autonomia_km",faltan_campos,https://www.revolico.com/search?q=bicicleta+electrica&page=10,https://www.revolico.com/item/bicicleta-electrica-dttzh-f6-57317566
57320005,BICICLETA ELÉCTRICA DTTZH F6 ⚡,1100.0,USD,La Habana,Arroyo Naranjo,"tipo_bateria, autonomia_km","faltan campos obligatorios: tipo_bateria, autonomia_km",faltan_campos,https://www.revolico.com/search?q=bicicleta+electrica&page=10,https://www.revolico.com/item/bicicleta-electrica-dttzh-f6-57320005
57335971,BICICLETA ELÉCTRICA DTTZH F6 ⚡ 📦 Producto nuevo y sellado,1100.0,USD,La Habana,Centro Habana,"tipo_bateria, autonomia_km","faltan campos obligatorios: tipo_bateria, autonomia_km",faltan_campos,https://www.revolico.com/search?q=bicicleta+electrica&page=10,https://www.revolico.com/item/bicicleta-electrica-dttzh-f6-producto-nuevo-y-sellado-57335971
57548635,BICICLETA ELÉCTRICA HALCÓN ÚLTIMO MODELO 48 V 20 AMPERES,1200.0,USD,La Habana,Habana del Este,"tipo_bateria, autonomia_km","faltan campos obligatorios: tipo_bateria, autonomia_km",faltan_campos,https://www.revolico.com/search?q=bicicleta+electrica&page=7,https://www.revolico.com/item/bicicleta-electrica-halcon-ultimo-modelo-48-v-20-amperes-57548635
57376932,BICICLETA ELÉCTRICA LAITUNING,750.0,USD,Camagüey,Camagüey,"tipo_bateria, autonomia_km","faltan campos obligatorios: tipo_bateria, autonomia_km",faltan_campos,https://www.revolico.com/search?q=bicicleta+electrica&page=10,https://www.revolico.com/item/bicicleta-electrica-laituning-57376932
57585368,BICICLETA ELÉCTRICA MARCA INFINITY,950.0,USD,La Habana,Centro Habana,"tipo_bateria, autonomia_km","faltan campos obligatorios: tipo_bateria, autonomia_km",faltan_campos,https://www.revolico.com/search?q=bicicleta+electrica&page=7,https://www.revolico.com/item/bicicleta-electrica-marca-infinity-57585368
57342183,BICICLETA ELÉCTRICA MARCA INFINITY,950.0,USD,La Habana,Centro Habana,"tipo_bateria, autonomia_km","faltan campos obligatorios: tipo_bateria, autonomia_km",faltan_campos,https://www.revolico.com/search?q=bicicleta+electrica&page=10,https://www.revolico.com/item/bicicleta-electrica-marca-infinity-57342183
57507971,BICICLETA ELÉCTRICA MARCA INFINITY‼️,940.0,USD,La Habana,Centro Habana,"tipo_bateria, autonomia_km","faltan campos obligatorios: tipo_bateria, autonomia_km",faltan_campos,https://www.revolico.com/search?q=bicicleta+electrica&page=8,https://www.revolico.com/item/bicicleta-electrica-marca-infinity-57507971
57682268,BICICLETA ELÉCTRICA MARCA ONEBOT,900.0,USD,La Habana,Plaza,"tipo_bateria, autonomia_km","faltan campos obligatorios: tipo_bateria, autonomia_km",faltan_campos,https://www.revolico.com/search?q=bicicleta+electrica&page=6,https://www.revolico.com/item/bicicleta-electrica-marca-onebot-57682268
57588916,BICICLETA ELÉCTRICA MARCA ONEBOT,900.0,USD,La Habana,Playa,"tipo_bateria, autonomia_km","faltan campos obligatorios: tipo_bateria, autonomia_km",faltan_campos,https://www.revolico.com/search?q=bicicleta+electrica&page=7,https://www.revolico.com/item/bicicleta-electrica-marca-onebot-57588916
57585418,BICICLETA ELÉCTRICA MARCA ONEBOT,900.0,USD,La Habana,Centro Habana,"tipo_bateria, autonomia_km","faltan campos obligatorios: tipo_bateria, autonomia_km",faltan_campos,https://www.revolico.com/search?q=bicicleta+electrica&page=7,https://www.revolico.com/item/bicicleta-electrica-marca-onebot-57585418
57342280,BICICLETA ELÉCTRICA MARCA ONEBOT,900.0,USD,La Habana,Centro Habana,"tipo_bateria, autonomia_km","faltan campos obligatorios: tipo_bateria, autonomia_km",faltan_campos,https://www.revolico.com/search?q=bicicleta+electrica&page=10,https://www.revolico.com/item/bicicleta-electrica-marca-onebot-57342280
57360797,BICICLETA ELÉCTRICA ONEBOT,900.0,USD,La Habana,Centro Habana,"tipo_bateria, autonomia_km","faltan campos obligatorios: tipo_bateria, autonomia_km",faltan_campos,https://www.revolico.com/search?q=bicicleta+electrica&page=10,https://www.revolico.com/item/bicicleta-electrica-onebot-57360797
57676588,BICICLETA ELÉCTRICA PLEGABLE PORTO BELLO,545.0,USD,La Habana,Centro Habana,"tipo_bateria, autonomia_km","faltan campos obligatorios: tipo_bateria, autonomia_km",faltan_campos,https://www.revolico.com/search?q=bicicleta+electrica&page=6,https://www.revolico.com/item/bicicleta-electrica-plegable-porto-bello-57676588
57624899,BICICLETA ELÉCTRICA PLEGABLE PORTO BELLO,510.0,USD,La Habana,Centro Habana,"tipo_bateria, autonomia_km","faltan campos obligatorios: tipo_bateria, autonomia_km",faltan_campos,https://www.revolico.com/search?q=bicicleta+electrica&page=6,https://www.revolico.com/item/bicicleta-electrica-plegable-porto-bello-57624899
57585392,BICICLETA ELÉCTRICA PLEGABLE PORTO BELLO,550.0,USD,La Habana,Centro Habana,"tipo_bateria, autonomia_km","faltan campos obligatorios: tipo_bateria, autonomia_km",faltan_campos,https://www.revolico.com/search?q=bicicleta+electrica&page=7,https://www.revolico.com/item/bicicleta-electrica-plegable-porto-bello-57585392
57545664,BICICLETA ELÉCTRICA PLEGABLE PORTO BELLO,550.0,USD,La Habana,Plaza,"tipo_bateria, autonomia_km","faltan campos obligatorios: tipo_bateria, autonomia_km",faltan_campos,https://www.revolico.com/search?q=bicicleta+electrica&page=8,https://www.revolico.com/item/bicicleta-electrica-plegable-porto-bello-57545664
57527975,BICICLETA ELÉCTRICA PLEGABLE PORTO BELLO,550.0,USD,La Habana,Playa,"tipo_bateria, autonomia_km","faltan campos obligatorios: tipo_bateria, autonomia_km",faltan_campos,https://www.revolico.com/search?q=bicicleta+electrica&page=8,https://www.revolico.com/item/bicicleta-electrica-plegable-porto-bello-57527975
57424777,BICICLETA ELÉCTRICA PLEGABLE PORTO BELLO,550.0,USD,La Habana,Centro Habana,"tipo_bateria, autonomia_km","faltan campos obligatorios: tipo_bateria, autonomia_km",faltan_campos,https://www.revolico.com/search?q=bicicleta+electrica&page=9,https://www.revolico.com/item/bicicleta-electrica-plegable-porto-bello-57424777
57330726,BICICLETA ELÉCTRICA PLEGABLE PORTO BELLO 🚴*,500.0,USD,La Habana,Cerro,"tipo_bateria, autonomia_km","faltan campos obligatorios: tipo_bateria, autonomia_km",faltan_campos,https://www.revolico.com/search?q=bicicleta+electrica&page=10,https://www.revolico.com/item/bicicleta-electrica-plegable-porto-bello-57330726
57501700,BICICLETA ELÉCTRICA PLEGABLE PORTOBELLO,500.0,USD,La Habana,Plaza,"tipo_bateria, autonomia_km","faltan campos obligatorios: tipo_bateria, autonomia_km",faltan_campos,https://www.revolico.com/search?q=bicicleta+electrica&page=8,https://www.revolico.com/item/bicicleta-electrica-plegable-portobello-57501700
57669565,BICICLETA ELÉCTRICA PORTOBELLO,570.0,USD,La Habana,Playa,"tipo_bateria, autonomia_km","faltan campos obligatorios: tipo_bateria, autonomia_km",faltan_campos,https://www.revolico.com/search?q=bicicleta+electrica&page=6,https://www.revolico.com/item/bicicleta-electrica-portobello-57669565
57451113,BICICLETA ELÉCTRICA RIDSTAR,950.0,USD,La Habana,Playa,"tipo_bateria, autonomia_km","faltan campos obligatorios: tipo_bateria, autonomia_km",faltan_campos,https://www.revolico.com/search?q=bicicleta+electrica&page=9,https://www.revolico.com/item/bicicleta-electrica-ridstar-57451113
57526323,BICICLETA ELÉCTRICA ✅️ AVA,1050.0,USD,La Habana,Diez de Octubre,"tipo_bateria, autonomia_km","faltan campos obligatorios: tipo_bateria, autonomia_km",faltan_campos,https://www.revolico.com/search?q=bicicleta+electrica&page=8,https://www.revolico.com/item/bicicleta-electrica-ava-57526323
57615020,"BICICLETA ELÉCTRICA, BUCATTI",920.0,USD,La Habana,Boyeros,"tipo_bateria, autonomia_km","faltan campos obligatorios: tipo_bateria, autonomia_km",faltan_campos,https://www.revolico.com/search?q=bicicleta+electrica&page=7,https://www.revolico.com/item/bicicleta-electrica-bucatti-57615020
57500870,BICIMOTO / MOTICO CHALLENGER CORLEONE 🛵,790.0,USD,La Habana,Centro Habana,"tipo_bateria, autonomia_km","faltan campos obligatorios: tipo_bateria, autonomia_km",faltan_campos,https://www.revolico.com/search?q=bicimoto&page=9,https://www.revolico.com/item/bicimoto-motico-challenger-corleone-57500870
57494800,BICIMOTO / MOTICO LAITUNING de 700usd 🛵,700.0,USD,La Habana,Playa,"tipo_bateria, autonomia_km","faltan campos obligatorios: tipo_bateria, autonomia_km",faltan_campos,https://www.revolico.com/search?q=bicimoto&page=9,https://www.revolico.com/item/bicimoto-motico-laituning-de-700usd-57494800
57422871,BICIMOTO / PATINETA / MOTICO LAITUNING ELÉCTRICA NUEVA 0KM🛵,630.0,USD,La Habana,Cerro,"tipo_bateria, autonomia_km","faltan campos obligatorios: tipo_bateria, autonomia_km",faltan_campos,https://www.revolico.com/search?q=bicimoto+electrica&page=6,https://www.revolico.com/item/bicimoto-patineta-motico-laituning-electrica-nueva-0km-57422871
57439482,BICIMOTO 0km nueva 🛵 CHALLENGER,850.0,USD,La Habana,Playa,"tipo_bateria, autonomia_km","faltan campos obligatorios: tipo_bateria, autonomia_km",faltan_campos,https://www.revolico.com/search?q=bicimoto&page=10,https://www.revolico.com/item/bicimoto-0km-nueva-challenger-57439482
57529172,BICIMOTO AVA,1400.0,USD,La Habana,Playa,"tipo_bateria, autonomia_km","faltan campos obligatorios: tipo_bateria, autonomia_km",faltan_campos,https://www.revolico.com/search?q=bicimoto&page=8,https://www.revolico.com/item/bicimoto-ava-57529172
57587552,BICIMOTO AVA GOLDEN 2026,1400.0,USD,La Habana,Plaza,"tipo_bateria, autonomia_km","faltan campos obligatorios: tipo_bateria, autonomia_km",faltan_campos,https://www.revolico.com/search?q=bicimoto&page=7,https://www.revolico.com/item/bicimoto-ava-golden-2026-57587552
57505166,BICIMOTO AVA GOLDEN 2026,1380.0,USD,La Habana,Playa,"tipo_bateria, autonomia_km","faltan campos obligatorios: tipo_bateria, autonomia_km",faltan_campos,https://www.revolico.com/search?q=bicimoto&page=9,https://www.revolico.com/item/bicimoto-ava-golden-2026-57505166
57452279,BICIMOTO AVA*,1380.0,USD,La Habana,Habana Vieja,"tipo_bateria, autonomia_km","faltan campos obligatorios: tipo_bateria, autonomia_km",faltan_campos,https://www.revolico.com/search?q=bicimoto&page=10,https://www.revolico.com/item/bicimoto-ava-57452279
57588791,BICIMOTO BUCATTI,1120.0,USD,La Habana,Plaza,"tipo_bateria, autonomia_km","faltan campos obligatorios: tipo_bateria, autonomia_km",faltan_campos,https://www.revolico.com/search?q=bicimoto&page=7,https://www.revolico.com/item/bicimoto-bucatti-57588791
57655728,BICIMOTO BUCATTI ULTRA,1750.0,USD,La Habana,Centro Habana,"tipo_bateria, autonomia_km","faltan campos obligatorios: tipo_bateria, autonomia_km",faltan_campos,https://www.revolico.com/search?q=bicimoto&page=5,https://www.revolico.com/item/bicimoto-bucatti-ultra-57655728
57642864,BICIMOTO BUCATTI ULTRA,1760.0,USD,La Habana,Diez de Octubre,"tipo_bateria, autonomia_km","faltan campos obligatorios: tipo_bateria, autonomia_km",faltan_campos,https://www.revolico.com/search?q=bicimoto&page=5,https://www.revolico.com/item/bicimoto-bucatti-ultra-57642864
57600377,BICIMOTO BUCATTI ULTRA,1670.0,USD,La Habana,Centro Habana,"tipo_bateria, autonomia_km","faltan campos obligatorios: tipo_bateria, autonomia_km",faltan_campos,https://www.revolico.com/search?q=bicimoto&page=6,https://www.revolico.com/item/bicimoto-bucatti-ultra-57600377
57585897,BICIMOTO BUCATTI ULTRA,1650.0,USD,La Habana,Plaza,"tipo_bateria, autonomia_km","faltan campos obligatorios: tipo_bateria, autonomia_km",faltan_campos,https://www.revolico.com/search?q=bicimoto&page=7,https://www.revolico.com/item/bicimoto-bucatti-ultra-57585897
57592994,BICIMOTO BUCATTI ULTRA 2025,1750.0,USD,La Habana,Centro Habana,"tipo_bateria, autonomia_km","faltan campos obligatorios: tipo_bateria, autonomia_km",faltan_campos,https://www.revolico.com/search?q=bicimoto&page=7,https://www.revolico.com/item/bicimoto-bucatti-ultra-2025-57592994
57590420,BICIMOTO BUCATTI ULTRA 2025,1750.0,USD,La Habana,Playa,"tipo_bateria, autonomia_km","faltan campos obligatorios: tipo_bateria, autonomia_km",faltan_campos,https://www.revolico.com/search?q=bicimoto&page=7,https://www.revolico.com/item/bicimoto-bucatti-ultra-2025-57590420
57586135,BICIMOTO BUCATTI ULTRA 2025,1750.0,USD,La Habana,Centro Habana,"tipo_bateria, autonomia_km","faltan campos obligatorios: tipo_bateria, autonomia_km",faltan_campos,https://www.revolico.com/search?q=bicimoto&page=7,https://www.revolico.com/item/bicimoto-bucatti-ultra-2025-57586135
57579132,BICIMOTO BUCATTI ULTRA 2026,1700.0,USD,La Habana,Cerro,"tipo_bateria, autonomia_km","faltan campos obligatorios: tipo_bateria, autonomia_km",faltan_campos,https://www.revolico.com/search?q=bicimoto&page=7,https://www.revolico.com/item/bicimoto-bucatti-ultra-2026-57579132
57624134,BICIMOTO BUCATTI ULTRA 2026 0KM,1700.0,USD,La Habana,Arroyo Naranjo,"tipo_bateria, autonomia_km","faltan campos obligatorios: tipo_bateria, autonomia_km",faltan_campos,https://www.revolico.com/search?q=bicimoto&page=6,https://www.revolico.com/item/bicimoto-bucatti-ultra-2026-0km-57624134
57579159,BICIMOTO BUCATTI ULTRA 2026 Con mensajeria incluida,1700.0,USD,La Habana,Diez de Octubre,"tipo_bateria, autonomia_km","faltan campos obligatorios: tipo_bateria, autonomia_km",faltan_campos,https://www.revolico.com/search?q=bicimoto&page=7,https://www.revolico.com/item/bicimoto-bucatti-ultra-2026-con-mensajeria-incluida-57579159
57586827,BICIMOTO BUCATTI ULTRA • 3000 Watts,1670.0,USD,La Habana,Arroyo Naranjo,"tipo_bateria, autonomia_km","faltan campos obligatorios: tipo_bateria, autonomia_km",faltan_campos,https://www.revolico.com/search?q=bicimoto&page=7,https://www.revolico.com/item/bicimoto-bucatti-ultra-3000-watts-57586827
57622629,BICIMOTO BUCATTI ULTRA 🛵,1750.0,USD,La Habana,Playa,"tipo_bateria, autonomia_km","faltan campos obligatorios: tipo_bateria, autonomia_km",faltan_campos,https://www.revolico.com/search?q=bicimoto&page=6,https://www.revolico.com/item/bicimoto-bucatti-ultra-57622629
57590545,BICIMOTO BUCATTI ULTRA 🛵,1650.0,USD,La Habana,Plaza,"tipo_bateria, autonomia_km","faltan campos obligatorios: tipo_bateria, autonomia_km",faltan_campos,https://www.revolico.com/search?q=bicimoto&page=7,https://www.revolico.com/item/bicimoto-bucatti-ultra-57590545
57592252,BICIMOTO BUCATTI ULTRA 🛵⚡️✅️,1750.0,USD,La Habana,Centro Habana,"tipo_bateria, autonomia_km","faltan campos obligatorios: tipo_bateria, autonomia_km",faltan_campos,https://www.revolico.com/search?q=bicimoto&page=7,https://www.revolico.com/item/bicimoto-bucatti-ultra-57592252
57617963,BICIMOTO Bucatti Ultra Garantía 15 dias,1750.0,USD,La Habana,Guanabacoa,"tipo_bateria, autonomia_km","faltan campos obligatorios: tipo_bateria, autonomia_km",faltan_campos,https://www.revolico.com/search?q=bicimoto&page=6,https://www.revolico.com/item/bicimoto-bucatti-ultra-garantia-15-dias-57617963
57596666,BICIMOTO CHALLENGER,750.0,USD,La Habana,Habana Vieja,"tipo_bateria, autonomia_km","faltan campos obligatorios: tipo_bateria, autonomia_km",faltan_campos,https://www.revolico.com/search?q=bicimoto&page=6,https://www.revolico.com/item/bicimoto-challenger-57596666
57642933,BICIMOTO CHALLENGER 2026,1350.0,USD,La Habana,Centro Habana,"tipo_bateria, autonomia_km","faltan campos obligatorios: tipo_bateria, autonomia_km",faltan_campos,https://www.revolico.com/search?q=bicimoto&page=5,https://www.revolico.com/item/bicimoto-challenger-2026-57642933
57593719,BICIMOTO CHALLENGER 2026,1350.0,USD,La Habana,Playa,"tipo_bateria, autonomia_km","faltan campos obligatorios: tipo_bateria, autonomia_km",faltan_campos,https://www.revolico.com/search?q=bicimoto&page=6,https://www.revolico.com/item/bicimoto-challenger-2026-57593719
57593020,BICIMOTO CHALLENGER 2026,1350.0,USD,La Habana,Centro Habana,"tipo_bateria, autonomia_km","faltan campos obligatorios: tipo_bateria, autonomia_km",faltan_campos,https://www.revolico.com/search?q=bicimoto&page=7,https://www.revolico.com/item/bicimoto-challenger-2026-57593020
57543442,BICIMOTO CHALLENGER 2026 ⚙️ CARACTERÍSTICAS • 2000 W • 60 V • 20 AH • Luces LED • Alarma • ⁠Pizarra digital • ⁠A,1350.0,USD,La Habana,Cotorro,"tipo_bateria, autonomia_km","faltan campos obligatorios: tipo_bateria, autonomia_km",faltan_campos,https://www.revolico.com/search?q=bicimoto&page=8,https://www.revolico.com/item/bicimoto-challenger-2026-caracteristicas-2000-w-60-v-20-ah-luces-led-alarma-pizarra-digital-a-57543442
57669601,BICIMOTO CHALLENGER CORLEONE,900.0,USD,La Habana,Playa,"tipo_bateria, autonomia_km","faltan campos obligatorios: tipo_bateria, autonomia_km",faltan_campos,https://www.revolico.com/search?q=bicimoto&page=4,https://www.revolico.com/item/bicimoto-challenger-corleone-57669601
57480143,BICIMOTO CHALLENGER CORLEONE,820.0,USD,La Habana,Plaza,"tipo_bateria, autonomia_km","faltan campos obligatorios: tipo_bateria, autonomia_km",faltan_campos,https://www.revolico.com/search?q=bicimoto&page=10,https://www.revolico.com/item/bicimoto-challenger-corleone-57480143
57439448,BICIMOTO CHALLENGER CORLEONE • 0km,850.0,USD,La Habana,Plaza,"tipo_bateria, autonomia_km","faltan campos obligatorios: tipo_bateria, autonomia_km",faltan_campos,https://www.revolico.com/search?q=bicimoto&page=10,https://www.revolico.com/item/bicimoto-challenger-corleone-0km-57439448
57658663,BICIMOTO CHALLENGER PRONTEZZA,850.0,USD,La Habana,Centro Habana,"tipo_bateria, autonomia_km","faltan campos obligatorios: tipo_bateria, autonomia_km",faltan_campos,https://www.revolico.com/search?q=bicimoto&page=5,https://www.revolico.com/item/bicimoto-challenger-prontezza-57658663
57543804,BICIMOTO CHALLENGER PRONTEZZA 2026 • 0km new,850.0,USD,La Habana,Marianao,"tipo_bateria, autonomia_km","faltan campos obligatorios: tipo_bateria, autonomia_km",faltan_campos,https://www.revolico.com/search?q=bicimoto&page=8,https://www.revolico.com/item/bicimoto-challenger-prontezza-2026-0km-new-57543804
57543764,BICIMOTO CHALLENGER PRONTEZZA • 0km,850.0,USD,La Habana,Plaza,"tipo_bateria, autonomia_km","faltan campos obligatorios: tipo_bateria, autonomia_km",faltan_campos,https://www.revolico.com/search?q=bicimoto&page=8,https://www.revolico.com/item/bicimoto-challenger-prontezza-0km-57543764
57543781,BICIMOTO CHALLENGER PRONTEZZA 🛵 nueva 0km,850.0,USD,La Habana,Playa,"tipo_bateria, autonomia_km","faltan campos obligatorios: tipo_bateria, autonomia_km",faltan_campos,https://www.revolico.com/search?q=bicimoto&page=8,https://www.revolico.com/item/bicimoto-challenger-prontezza-nueva-0km-57543781
57663915,BICIMOTO CHALLENGER PRONTEZZA 🛵*,820.0,USD,La Habana,Plaza,"tipo_bateria, autonomia_km","faltan campos obligatorios: tipo_bateria, autonomia_km",faltan_campos,https://www.revolico.com/search?q=bicimoto&page=4,https://www.revolico.com/item/bicimoto-challenger-prontezza-57663915
57595529,BICIMOTO CHALLENGER PROTENZZA,880.0,USD,La Habana,Centro Habana,"tipo_bateria, autonomia_km","faltan campos obligatorios: tipo_bateria, autonomia_km",faltan_campos,https://www.revolico.com/search?q=bicimoto&page=6,https://www.revolico.com/item/bicimoto-challenger-protenzza-57595529
57645003,BICIMOTO CHALLENGER X,1300.0,USD,La Habana,Centro Habana,"tipo_bateria, autonomia_km","faltan campos obligatorios: tipo_bateria, autonomia_km",faltan_campos,https://www.revolico.com/search?q=bicimoto&page=5,https://www.revolico.com/item/bicimoto-challenger-x-57645003
57587014,BICIMOTO CHALLENGER X,1300.0,USD,La Habana,Centro Habana,"tipo_bateria, autonomia_km","faltan campos obligatorios: tipo_bateria, autonomia_km",faltan_campos,https://www.revolico.com/search?q=bicimoto&page=7,https://www.revolico.com/item/bicimoto-challenger-x-57587014
57529215,BICIMOTO CHALLENGER X1,1320.0,USD,La Habana,Playa,"tipo_bateria, autonomia_km","faltan campos obligatorios: tipo_bateria, autonomia_km",faltan_campos,https://www.revolico.com/search?q=bicimoto&page=8,https://www.revolico.com/item/bicimoto-challenger-x1-57529215
57439503,BICIMOTO CHALLENGER • 0km new 🛵,850.0,USD,La Habana,Marianao,"tipo_bateria, autonomia_km","faltan campos obligatorios: tipo_bateria, autonomia_km",faltan_campos,https://www.revolico.com/search?q=bicimoto&page=10,https://www.revolico.com/item/bicimoto-challenger-0km-new-57439503
56665872,BICIMOTO ELECTRICA JMD,1650.0,USD,La Habana,Arroyo Naranjo,"tipo_bateria, autonomia_km","faltan campos obligatorios: tipo_bateria, autonomia_km",faltan_campos,https://www.revolico.com/search?q=bicimoto+electrica&page=3,https://www.revolico.com/item/bicimoto-electrica-jmd-56665872
56652870,BICIMOTO ELECTRICA JMD,1650.0,USD,La Habana,Arroyo Naranjo,"tipo_bateria, autonomia_km","faltan campos obligatorios: tipo_bateria, autonomia_km",faltan_campos,https://www.revolico.com/search?q=bicimoto+electrica&page=3,https://www.revolico.com/item/bicimoto-electrica-jmd-56652870
56573439,BICIMOTO ELECTRICA JMD,1550.0,USD,La Habana,Arroyo Naranjo,"tipo_bateria, autonomia_km","faltan campos obligatorios: tipo_bateria, autonomia_km",faltan_campos,https://www.revolico.com/search?q=bicimoto+electrica&page=4,https://www.revolico.com/item/bicimoto-electrica-jmd-56573439
56491142,BICIMOTO ELECTRICA JMD,1620.0,USD,La Habana,Centro Habana,"tipo_bateria, autonomia_km","faltan campos obligatorios: tipo_bateria, autonomia_km",faltan_campos,https://www.revolico.com/search?q=bicimoto+electrica&page=4,https://www.revolico.com/item/bicimoto-electrica-jmd-56491142
56216974,BICIMOTO ELECTRICA MARCA CHALLENGER (moto eas,850.0,USD,La Habana,Diez de Octubre,"tipo_bateria, autonomia_km","faltan campos obligatorios: tipo_bateria, autonomia_km",faltan_campos,https://www.revolico.com/search?q=bicimoto+electrica&page=4,https://www.revolico.com/item/bicimoto-electrica-marca-challenger-moto-eas-56216974
57014674,BICIMOTO ELECTRICA MARCA CHALLENGER PROTENZZA,770.0,USD,La Habana,La Lisa,"tipo_bateria, autonomia_km","faltan campos obligatorios: tipo_bateria, autonomia_km",faltan_campos,https://www.revolico.com/search?q=bicimoto+electrica&page=3,https://www.revolico.com/item/bicimoto-electrica-marca-challenger-protenzza-57014674
56940511,BICIMOTO ELECTRICA MARCA CHALLENGER PROTENZZA,770.0,USD,La Habana,Playa,"tipo_bateria, autonomia_km","faltan campos obligatorios: tipo_bateria, autonomia_km",faltan_campos,https://www.revolico.com/search?q=bicimoto+electrica&page=3,https://www.revolico.com/item/bicimoto-electrica-marca-challenger-protenzza-56940511
56934890,BICIMOTO ELECTRICA MARCA CHALLENGER PROTENZZA,760.0,USD,La Habana,Plaza,"tipo_bateria, autonomia_km","faltan campos obligatorios: tipo_bateria, autonomia_km",faltan_campos,https://www.revolico.com/search?q=bicimoto+electrica&page=3,https://www.revolico.com/item/bicimoto-electrica-marca-challenger-protenzza-56934890
56606105,BICIMOTO ELECTRICA MARCA VEDCA 2025,1220.0,USD,La Habana,La Lisa,"tipo_bateria, autonomia_km","faltan campos obligatorios: tipo_bateria, autonomia_km",faltan_campos,https://www.revolico.com/search?q=bicimoto+electrica&page=4,https://www.revolico.com/item/bicimoto-electrica-marca-vedca-2025-56606105
56849890,BICIMOTO ELECTRICA MARCA phoenix 2026*,870.0,USD,La Habana,Habana Vieja,"tipo_bateria, autonomia_km","faltan campos obligatorios: tipo_bateria, autonomia_km",faltan_campos,https://www.revolico.com/search?q=bicimoto+electrica&page=3,https://www.revolico.com/item/bicimoto-electrica-marca-phoenix-2026-56849890
56565821,BICIMOTO ELECTRICA MARCA phoenix 2026* Nuevas 0km,880.0,USD,La Habana,La Lisa,"tipo_bateria, autonomia_km","faltan campos obligatorios: tipo_bateria, autonomia_km",faltan_campos,https://www.revolico.com/search?q=bicimoto+electrica&page=4,https://www.revolico.com/item/bicimoto-electrica-marca-phoenix-2026-nuevas-0km-56565821
56637058,BICIMOTO ELÉCTRICA AVA,1480.0,USD,La Habana,Plaza,"tipo_bateria, autonomia_km","faltan campos obligatorios: tipo_bateria, autonomia_km",faltan_campos,https://www.revolico.com/search?q=bicimoto+electrica&page=4,https://www.revolico.com/item/bicimoto-electrica-ava-56637058
56993490,BICIMOTO ELÉCTRICA CHALLENGER PROTENZZA 🏍️,820.0,USD,La Habana,La Lisa,"tipo_bateria, autonomia_km","faltan campos obligatorios: tipo_bateria, autonomia_km",faltan_campos,https://www.revolico.com/search?q=bicimoto+electrica&page=3,https://www.revolico.com/item/bicimoto-electrica-challenger-protenzza-56993490
57062543,BICIMOTO ELÉCTRICA DTTZH F6,1100.0,USD,La Habana,Habana del Este,"tipo_bateria, autonomia_km","faltan campos obligatorios: tipo_bateria, autonomia_km",faltan_campos,https://www.revolico.com/search?q=bicimoto+electrica&page=3,https://www.revolico.com/item/bicimoto-electrica-dttzh-f6-57062543
56903654,BICIMOTO ELÉCTRICA JMD,1530.0,USD,La Habana,Centro Habana,"tipo_bateria, autonomia_km","faltan campos obligatorios: tipo_bateria, autonomia_km",faltan_campos,https://www.revolico.com/search?q=bicimoto+electrica&page=3,https://www.revolico.com/item/bicimoto-electrica-jmd-56903654
56777762,BICIMOTO ELÉCTRICA JMD,1560.0,USD,La Habana,Cerro,"tipo_bateria, autonomia_km","faltan campos obligatorios: tipo_bateria, autonomia_km",faltan_campos,https://www.revolico.com/search?q=bicimoto+electrica&page=3,https://www.revolico.com/item/bicimoto-electrica-jmd-56777762
56636718,BICIMOTO ELÉCTRICA JMD,1550.0,USD,La Habana,Plaza,"tipo_bateria, autonomia_km","faltan campos obligatorios: tipo_bateria, autonomia_km",faltan_campos,https://www.revolico.com/search?q=bicimoto+electrica&page=4,https://www.revolico.com/item/bicimoto-electrica-jmd-56636718
57588798,"BICIMOTO ELÉCTRICA JMD 3000w, incluye maya, casco y guantes",1640.0,USD,La Habana,Boyeros,"tipo_bateria, autonomia_km","faltan campos obligatorios: tipo_bateria, autonomia_km",faltan_campos,https://www.revolico.com/search?q=bicimoto&page=7,https://www.revolico.com/item/bicimoto-electrica-jmd-3000w-incluye-maya-casco-y-guantes-57588798
56043200,BICIMOTO ELÉCTRICA JMD NUEVA EN caja,720.0,USD,La Habana,La Lisa,"tipo_bateria, autonomia_km","faltan campos obligatorios: tipo_bateria, autonomia_km",faltan_campos,https://www.revolico.com/search?q=bicimoto+electrica&page=4,https://www.revolico.com/item/bicimoto-electrica-jmd-nueva-en-caja-56043200
57152408,BICIMOTO ELÉCTRICA JMD 🛵,1520.0,USD,La Habana,Marianao,"tipo_bateria, autonomia_km","faltan campos obligatorios: tipo_bateria, autonomia_km",faltan_campos,https://www.revolico.com/search?q=bicimoto+electrica&page=2,https://www.revolico.com/item/bicimoto-electrica-jmd-57152408
57107918,BICIMOTO ELÉCTRICA MAF ENGLE,1100.0,USD,La Habana,Playa,"tipo_bateria, autonomia_km","faltan campos obligatorios: tipo_bateria, autonomia_km",faltan_campos,https://www.revolico.com/search?q=bicimoto+electrica&page=2,https://www.revolico.com/item/bicimoto-electrica-maf-engle-57107918
57500673,BICIMOTO ELÉCTRICA MAF ENGLE 🛵,1100.0,USD,La Habana,Centro Habana,"tipo_bateria, autonomia_km","faltan campos obligatorios: tipo_bateria, autonomia_km",faltan_campos,https://www.revolico.com/search?q=bicimoto&page=9,https://www.revolico.com/item/bicimoto-electrica-maf-engle-57500673
57162883,BICIMOTO ELÉCTRICA MAF ENGLE 🛵,1200.0,USD,La Habana,Marianao,"tipo_bateria, autonomia_km","faltan campos obligatorios: tipo_bateria, autonomia_km",faltan_campos,https://www.revolico.com/search?q=bicimoto+electrica&page=2,https://www.revolico.com/item/bicimoto-electrica-maf-engle-57162883
57162880,BICIMOTO ELÉCTRICA MAF ENGLE 🛵,1200.0,USD,La Habana,Marianao,"tipo_bateria, autonomia_km","faltan campos obligatorios: tipo_bateria, autonomia_km",faltan_campos,https://www.revolico.com/search?q=bicimoto+electrica&page=2,https://www.revolico.com/item/bicimoto-electrica-maf-engle-57162880
57162916,BICIMOTO ELÉCTRICA MAF ENGLE 🛵*,1200.0,USD,La Habana,Centro Habana,"tipo_bateria, autonomia_km","faltan campos obligatorios: tipo_bateria, autonomia_km",faltan_campos,https://www.revolico.com/search?q=bicimoto+electrica&page=2,https://www.revolico.com/item/bicimoto-electrica-maf-engle-57162916
56716320,BICIMOTO ELÉCTRICA MIDHA. PATINETA ELÉCTRICA MIDHA. BICICLETA ELÉCTRICA MIDHA.,850.0,USD,La Habana,Diez de Octubre,"tipo_bateria, autonomia_km","faltan campos obligatorios: tipo_bateria, autonomia_km",faltan_campos,https://www.revolico.com/search?q=bicimoto+electrica&page=3,https://www.revolico.com/item/bicimoto-electrica-midha-patineta-electrica-midha-bicicleta-electrica-midha-56716320
57084791,BICIMOTO ELÉCTRICA RX COMBAT 🛵,2000.0,USD,La Habana,Playa,"tipo_bateria, autonomia_km","faltan campos obligatorios: tipo_bateria, autonomia_km",faltan_campos,https://www.revolico.com/search?q=bicimoto+electrica&page=3,https://www.revolico.com/item/bicimoto-electrica-rx-combat-57084791
57211383,BICIMOTO ELÉCTRICA RX- COMBAT,1900.0,USD,La Habana,Arroyo Naranjo,"tipo_bateria, autonomia_km","faltan campos obligatorios: tipo_bateria, autonomia_km",faltan_campos,https://www.revolico.com/search?q=bicimoto+electrica&page=2,https://www.revolico.com/item/bicimoto-electrica-rx-combat-57211383
56734151,BICIMOTO ELÉCTRICA TOPMAQ EVOLUTION 2026,1950.0,USD,La Habana,Diez de Octubre,"tipo_bateria, autonomia_km","faltan campos obligatorios: tipo_bateria, autonomia_km",faltan_campos,https://www.revolico.com/search?q=bicimoto+electrica&page=3,https://www.revolico.com/item/bicimoto-electrica-topmaq-evolution-2026-56734151
56532287,BICIMOTO ELÉCTRICA TOPMAQ ULTRA 2025,1300.0,USD,La Habana,Habana Vieja,"tipo_bateria, autonomia_km","faltan campos obligatorios: tipo_bateria, autonomia_km",faltan_campos,https://www.revolico.com/search?q=bicimoto+electrica&page=4,https://www.revolico.com/item/bicimoto-electrica-topmaq-ultra-2025-56532287
57242295,BICIMOTO ELÉCTRICA VEDCA,1150.0,USD,La Habana,Boyeros,"tipo_bateria, autonomia_km","faltan campos obligatorios: tipo_bateria, autonomia_km",faltan_campos,https://www.revolico.com/search?q=bicimoto+electrica&page=2,https://www.revolico.com/item/bicimoto-electrica-vedca-57242295
56997893,BICIMOTO ELÉCTRICA VEDCA,1220.0,USD,La Habana,Centro Habana,"tipo_bateria, autonomia_km","faltan campos obligatorios: tipo_bateria, autonomia_km",faltan_campos,https://www.revolico.com/search?q=bicimoto+electrica&page=3,https://www.revolico.com/item/bicimoto-electrica-vedca-56997893
56632282,BICIMOTO ELÉCTRICA VEDCA,1150.0,USD,La Habana,Boyeros,"tipo_bateria, autonomia_km","faltan campos obligatorios: tipo_bateria, autonomia_km",faltan_campos,https://www.revolico.com/search?q=bicimoto+electrica&page=4,https://www.revolico.com/item/bicimoto-electrica-vedca-56632282
55961251,BICIMOTO ELÉCTRICA VEDCA,1240.0,USD,La Habana,Plaza,"tipo_bateria, autonomia_km","faltan campos obligatorios: tipo_bateria, autonomia_km",faltan_campos,https://www.revolico.com/search?q=bicimoto+electrica&page=4,https://www.revolico.com/item/bicimoto-electrica-vedca-55961251
56729111,BICIMOTO ELÉCTRICA VEDCA 2025 CON TRANSPORTE INCLUIDO LA HABANA,1230.0,USD,La Habana,Habana del Este,"tipo_bateria, autonomia_km","faltan campos obligatorios: tipo_bateria, autonomia_km",faltan_campos,https://www.revolico.com/search?q=bicimoto+electrica&page=3,https://www.revolico.com/item/bicimoto-electrica-vedca-2025-con-transporte-incluido-la-habana-56729111
57608299,BICIMOTO ELÉCTRICA VEDCA 4209 D2,670.0,USD,La Habana,Boyeros,"tipo_bateria, autonomia_km","faltan campos obligatorios: tipo_bateria, autonomia_km",faltan_campos,https://www.revolico.com/search?q=bicimoto&page=6,https://www.revolico.com/item/bicimoto-electrica-vedca-4209-d2-57608299
56576651,BICIMOTO ELÉCTRICA VEDCA LT 0 KM,1270.0,USD,La Habana,Centro Habana,"tipo_bateria, autonomia_km","faltan campos obligatorios: tipo_bateria, autonomia_km",faltan_campos,https://www.revolico.com/search?q=bicimoto+electrica&page=4,https://www.revolico.com/item/bicimoto-electrica-vedca-lt-0-km-56576651
57366130,BICIMOTO ELÉCTRICA VEDCA S1,1450.0,USD,La Habana,Cerro,"tipo_bateria, autonomia_km","faltan campos obligatorios: tipo_bateria, autonomia_km",faltan_campos,https://www.revolico.com/search?q=bicimoto+electrica&page=2,https://www.revolico.com/item/bicimoto-electrica-vedca-s1-57366130
57208363,BICIMOTO ELÉCTRICA VEDCA S1,1400.0,USD,La Habana,Arroyo Naranjo,"tipo_bateria, autonomia_km","faltan campos obligatorios: tipo_bateria, autonomia_km",faltan_campos,https://www.revolico.com/search?q=bicimoto+electrica&page=2,https://www.revolico.com/item/bicimoto-electrica-vedca-s1-57208363
56548681,BICIMOTO ELÉCTRICA VEDCA S1,1440.0,USD,La Habana,Marianao,"tipo_bateria, autonomia_km","faltan campos obligatorios: tipo_bateria, autonomia_km",faltan_campos,https://www.revolico.com/search?q=bicimoto+electrica&page=4,https://www.revolico.com/item/bicimoto-electrica-vedca-s1-56548681
57378233,BICIMOTO ELÉCTRICA VEDCA S1 P0664-AV013,1480.0,USD,La Habana,Diez de Octubre,"tipo_bateria, autonomia_km","faltan campos obligatorios: tipo_bateria, autonomia_km",faltan_campos,https://www.revolico.com/search?q=bicimoto+electrica&page=2,https://www.revolico.com/item/bicimoto-electrica-vedca-s1-p0664-av013-57378233
56697692,BICIMOTO ELÉCTRICA VEDCA S1 🛵 LMM $1460,1460.0,USD,La Habana,Marianao,"tipo_bateria, autonomia_km","faltan campos obligatorios: tipo_bateria, autonomia_km",faltan_campos,https://www.revolico.com/search?q=bicimoto+electrica&page=3,https://www.revolico.com/item/bicimoto-electrica-vedca-s1-lmm-1460-56697692
57103930,BICIMOTO ELÉCTRICA VEDCA S1🛵,1520.0,USD,La Habana,Boyeros,"tipo_bateria, autonomia_km","faltan campos obligatorios: tipo_bateria, autonomia_km",faltan_campos,https://www.revolico.com/search?q=bicimoto+electrica&page=2,https://www.revolico.com/item/bicimoto-electrica-vedca-s1-57103930
56632362,BICIMOTO ELÉCTRICA VEDCA S1🛵,1550.0,USD,La Habana,Playa,"tipo_bateria, autonomia_km","faltan campos obligatorios: tipo_bateria, autonomia_km",faltan_campos,https://www.revolico.com/search?q=bicimoto+electrica&page=4,https://www.revolico.com/item/bicimoto-electrica-vedca-s1-56632362
56244446,BICIMOTO Eléctrica Yoazaky Galáctica,2070.0,USD,Artemisa,Güira de Melena,"tipo_bateria, autonomia_km","faltan campos obligatorios: tipo_bateria, autonomia_km",faltan_campos,https://www.revolico.com/search?q=bicimoto+electrica&page=4,https://www.revolico.com/item/bicimoto-electrica-yoazaky-galactica-56244446
57560480,BICIMOTO HALCON 2026*,1650.0,USD,La Habana,Habana Vieja,"tipo_bateria, autonomia_km","faltan campos obligatorios: tipo_bateria, autonomia_km",faltan_campos,https://www.revolico.com/search?q=bicimoto&page=8,https://www.revolico.com/item/bicimoto-halcon-2026-57560480
57673738,BICIMOTO HALCON MOUNTAIN,1800.0,USD,La Habana,Centro Habana,"tipo_bateria, autonomia_km","faltan campos obligatorios: tipo_bateria, autonomia_km",faltan_campos,https://www.revolico.com/search?q=bicimoto&page=4,https://www.revolico.com/item/bicimoto-halcon-mountain-57673738
57616471,BICIMOTO HALCON NOVA 17 GEN 2026,1600.0,USD,La Habana,Centro Habana,"tipo_bateria, autonomia_km","faltan campos obligatorios: tipo_bateria, autonomia_km",faltan_campos,https://www.revolico.com/search?q=bicimoto&page=6,https://www.revolico.com/item/bicimoto-halcon-nova-17-gen-2026-57616471
57676692,BICIMOTO HALCÓN 2025,1570.0,USD,La Habana,Arroyo Naranjo,"tipo_bateria, autonomia_km","faltan campos obligatorios: tipo_bateria, autonomia_km",faltan_campos,https://www.revolico.com/search?q=bicimoto&page=4,https://www.revolico.com/item/bicimoto-halcon-2025-57676692
57674095,BICIMOTO HALCÓN 2025...NEW 0KM !!!²⁰,1570.0,USD,La Habana,Cotorro,"tipo_bateria, autonomia_km","faltan campos obligatorios: tipo_bateria, autonomia_km",faltan_campos,https://www.revolico.com/search?q=bicimoto&page=4,https://www.revolico.com/item/bicimoto-halcon-2025new-0km-20-57674095
57690218,BICIMOTO HALCÓN MOUNTAIN,1850.0,USD,La Habana,Boyeros,"tipo_bateria, autonomia_km","faltan campos obligatorios: tipo_bateria, autonomia_km",faltan_campos,https://www.revolico.com/search?q=bicimoto&page=4,https://www.revolico.com/item/bicimoto-halcon-mountain-57690218
57666837,BICIMOTO HALCÓN MOUNTAIN,1800.0,USD,La Habana,Plaza,"tipo_bateria, autonomia_km","faltan campos obligatorios: tipo_bateria, autonomia_km",faltan_campos,https://www.revolico.com/search?q=bicimoto&page=4,https://www.revolico.com/item/bicimoto-halcon-mountain-57666837
57665850,BICIMOTO HALCÓN MOUNTAIN R,1850.0,USD,La Habana,La Lisa,"tipo_bateria, autonomia_km","faltan campos obligatorios: tipo_bateria, autonomia_km",faltan_campos,https://www.revolico.com/search?q=bicimoto&page=4,https://www.revolico.com/item/bicimoto-halcon-mountain-r-57665850
57621341,BICIMOTO HALCÓN NOVA 17 GEN 2026,1600.0,USD,La Habana,Plaza,"tipo_bateria, autonomia_km","faltan campos obligatorios: tipo_bateria, autonomia_km",faltan_campos,https://www.revolico.com/search?q=bicimoto&page=6,https://www.revolico.com/item/bicimoto-halcon-nova-17-gen-2026-57621341
57591930,BICIMOTO HALCÓN NOVA 17 GEN 2026,1600.0,USD,La Habana,Cerro,"tipo_bateria, autonomia_km","faltan campos obligatorios: tipo_bateria, autonomia_km",faltan_campos,https://www.revolico.com/search?q=bicimoto&page=7,https://www.revolico.com/item/bicimoto-halcon-nova-17-gen-2026-57591930
57687222,BICIMOTO JMD,1500.0,USD,La Habana,Boyeros,"tipo_bateria, autonomia_km","faltan campos obligatorios: tipo_bateria, autonomia_km",faltan_campos,https://www.revolico.com/search?q=bicimoto&page=4,https://www.revolico.com/item/bicimoto-jmd-57687222
57686635,BICIMOTO JMD,1500.0,USD,La Habana,Boyeros,"tipo_bateria, autonomia_km","faltan campos obligatorios: tipo_bateria, autonomia_km",faltan_campos,https://www.revolico.com/search?q=bicimoto&page=4,https://www.revolico.com/item/bicimoto-jmd-57686635
57649037,BICIMOTO JMD,1600.0,USD,La Habana,Boyeros,"tipo_bateria, autonomia_km","faltan campos obligatorios: tipo_bateria, autonomia_km",faltan_campos,https://www.revolico.com/search?q=bicimoto&page=5,https://www.revolico.com/item/bicimoto-jmd-57649037
57583399,BICIMOTO JMD,650.0,USD,La Habana,Arroyo Naranjo,"tipo_bateria, autonomia_km","faltan campos obligatorios: tipo_bateria, autonomia_km",faltan_campos,https://www.revolico.com/search?q=bicimoto&page=7,https://www.revolico.com/item/bicimoto-jmd-57583399
57662018,BICIMOTO JMD 2026,1600.0,USD,La Habana,Plaza,"tipo_bateria, autonomia_km","faltan campos obligatorios: tipo_bateria, autonomia_km",faltan_campos,https://www.revolico.com/search?q=bicimoto&page=5,https://www.revolico.com/item/bicimoto-jmd-2026-57662018
57621699,BICIMOTO JMD 2026,1600.0,USD,La Habana,Plaza,"tipo_bateria, autonomia_km","faltan campos obligatorios: tipo_bateria, autonomia_km",faltan_campos,https://www.revolico.com/search?q=bicimoto&page=6,https://www.revolico.com/item/bicimoto-jmd-2026-57621699
57616769,BICIMOTO JMD 2026,1600.0,USD,La Habana,Diez de Octubre,"tipo_bateria, autonomia_km","faltan campos obligatorios: tipo_bateria, autonomia_km",faltan_campos,https://www.revolico.com/search?q=bicimoto&page=6,https://www.revolico.com/item/bicimoto-jmd-2026-57616769
57586171,BICIMOTO JMD 2026,1600.0,USD,La Habana,Centro Habana,"tipo_bateria, autonomia_km","faltan campos obligatorios: tipo_bateria, autonomia_km",faltan_campos,https://www.revolico.com/search?q=bicimoto&page=7,https://www.revolico.com/item/bicimoto-jmd-2026-57586171
57535832,BICIMOTO JMD 2026,1600.0,USD,La Habana,Centro Habana,"tipo_bateria, autonomia_km","faltan campos obligatorios: tipo_bateria, autonomia_km",faltan_campos,https://www.revolico.com/search?q=bicimoto&page=8,https://www.revolico.com/item/bicimoto-jmd-2026-57535832
57513720,BICIMOTO JMD 2026,1600.0,USD,La Habana,Guanabacoa,"tipo_bateria, autonomia_km","faltan campos obligatorios: tipo_bateria, autonomia_km",faltan_campos,https://www.revolico.com/search?q=bicimoto&page=9,https://www.revolico.com/item/bicimoto-jmd-2026-57513720
57505645,BICIMOTO JMD 2026,1600.0,USD,La Habana,Marianao,"tipo_bateria, autonomia_km","faltan campos obligatorios: tipo_bateria, autonomia_km",faltan_campos,https://www.revolico.com/search?q=bicimoto&page=9,https://www.revolico.com/item/bicimoto-jmd-2026-57505645
57615881,BICIMOTO JMD 2026 nueva nueva,1480.0,USD,La Habana,Habana Vieja,"tipo_bateria, autonomia_km","faltan campos obligatorios: tipo_bateria, autonomia_km",faltan_campos,https://www.revolico.com/search?q=bicimoto&page=6,https://www.revolico.com/item/bicimoto-jmd-2026-nueva-nueva-57615881
57443843,BICIMOTO JMD 48V 3000W 50 AMP NUEVA,1600.0,USD,La Habana,,"tipo_bateria, autonomia_km","faltan campos obligatorios: tipo_bateria, autonomia_km",faltan_campos,https://www.revolico.com/search?q=bicimoto&page=10,https://www.revolico.com/item/bicimoto-jmd-48v-3000w-50-amp-nueva-57443843
56903551,BICIMOTO JMD ELÉCTRICA,790.0,USD,La Habana,Centro Habana,"tipo_bateria, autonomia_km","faltan campos obligatorios: tipo_bateria, autonomia_km",faltan_campos,https://www.revolico.com/search?q=bicimoto+electrica&page=5,https://www.revolico.com/item/bicimoto-jmd-electrica-56903551
57615943,BICIMOTO JMD NUEVA EN SU CAJA,740.0,USD,La Habana,Habana Vieja,"tipo_bateria, autonomia_km","faltan campos obligatorios: tipo_bateria, autonomia_km",faltan_campos,https://www.revolico.com/search?q=bicimoto&page=6,https://www.revolico.com/item/bicimoto-jmd-nueva-en-su-caja-57615943
57644921,BICIMOTO LAITUNING,650.0,USD,La Habana,Centro Habana,"tipo_bateria, autonomia_km","faltan campos obligatorios: tipo_bateria, autonomia_km",faltan_campos,https://www.revolico.com/search?q=bicimoto&page=5,https://www.revolico.com/item/bicimoto-laituning-57644921
57589942,BICIMOTO LAITUNING,650.0,USD,La Habana,Centro Habana,"tipo_bateria, autonomia_km","faltan campos obligatorios: tipo_bateria, autonomia_km",faltan_campos,https://www.revolico.com/search?q=bicimoto&page=7,https://www.revolico.com/item/bicimoto-laituning-57589942
57497257,BICIMOTO LAITUNING*🛵 670 usd,670.0,USD,La Habana,Arroyo Naranjo,"tipo_bateria, autonomia_km","faltan campos obligatorios: tipo_bateria, autonomia_km",faltan_campos,https://www.revolico.com/search?q=bicimoto&page=9,https://www.revolico.com/item/bicimoto-laituning-670-usd-57497257
57692004,BICIMOTO MAF ENGLE,1100.0,USD,La Habana,Centro Habana,"tipo_bateria, autonomia_km","faltan campos obligatorios: tipo_bateria, autonomia_km",faltan_campos,https://www.revolico.com/search?q=bicimoto&page=4,https://www.revolico.com/item/bicimoto-maf-engle-57692004
57662907,BICIMOTO MAF ENGLE,1100.0,USD,La Habana,Habana Vieja,"tipo_bateria, autonomia_km","faltan campos obligatorios: tipo_bateria, autonomia_km",faltan_campos,https://www.revolico.com/search?q=bicimoto&page=5,https://www.revolico.com/item/bicimoto-maf-engle-57662907
57643723,BICIMOTO MAF ENGLE,1220.0,USD,La Habana,Centro Habana,"tipo_bateria, autonomia_km","faltan campos obligatorios: tipo_bateria, autonomia_km",faltan_campos,https://www.revolico.com/search?q=bicimoto&page=5,https://www.revolico.com/item/bicimoto-maf-engle-57643723
57601075,BICIMOTO MAF ENGLE,1100.0,USD,La Habana,Plaza,"tipo_bateria, autonomia_km","faltan campos obligatorios: tipo_bateria, autonomia_km",faltan_campos,https://www.revolico.com/search?q=bicimoto&page=6,https://www.revolico.com/item/bicimoto-maf-engle-57601075
57611503,BICIMOTO MAF ENGLE🛵,1200.0,USD,La Habana,Plaza,"tipo_bateria, autonomia_km","faltan campos obligatorios: tipo_bateria, autonomia_km",faltan_campos,https://www.revolico.com/search?q=bicimoto&page=6,https://www.revolico.com/item/bicimoto-maf-engle-57611503
57637573,BICIMOTO MAF ENGLE🛵*,1100.0,USD,La Habana,San Miguel del Padrón,"tipo_bateria, autonomia_km","faltan campos obligatorios: tipo_bateria, autonomia_km",faltan_campos,https://www.revolico.com/search?q=bicimoto&page=5,https://www.revolico.com/item/bicimoto-maf-engle-57637573
57598060,BICIMOTO MARCA VEDCA S1,1450.0,USD,La Habana,Centro Habana,"tipo_bateria, autonomia_km","faltan campos obligatorios: tipo_bateria, autonomia_km",faltan_campos,https://www.revolico.com/search?q=bicimoto&page=6,https://www.revolico.com/item/bicimoto-marca-vedca-s1-57598060
57535055,BICIMOTO MARCA VEDCA S1,1450.0,USD,La Habana,Playa,"tipo_bateria, autonomia_km","faltan campos obligatorios: tipo_bateria, autonomia_km",faltan_campos,https://www.revolico.com/search?q=bicimoto&page=8,https://www.revolico.com/item/bicimoto-marca-vedca-s1-57535055
57482266,BICIMOTO MARCA VEDCA S1,1450.0,USD,La Habana,Diez de Octubre,"tipo_bateria, autonomia_km","faltan campos obligatorios: tipo_bateria, autonomia_km",faltan_campos,https://www.revolico.com/search?q=bicimoto&page=9,https://www.revolico.com/item/bicimoto-marca-vedca-s1-57482266
57592846,BICIMOTO MARCA YOAZAKY 707,1600.0,USD,La Habana,Centro Habana,"tipo_bateria, autonomia_km","faltan campos obligatorios: tipo_bateria, autonomia_km",faltan_campos,https://www.revolico.com/search?q=bicimoto&page=7,https://www.revolico.com/item/bicimoto-marca-yoazaky-707-57592846
57586969,BICIMOTO MIDHA EAGLE,1020.0,USD,La Habana,Centro Habana,"tipo_bateria, autonomia_km","faltan campos obligatorios: tipo_bateria, autonomia_km",faltan_campos,https://www.revolico.com/search?q=bicimoto&page=7,https://www.revolico.com/item/bicimoto-midha-eagle-57586969
57434343,BICIMOTO MIDHA ENGLE,1030.0,USD,La Habana,Centro Habana,"tipo_bateria, autonomia_km","faltan campos obligatorios: tipo_bateria, autonomia_km",faltan_campos,https://www.revolico.com/search?q=bicimoto&page=10,https://www.revolico.com/item/bicimoto-midha-engle-57434343
57666555,BICIMOTO RX COMBAT,1850.0,USD,La Habana,Guanabacoa,"tipo_bateria, autonomia_km","faltan campos obligatorios: tipo_bateria, autonomia_km",faltan_campos,https://www.revolico.com/search?q=bicimoto&page=4,https://www.revolico.com/item/bicimoto-rx-combat-57666555
57659364,BICIMOTO RX COMBAT,1820.0,USD,La Habana,Diez de Octubre,"tipo_bateria, autonomia_km","faltan campos obligatorios: tipo_bateria, autonomia_km",faltan_campos,https://www.revolico.com/search?q=bicimoto&page=5,https://www.revolico.com/item/bicimoto-rx-combat-57659364
57650399,BICIMOTO RX COMBAT,1900.0,USD,La Habana,Guanabacoa,"tipo_bateria, autonomia_km","faltan campos obligatorios: tipo_bateria, autonomia_km",faltan_campos,https://www.revolico.com/search?q=bicimoto&page=5,https://www.revolico.com/item/bicimoto-rx-combat-57650399
57559638,BICIMOTO RX COMBAT,1800.0,USD,La Habana,Plaza,"tipo_bateria, autonomia_km","faltan campos obligatorios: tipo_bateria, autonomia_km",faltan_campos,https://www.revolico.com/search?q=bicimoto&page=8,https://www.revolico.com/item/bicimoto-rx-combat-57559638
57517546,BICIMOTO RX COMBAT,1959.0,USD,Holguín,Holguín,"tipo_bateria, autonomia_km","faltan campos obligatorios: tipo_bateria, autonomia_km",faltan_campos,https://www.revolico.com/search?q=bicimoto&page=9,https://www.revolico.com/item/bicimoto-rx-combat-57517546
57682193,BICIMOTO RX COMBAT 2026,1850.0,USD,La Habana,Playa,"tipo_bateria, autonomia_km","faltan campos obligatorios: tipo_bateria, autonomia_km",faltan_campos,https://www.revolico.com/search?q=bicimoto&page=4,https://www.revolico.com/item/bicimoto-rx-combat-2026-57682193
57654905,BICIMOTO RX COMBAT 2026,1850.0,USD,La Habana,Centro Habana,"tipo_bateria, autonomia_km","faltan campos obligatorios: tipo_bateria, autonomia_km",faltan_campos,https://www.revolico.com/search?q=bicimoto&page=5,https://www.revolico.com/item/bicimoto-rx-combat-2026-57654905
57586317,BICIMOTO RX COMBAT 2026,1950.0,USD,La Habana,Centro Habana,"tipo_bateria, autonomia_km","faltan campos obligatorios: tipo_bateria, autonomia_km",faltan_campos,https://www.revolico.com/search?q=bicimoto&page=7,https://www.revolico.com/item/bicimoto-rx-combat-2026-57586317
57513346,BICIMOTO RX COMBAT 2026,1950.0,USD,La Habana,Habana del Este,"tipo_bateria, autonomia_km","faltan campos obligatorios: tipo_bateria, autonomia_km",faltan_campos,https://www.revolico.com/search?q=bicimoto&page=9,https://www.revolico.com/item/bicimoto-rx-combat-2026-57513346
57660378,BICIMOTO RX COMBAT con mensajería incluida en la habana,1820.0,USD,La Habana,Diez de Octubre,"tipo_bateria, autonomia_km","faltan campos obligatorios: tipo_bateria, autonomia_km",faltan_campos,https://www.revolico.com/search?q=bicimoto&page=5,https://www.revolico.com/item/bicimoto-rx-combat-con-mensajeria-incluida-en-la-habana-57660378
57500752,BICIMOTO RX COMBAT 🛵,1890.0,USD,La Habana,Centro Habana,"tipo_bateria, autonomia_km","faltan campos obligatorios: tipo_bateria, autonomia_km",faltan_campos,https://www.revolico.com/search?q=bicimoto&page=9,https://www.revolico.com/item/bicimoto-rx-combat-57500752
57619746,"BICIMOTO TOPMAQ , EVOLUTION",1850.0,USD,La Habana,Arroyo Naranjo,"tipo_bateria, autonomia_km","faltan campos obligatorios: tipo_bateria, autonomia_km",faltan_campos,https://www.revolico.com/search?q=bicimoto&page=6,https://www.revolico.com/item/bicimoto-topmaq-evolution-57619746
57662924,BICIMOTO TOPMAQ EVOLUTION,1880.0,USD,La Habana,Habana Vieja,"tipo_bateria, autonomia_km","faltan campos obligatorios: tipo_bateria, autonomia_km",faltan_campos,https://www.revolico.com/search?q=bicimoto&page=5,https://www.revolico.com/item/bicimoto-topmaq-evolution-57662924
57600313,BICIMOTO TOPMAQ EVOLUTION,1850.0,USD,Artemisa,Artemisa,"tipo_bateria, autonomia_km","faltan campos obligatorios: tipo_bateria, autonomia_km",faltan_campos,https://www.revolico.com/search?q=bicimoto&page=6,https://www.revolico.com/item/bicimoto-topmaq-evolution-57600313
57586179,BICIMOTO TOPMAQ EVOLUTION,1880.0,USD,La Habana,Centro Habana,"tipo_bateria, autonomia_km","faltan campos obligatorios: tipo_bateria, autonomia_km",faltan_campos,https://www.revolico.com/search?q=bicimoto&page=7,https://www.revolico.com/item/bicimoto-topmaq-evolution-57586179
57577390,BICIMOTO TOPMAQ EVOLUTION,1880.0,USD,La Habana,Centro Habana,"tipo_bateria, autonomia_km","faltan campos obligatorios: tipo_bateria, autonomia_km",faltan_campos,https://www.revolico.com/search?q=bicimoto&page=7,https://www.revolico.com/item/bicimoto-topmaq-evolution-57577390
57511850,BICIMOTO TOPMAQ EVOLUTION,1850.0,USD,La Habana,Diez de Octubre,"tipo_bateria, autonomia_km","faltan campos obligatorios: tipo_bateria, autonomia_km",faltan_campos,https://www.revolico.com/search?q=bicimoto&page=9,https://www.revolico.com/item/bicimoto-topmaq-evolution-57511850
57492417,BICIMOTO TOPMAQ EVOLUTION,1880.0,USD,La Habana,Boyeros,"tipo_bateria, autonomia_km","faltan campos obligatorios: tipo_bateria, autonomia_km",faltan_campos,https://www.revolico.com/search?q=bicimoto&page=9,https://www.revolico.com/item/bicimoto-topmaq-evolution-57492417
57465551,BICIMOTO TOPMAQ EVOLUTION,1880.0,USD,La Habana,Playa,"tipo_bateria, autonomia_km","faltan campos obligatorios: tipo_bateria, autonomia_km",faltan_campos,https://www.revolico.com/search?q=bicimoto&page=10,https://www.revolico.com/item/bicimoto-topmaq-evolution-57465551
57445808,BICIMOTO TOPMAQ EVOLUTION,2100.0,USD,La Habana,Marianao,"tipo_bateria, autonomia_km","faltan campos obligatorios: tipo_bateria, autonomia_km",faltan_campos,https://www.revolico.com/search?q=bicimoto&page=10,https://www.revolico.com/item/bicimoto-topmaq-evolution-57445808
57656694,BICIMOTO TOPMAQ EVOLUTION 2026,1900.0,USD,La Habana,Plaza,"tipo_bateria, autonomia_km","faltan campos obligatorios: tipo_bateria, autonomia_km",faltan_campos,https://www.revolico.com/search?q=bicimoto&page=5,https://www.revolico.com/item/bicimoto-topmaq-evolution-2026-57656694
57617143,BICIMOTO TOPMAQ EVOLUTION 2026,1900.0,USD,La Habana,Playa,"tipo_bateria, autonomia_km","faltan campos obligatorios: tipo_bateria, autonomia_km",faltan_campos,https://www.revolico.com/search?q=bicimoto&page=6,https://www.revolico.com/item/bicimoto-topmaq-evolution-2026-57617143
57539116,BICIMOTO TOPMAQ EVOLUTION 2026,1950.0,USD,La Habana,Playa,"tipo_bateria, autonomia_km","faltan campos obligatorios: tipo_bateria, autonomia_km",faltan_campos,https://www.revolico.com/search?q=bicimoto&page=8,https://www.revolico.com/item/bicimoto-topmaq-evolution-2026-57539116
57523817,BICIMOTO TOPMAQ EVOLUTION 2026,1950.0,USD,La Habana,Diez de Octubre,"tipo_bateria, autonomia_km","faltan campos obligatorios: tipo_bateria, autonomia_km",faltan_campos,https://www.revolico.com/search?q=bicimoto&page=9,https://www.revolico.com/item/bicimoto-topmaq-evolution-2026-57523817
57492462,BICIMOTO TOPMAQ EVOLUTION 2026,2080.0,USD,La Habana,Boyeros,"tipo_bateria, autonomia_km","faltan campos obligatorios: tipo_bateria, autonomia_km",faltan_campos,https://www.revolico.com/search?q=bicimoto&page=9,https://www.revolico.com/item/bicimoto-topmaq-evolution-2026-57492462
57487973,BICIMOTO TOPMAQ EVOLUTION 2026,1880.0,USD,La Habana,Boyeros,"tipo_bateria, autonomia_km","faltan campos obligatorios: tipo_bateria, autonomia_km",faltan_campos,https://www.revolico.com/search?q=bicimoto&page=9,https://www.revolico.com/item/bicimoto-topmaq-evolution-2026-57487973
57628592,BICIMOTO TOPMAQ EVOLUTION 2026 (0kms),1900.0,USD,La Habana,La Lisa,"tipo_bateria, autonomia_km","faltan campos obligatorios: tipo_bateria, autonomia_km",faltan_campos,https://www.revolico.com/search?q=bicimoto&page=6,https://www.revolico.com/item/bicimoto-topmaq-evolution-2026-0kms-57628592
57523712,BICIMOTO TOPMAQ EVOLUTION 2026 en oferta.,1900.0,USD,La Habana,Plaza,"tipo_bateria, autonomia_km","faltan campos obligatorios: tipo_bateria, autonomia_km",faltan_campos,https://www.revolico.com/search?q=bicimoto&page=9,https://www.revolico.com/item/bicimoto-topmaq-evolution-2026-en-oferta-57523712
57665414,BICIMOTO TOPMAQ EVOLUTION 2026 ⚙️ CARACTERÍSTICAS • 3000 W • 48 V • 45 AH • Luces LED • Alarma • Bocina,1900.0,USD,La Habana,Centro Habana,"tipo_bateria, autonomia_km","faltan campos obligatorios: tipo_bateria, autonomia_km",faltan_campos,https://www.revolico.com/search?q=bicimoto&page=4,https://www.revolico.com/item/bicimoto-topmaq-evolution-2026-caracteristicas-3000-w-48-v-45-ah-luces-led-alarma-bocina-57665414
57543557,BICIMOTO TOPMAQ EVOLUTION 2026 ⚙️ CARACTERÍSTICAS • 3000 W • 48 V • 45 AH • Luces LED • Alarma • Bocina ( bluetooth,1900.0,USD,La Habana,Cerro,"tipo_bateria, autonomia_km","faltan campos obligatorios: tipo_bateria, autonomia_km",faltan_campos,https://www.revolico.com/search?q=bicimoto&page=8,https://www.revolico.com/item/bicimoto-topmaq-evolution-2026-caracteristicas-3000-w-48-v-45-ah-luces-led-alarma-bocina-bluetooth-57543557
57684590,BICIMOTO TOPMAQ EVOLUTION 2026 🏍️`,1870.0,USD,La Habana,Centro Habana,"tipo_bateria, autonomia_km","faltan campos obligatorios: tipo_bateria, autonomia_km",faltan_campos,https://www.revolico.com/search?q=bicimoto&page=4,https://www.revolico.com/item/bicimoto-topmaq-evolution-2026-57684590
57668215,"BICIMOTO TOPMAQ EVOLUTION 2026 🛵 ⚡3000W/⚡48V/⚡45Ah⚡ * Luces LED, Alarma * Bocina ( bluetooth ) 🎶 * ⁠Pizarra digital",1880.0,USD,La Habana,Cerro,"tipo_bateria, autonomia_km","faltan campos obligatorios: tipo_bateria, autonomia_km",faltan_campos,https://www.revolico.com/search?q=bicimoto&page=4,https://www.revolico.com/item/bicimoto-topmaq-evolution-2026-3000w48v45ah-luces-led-alarma-bocina-bluetooth-pizarra-digital-57668215
57546843,BICIMOTO TOPMAQ EVOLUTION 72V35AH,2100.0,USD,La Habana,Centro Habana,"tipo_bateria, autonomia_km","faltan campos obligatorios: tipo_bateria, autonomia_km",faltan_campos,https://www.revolico.com/search?q=bicimoto&page=8,https://www.revolico.com/item/bicimoto-topmaq-evolution-72v35ah-57546843
56914368,"BICIMOTO TOPMAQ EVOLUTION Y VEDCA, BICICLETA ELÉCTRICA MISHOZUKI",980.0,USD,La Habana,,"tipo_bateria, autonomia_km","faltan campos obligatorios: tipo_bateria, autonomia_km",faltan_campos,https://www.revolico.com/search?q=bicimoto+electrica&page=6,https://www.revolico.com/item/bicimoto-topmaq-evolution-y-vedca-bicicleta-electrica-mishozuki-56914368
57644861,BICIMOTO TOPMAQ EVOLUTION*,1850.0,USD,La Habana,Playa,"tipo_bateria, autonomia_km","faltan campos obligatorios: tipo_bateria, autonomia_km",faltan_campos,https://www.revolico.com/search?q=bicimoto&page=5,https://www.revolico.com/item/bicimoto-topmaq-evolution-57644861
57643681,BICIMOTO TOPMAQ EVOLUTION* 1880,1880.0,USD,La Habana,La Lisa,"tipo_bateria, autonomia_km","faltan campos obligatorios: tipo_bateria, autonomia_km",faltan_campos,https://www.revolico.com/search?q=bicimoto&page=5,https://www.revolico.com/item/bicimoto-topmaq-evolution-1880-57643681
57660430,BICIMOTO TOPMAQ EVOLUTION*🛵,1860.0,USD,La Habana,Diez de Octubre,"tipo_bateria, autonomia_km","faltan campos obligatorios: tipo_bateria, autonomia_km",faltan_campos,https://www.revolico.com/search?q=bicimoto&page=5,https://www.revolico.com/item/bicimoto-topmaq-evolution-57660430
57645018,BICIMOTO TOPMAQ EVOLUTION*🛵,1860.0,USD,La Habana,Centro Habana,"tipo_bateria, autonomia_km","faltan campos obligatorios: tipo_bateria, autonomia_km",faltan_campos,https://www.revolico.com/search?q=bicimoto&page=5,https://www.revolico.com/item/bicimoto-topmaq-evolution-57645018
57512980,BICIMOTO TOPMAQ EVOLUTION: 1900,1900.0,USD,La Habana,Playa,"tipo_bateria, autonomia_km","faltan campos obligatorios: tipo_bateria, autonomia_km",faltan_campos,https://www.revolico.com/search?q=bicimoto&page=9,https://www.revolico.com/item/bicimoto-topmaq-evolution-1900-57512980
57548280,BICIMOTO TOPMAQ EVOLUTIONS 2026,1900.0,USD,La Habana,Plaza,"tipo_bateria, autonomia_km","faltan campos obligatorios: tipo_bateria, autonomia_km",faltan_campos,https://www.revolico.com/search?q=bicimoto&page=8,https://www.revolico.com/item/bicimoto-topmaq-evolutions-2026-57548280
57428501,BICIMOTO TOPMAQ EVOLUTIONS 2026,1900.0,USD,La Habana,Centro Habana,"tipo_bateria, autonomia_km","faltan campos obligatorios: tipo_bateria, autonomia_km",faltan_campos,https://www.revolico.com/search?q=bicimoto&page=10,https://www.revolico.com/item/bicimoto-topmaq-evolutions-2026-57428501
57637738,BICIMOTO TOPMAQ EVOLUTIONS 2026 35Ah🛵*,2050.0,USD,La Habana,Playa,"tipo_bateria, autonomia_km","faltan campos obligatorios: tipo_bateria, autonomia_km",faltan_campos,https://www.revolico.com/search?q=bicimoto&page=5,https://www.revolico.com/item/bicimoto-topmaq-evolutions-2026-35ah-57637738
57507603,BICIMOTO Topmaq Evolution,1900.0,USD,La Habana,Arroyo Naranjo,"tipo_bateria, autonomia_km","faltan campos obligatorios: tipo_bateria, autonomia_km",faltan_campos,https://www.revolico.com/search?q=bicimoto&page=9,https://www.revolico.com/item/bicimoto-topmaq-evolution-57507603
57433417,BICIMOTO Topmaq Evolution,1890.0,USD,Artemisa,Bauta,"tipo_bateria, autonomia_km","faltan campos obligatorios: tipo_bateria, autonomia_km",faltan_campos,https://www.revolico.com/search?q=bicimoto&page=10,https://www.revolico.com/item/bicimoto-topmaq-evolution-57433417
57662962,BICIMOTO VEDCA,1450.0,USD,La Habana,Habana Vieja,"tipo_bateria, autonomia_km","faltan campos obligatorios: tipo_bateria, autonomia_km",faltan_campos,https://www.revolico.com/search?q=bicimoto&page=5,https://www.revolico.com/item/bicimoto-vedca-57662962
57216216,BICIMOTO VEDCA,1300.0,USD,La Habana,Centro Habana,"tipo_bateria, autonomia_km","faltan campos obligatorios: tipo_bateria, autonomia_km",faltan_campos,https://www.revolico.com/search?q=bicimoto+electrica&page=6,https://www.revolico.com/item/bicimoto-vedca-57216216
57692107,BICIMOTO VEDCA S1,1400.0,USD,La Habana,Centro Habana,"tipo_bateria, autonomia_km","faltan campos obligatorios: tipo_bateria, autonomia_km",faltan_campos,https://www.revolico.com/search?q=bicimoto&page=4,https://www.revolico.com/item/bicimoto-vedca-s1-57692107
57659848,BICIMOTO VEDCA S1,1400.0,USD,La Habana,Playa,"tipo_bateria, autonomia_km","faltan campos obligatorios: tipo_bateria, autonomia_km",faltan_campos,https://www.revolico.com/search?q=bicimoto&page=5,https://www.revolico.com/item/bicimoto-vedca-s1-57659848
57656420,BICIMOTO VEDCA S1,1400.0,USD,La Habana,Centro Habana,"tipo_bateria, autonomia_km","faltan campos obligatorios: tipo_bateria, autonomia_km",faltan_campos,https://www.revolico.com/search?q=bicimoto&page=5,https://www.revolico.com/item/bicimoto-vedca-s1-57656420
57645880,BICIMOTO VEDCA S1,1450.0,USD,La Habana,Cerro,"tipo_bateria, autonomia_km","faltan campos obligatorios: tipo_bateria, autonomia_km",faltan_campos,https://www.revolico.com/search?q=bicimoto&page=5,https://www.revolico.com/item/bicimoto-vedca-s1-57645880
57586341,BICIMOTO VEDCA S1,1400.0,USD,La Habana,Centro Habana,"tipo_bateria, autonomia_km","faltan campos obligatorios: tipo_bateria, autonomia_km",faltan_campos,https://www.revolico.com/search?q=bicimoto&page=7,https://www.revolico.com/item/bicimoto-vedca-s1-57586341
57581427,BICIMOTO VEDCA S1,1400.0,USD,La Habana,Plaza,"tipo_bateria, autonomia_km","faltan campos obligatorios: tipo_bateria, autonomia_km",faltan_campos,https://www.revolico.com/search?q=bicimoto&page=7,https://www.revolico.com/item/bicimoto-vedca-s1-57581427
57577232,BICIMOTO VEDCA S1,1450.0,USD,La Habana,Centro Habana,"tipo_bateria, autonomia_km","faltan campos obligatorios: tipo_bateria, autonomia_km",faltan_campos,https://www.revolico.com/search?q=bicimoto&page=7,https://www.revolico.com/item/bicimoto-vedca-s1-57577232
57545942,BICIMOTO VEDCA S1,1440.0,USD,La Habana,Centro Habana,"tipo_bateria, autonomia_km","faltan campos obligatorios: tipo_bateria, autonomia_km",faltan_campos,https://www.revolico.com/search?q=bicimoto&page=8,https://www.revolico.com/item/bicimoto-vedca-s1-57545942
57529401,BICIMOTO VEDCA S1,1460.0,USD,La Habana,Playa,"tipo_bateria, autonomia_km","faltan campos obligatorios: tipo_bateria, autonomia_km",faltan_campos,https://www.revolico.com/search?q=bicimoto&page=8,https://www.revolico.com/item/bicimoto-vedca-s1-57529401
57509967,BICIMOTO VEDCA S1,1400.0,USD,La Habana,Centro Habana,"tipo_bateria, autonomia_km","faltan campos obligatorios: tipo_bateria, autonomia_km",faltan_campos,https://www.revolico.com/search?q=bicimoto&page=9,https://www.revolico.com/item/bicimoto-vedca-s1-57509967
57644818,BICIMOTO VEDCA S1*,1450.0,USD,La Habana,Playa,"tipo_bateria, autonomia_km","faltan campos obligatorios: tipo_bateria, autonomia_km",faltan_campos,https://www.revolico.com/search?q=bicimoto&page=5,https://www.revolico.com/item/bicimoto-vedca-s1-57644818
57577449,BICIMOTO YOAZAKY,1600.0,USD,La Habana,Centro Habana,"tipo_bateria, autonomia_km","faltan campos obligatorios: tipo_bateria, autonomia_km",faltan_campos,https://www.revolico.com/search?q=bicimoto&page=7,https://www.revolico.com/item/bicimoto-yoazaky-57577449
57577448,BICIMOTO YOAZAKY,1600.0,USD,La Habana,Centro Habana,"tipo_bateria, autonomia_km","faltan campos obligatorios: tipo_bateria, autonomia_km",faltan_campos,https://www.revolico.com/search?q=bicimoto&page=7,https://www.revolico.com/item/bicimoto-yoazaky-57577448
57662138,BICIMOTO YOAZAKY 707,1600.0,USD,La Habana,Plaza,"tipo_bateria, autonomia_km","faltan campos obligatorios: tipo_bateria, autonomia_km",faltan_campos,https://www.revolico.com/search?q=bicimoto&page=5,https://www.revolico.com/item/bicimoto-yoazaky-707-57662138
57624773,BICIMOTO YOAZAKY 707,1700.0,USD,La Habana,Playa,"tipo_bateria, autonomia_km","faltan campos obligatorios: tipo_bateria, autonomia_km",faltan_campos,https://www.revolico.com/search?q=bicimoto&page=6,https://www.revolico.com/item/bicimoto-yoazaky-707-57624773
57619707,BICIMOTO YOAZAKY 707,1640.0,USD,La Habana,Plaza,"tipo_bateria, autonomia_km","faltan campos obligatorios: tipo_bateria, autonomia_km",faltan_campos,https://www.revolico.com/search?q=bicimoto&page=6,https://www.revolico.com/item/bicimoto-yoazaky-707-57619707
57577900,BICIMOTO YOAZAKY 707,1650.0,USD,La Habana,Plaza,"tipo_bateria, autonomia_km","faltan campos obligatorios: tipo_bateria, autonomia_km",faltan_campos,https://www.revolico.com/search?q=bicimoto&page=7,https://www.revolico.com/item/bicimoto-yoazaky-707-57577900
57559923,BICIMOTO YOAZAKY 707,1600.0,USD,La Habana,Centro Habana,"tipo_bateria, autonomia_km","faltan campos obligatorios: tipo_bateria, autonomia_km",faltan_campos,https://www.revolico.com/search?q=bicimoto&page=8,https://www.revolico.com/item/bicimoto-yoazaky-707-57559923
57543029,BICIMOTO YOAZAKY 707,1600.0,USD,La Habana,Playa,"tipo_bateria, autonomia_km","faltan campos obligatorios: tipo_bateria, autonomia_km",faltan_campos,https://www.revolico.com/search?q=bicimoto&page=8,https://www.revolico.com/item/bicimoto-yoazaky-707-57543029
57539213,BICIMOTO YOAZAKY 707,1700.0,USD,La Habana,Playa,"tipo_bateria, autonomia_km","faltan campos obligatorios: tipo_bateria, autonomia_km",faltan_campos,https://www.revolico.com/search?q=bicimoto&page=8,https://www.revolico.com/item/bicimoto-yoazaky-707-57539213
57493624,BICIMOTO YOAZAKY 707,1630.0,USD,La Habana,Centro Habana,"tipo_bateria, autonomia_km","faltan campos obligatorios: tipo_bateria, autonomia_km",faltan_campos,https://www.revolico.com/search?q=bicimoto&page=9,https://www.revolico.com/item/bicimoto-yoazaky-707-57493624
57463481,BICIMOTO YOAZAKY 707,1650.0,USD,La Habana,Playa,"tipo_bateria, autonomia_km","faltan campos obligatorios: tipo_bateria, autonomia_km",faltan_campos,https://www.revolico.com/search?q=bicimoto&page=10,https://www.revolico.com/item/bicimoto-yoazaky-707-57463481
57451025,BICIMOTO YOAZAKY 707,1600.0,USD,La Habana,Centro Habana,"tipo_bateria, autonomia_km","faltan campos obligatorios: tipo_bateria, autonomia_km",faltan_campos,https://www.revolico.com/search?q=bicimoto&page=10,https://www.revolico.com/item/bicimoto-yoazaky-707-57451025
57628706,BICIMOTO YOAZAKY 707 (0kms),1600.0,USD,La Habana,La Lisa,"tipo_bateria, autonomia_km","faltan campos obligatorios: tipo_bateria, autonomia_km",faltan_campos,https://www.revolico.com/search?q=bicimoto&page=6,https://www.revolico.com/item/bicimoto-yoazaky-707-0kms-57628706
57577195,BICIMOTO YOAZAKY 707 0KM,1590.0,USD,La Habana,Boyeros,"tipo_bateria, autonomia_km","faltan campos obligatorios: tipo_bateria, autonomia_km",faltan_campos,https://www.revolico.com/search?q=bicimoto&page=7,https://www.revolico.com/item/bicimoto-yoazaky-707-0km-57577195
57525701,BICIMOTO YOAZAKY 707 🆕,1650.0,USD,La Habana,Playa,"tipo_bateria, autonomia_km","faltan campos obligatorios: tipo_bateria, autonomia_km",faltan_campos,https://www.revolico.com/search?q=bicimoto&page=9,https://www.revolico.com/item/bicimoto-yoazaky-707-57525701
57577213,BICIMOTO YOAZAKY EVOLUTION GALACTICA 2026,2050.0,USD,La Habana,Centro Habana,"tipo_bateria, autonomia_km","faltan campos obligatorios: tipo_bateria, autonomia_km",faltan_campos,https://www.revolico.com/search?q=bicimoto&page=7,https://www.revolico.com/item/bicimoto-yoazaky-evolution-galactica-2026-57577213
57577212,BICIMOTO YOAZAKY EVOLUTION GALACTICA 2026,2050.0,USD,La Habana,Centro Habana,"tipo_bateria, autonomia_km","faltan campos obligatorios: tipo_bateria, autonomia_km",faltan_campos,https://www.revolico.com/search?q=bicimoto&page=7,https://www.revolico.com/item/bicimoto-yoazaky-evolution-galactica-2026-57577212
57560215,BICIMOTO YOAZAKY EVOLUTION GALACTICA 2026*,2050.0,USD,La Habana,Habana Vieja,"tipo_bateria, autonomia_km","faltan campos obligatorios: tipo_bateria, autonomia_km",faltan_campos,https://www.revolico.com/search?q=bicimoto&page=8,https://www.revolico.com/item/bicimoto-yoazaky-evolution-galactica-2026-57560215
57534486,BICIMOTO YOAZAKY EVOLUTIONS GALACTICA 2026,2050.0,USD,La Habana,Centro Habana,"tipo_bateria, autonomia_km","faltan campos obligatorios: tipo_bateria, autonomia_km",faltan_campos,https://www.revolico.com/search?q=bicimoto&page=8,https://www.revolico.com/item/bicimoto-yoazaky-evolutions-galactica-2026-57534486
57615346,BICIMOTO YOAZAKY GALACTICA 2026,2050.0,USD,La Habana,Centro Habana,"tipo_bateria, autonomia_km","faltan campos obligatorios: tipo_bateria, autonomia_km",faltan_campos,https://www.revolico.com/search?q=bicimoto&page=6,https://www.revolico.com/item/bicimoto-yoazaky-galactica-2026-57615346
57430681,BICIMOTO YOAZAKY GALACTICA 2026,2200.0,USD,La Habana,Centro Habana,"tipo_bateria, autonomia_km","faltan campos obligatorios: tipo_bateria, autonomia_km",faltan_campos,https://www.revolico.com/search?q=bicimoto&page=10,https://www.revolico.com/item/bicimoto-yoazaky-galactica-2026-57430681
57659920,BICIMOTO YOAZAKY GALÁCTICA 2026,2050.0,USD,La Habana,Playa,"tipo_bateria, autonomia_km","faltan campos obligatorios: tipo_bateria, autonomia_km",faltan_campos,https://www.revolico.com/search?q=bicimoto&page=5,https://www.revolico.com/item/bicimoto-yoazaky-galactica-2026-57659920
57623474,BICIMOTO YOAZAKY GALÁCTICA 2026,2050.0,USD,La Habana,Diez de Octubre,"tipo_bateria, autonomia_km","faltan campos obligatorios: tipo_bateria, autonomia_km",faltan_campos,https://www.revolico.com/search?q=bicimoto&page=6,https://www.revolico.com/item/bicimoto-yoazaky-galactica-2026-57623474
57586487,BICIMOTO YOAZAKY GALÁCTICA 2026,2050.0,USD,La Habana,Centro Habana,"tipo_bateria, autonomia_km","faltan campos obligatorios: tipo_bateria, autonomia_km",faltan_campos,https://www.revolico.com/search?q=bicimoto&page=7,https://www.revolico.com/item/bicimoto-yoazaky-galactica-2026-57586487
57485324,BICIMOTO YOAZAKY GALÁCTICA 2026,2100.0,USD,La Habana,Marianao,"tipo_bateria, autonomia_km","faltan campos obligatorios: tipo_bateria, autonomia_km",faltan_campos,https://www.revolico.com/search?q=bicimoto&page=9,https://www.revolico.com/item/bicimoto-yoazaky-galactica-2026-57485324
57543823,BICIMOTO nueva 0km • CHALLENGER PRONTEZZA,850.0,USD,La Habana,La Lisa,"tipo_bateria, autonomia_km","faltan campos obligatorios: tipo_bateria, autonomia_km",faltan_campos,https://www.revolico.com/search?q=bicimoto&page=8,https://www.revolico.com/item/bicimoto-nueva-0km-challenger-prontezza-57543823
57551768,BICIMOTO. MARCA MIZOZHUKI Grillo,1100.0,USD,La Habana,Habana del Este,"tipo_bateria, autonomia_km","faltan campos obligatorios: tipo_bateria, autonomia_km",faltan_campos,https://www.revolico.com/search?q=bicimoto&page=8,https://www.revolico.com/item/bicimoto-marca-mizozhuki-grillo-57551768
57511399,BICIMOTO/ MOTICO CHALLENGER CORLEONE,850.0,USD,La Habana,Cotorro,"tipo_bateria, autonomia_km","faltan campos obligatorios: tipo_bateria, autonomia_km",faltan_campos,https://www.revolico.com/search?q=bicimoto&page=9,https://www.revolico.com/item/bicimoto-motico-challenger-corleone-57511399
57511422,BICIMOTO/ MOTICO LAITUNING,700.0,USD,La Habana,Cotorro,"tipo_bateria, autonomia_km","faltan campos obligatorios: tipo_bateria, autonomia_km",faltan_campos,https://www.revolico.com/search?q=bicimoto&page=9,https://www.revolico.com/item/bicimoto-motico-laituning-57511422
56543586,BICIMOTO/ PATINETA ELÉCTRICA JMD,750.0,USD,La Habana,Cerro,"tipo_bateria, autonomia_km","faltan campos obligatorios: tipo_bateria, autonomia_km",faltan_campos,https://www.revolico.com/search?q=bicimoto+electrica&page=5,https://www.revolico.com/item/bicimoto-patineta-electrica-jmd-56543586
56789142,BICIMOTO/ PATINETA ELÉCTRICA JMD 🛴*,770.0,USD,La Habana,Diez de Octubre,"tipo_bateria, autonomia_km","faltan campos obligatorios: tipo_bateria, autonomia_km",faltan_campos,https://www.revolico.com/search?q=bicimoto+electrica&page=5,https://www.revolico.com/item/bicimoto-patineta-electrica-jmd-56789142
56350960,BICIMOTO/ Scooter eléctrica VEDCA,1350.0,USD,La Habana,Playa,"tipo_bateria, autonomia_km","faltan campos obligatorios: tipo_bateria, autonomia_km",faltan_campos,https://www.revolico.com/search?q=bicimoto+electrica&page=5,https://www.revolico.com/item/bicimoto-scooter-electrica-vedca-56350960
56691115,Bici eléctrica JMD🛵VC,830.0,USD,Villa Clara,Cifuentes,"tipo_bateria, autonomia_km","faltan campos obligatorios: tipo_bateria, autonomia_km",faltan_campos,https://www.revolico.com/search?q=bici+electrica&page=1,https://www.revolico.com/item/bici-electrica-jmdvc-56691115
57502327,Bici moto ( Bicicleta eléctrica ) marca Sepado,600.0,USD,La Habana,Cerro,"tipo_bateria, autonomia_km","faltan campos obligatorios: tipo_bateria, autonomia_km",faltan_campos,https://www.revolico.com/search?q=bici+electrica&page=2,https://www.revolico.com/item/bici-moto-bicicleta-electrica-marca-sepado-57502327
57591082,Bici moto electrica bucatti,1050.0,USD,La Habana,Plaza,"tipo_bateria, autonomia_km","faltan campos obligatorios: tipo_bateria, autonomia_km",faltan_campos,https://www.revolico.com/search?q=bici+electrica&page=1,https://www.revolico.com/item/bici-moto-electrica-bucatti-57591082
57038513,Bici moto electrica bucatti,1100.0,USD,La Habana,Plaza,"tipo_bateria, autonomia_km","faltan campos obligatorios: tipo_bateria, autonomia_km",faltan_campos,https://www.revolico.com/search?q=bici+electrica&page=2,https://www.revolico.com/item/bici-moto-electrica-bucatti-57038513
56590278,Bici moto eléctrica JMD 48 V 45 A,1450.0,USD,La Habana,Arroyo Naranjo,"tipo_bateria, autonomia_km","faltan campos obligatorios: tipo_bateria, autonomia_km",faltan_campos,https://www.revolico.com/search?q=bici+electrica&page=2,https://www.revolico.com/item/bici-moto-electrica-jmd-48-v-45-a-56590278
57570651,Bici moto marca Bimini de color rojo a la venta,1000.0,USD,La Habana,Playa,"tipo_bateria, autonomia_km","faltan campos obligatorios: tipo_bateria, autonomia_km",faltan_campos,https://www.revolico.com/search?q=bici+electrica&page=2,https://www.revolico.com/item/bici-moto-marca-bimini-de-color-rojo-a-la-venta-57570651
57566006,BiciMoto Electrica Laituning,720.0,USD,La Habana,Habana Vieja,"tipo_bateria, autonomia_km","faltan campos obligatorios: tipo_bateria, autonomia_km",faltan_campos,https://www.revolico.com/search?q=bicimoto&page=8,https://www.revolico.com/item/bicimoto-electrica-laituning-57566006
57567563,BiciMoto JMD 2026,1620.0,USD,La Habana,Playa,"tipo_bateria, autonomia_km","faltan campos obligatorios: tipo_bateria, autonomia_km",faltan_campos,https://www.revolico.com/search?q=bicimoto&page=8,https://www.revolico.com/item/bicimoto-jmd-2026-57567563
57567412,BiciMoto TOPMAQ EVOLUTION 2026,1920.0,USD,La Habana,Playa,"tipo_bateria, autonomia_km","faltan campos obligatorios: tipo_bateria, autonomia_km",faltan_campos,https://www.revolico.com/search?q=bicimoto&page=8,https://www.revolico.com/item/bicimoto-topmaq-evolution-2026-57567412
57566228,BiciMoto electrica Vedca.(Transporte incluído en la compra),1550.0,USD,La Habana,Habana Vieja,"tipo_bateria, autonomia_km","faltan campos obligatorios: tipo_bateria, autonomia_km",faltan_campos,https://www.revolico.com/search?q=bicimoto&page=8,https://www.revolico.com/item/bicimoto-electrica-vedcatransporte-incluido-en-la-compra-57566228
57544160,Bicicleta Electrica Bucatti,980.0,USD,La Habana,Marianao,"tipo_bateria, autonomia_km","faltan campos obligatorios: tipo_bateria, autonomia_km",faltan_campos,https://www.revolico.com/search?q=bicicleta+electrica&page=8,https://www.revolico.com/item/bicicleta-electrica-bucatti-57544160
57674422,Bicicleta Electrica Challenger Corleone... NEW 0KM !!!¹⁵,780.0,USD,La Habana,Cotorro,"tipo_bateria, autonomia_km","faltan campos obligatorios: tipo_bateria, autonomia_km",faltan_campos,https://www.revolico.com/search?q=bicicleta+electrica&page=6,https://www.revolico.com/item/bicicleta-electrica-challenger-corleone-new-0km-15-57674422
57398509,Bicicleta Electrica Portobello,520.0,USD,La Habana,Playa,"tipo_bateria, autonomia_km","faltan campos obligatorios: tipo_bateria, autonomia_km",faltan_campos,https://www.revolico.com/search?q=bicicleta+electrica&page=10,https://www.revolico.com/item/bicicleta-electrica-portobello-57398509
57355751,Bicicleta Electrica Topmaq BRYDERK,1200.0,USD,La Habana,Arroyo Naranjo,"tipo_bateria, autonomia_km","faltan campos obligatorios: tipo_bateria, autonomia_km",faltan_campos,https://www.revolico.com/search?q=bicicleta+electrica&page=10,https://www.revolico.com/item/bicicleta-electrica-topmaq-bryderk-57355751
57496840,Bicicleta Electrica marca BEVOMECON,630.0,USD,La Habana,Habana del Este,"tipo_bateria, autonomia_km","faltan campos obligatorios: tipo_bateria, autonomia_km",faltan_campos,https://www.revolico.com/search?q=bicicleta+electrica&page=8,https://www.revolico.com/item/bicicleta-electrica-marca-bevomecon-57496840
57628698,Bicicleta Electrica marca TREVALIX,630.0,USD,La Habana,Habana del Este,"tipo_bateria, autonomia_km","faltan campos obligatorios: tipo_bateria, autonomia_km",faltan_campos,https://www.revolico.com/search?q=bicicleta+electrica&page=6,https://www.revolico.com/item/bicicleta-electrica-marca-trevalix-57628698
57498987,Bicicleta Electrica marca YESELF,630.0,USD,La Habana,Habana del Este,"tipo_bateria, autonomia_km","faltan campos obligatorios: tipo_bateria, autonomia_km",faltan_campos,https://www.revolico.com/search?q=bicicleta+electrica&page=8,https://www.revolico.com/item/bicicleta-electrica-marca-yeself-57498987
57595565,Bicicleta Eléctrica BUCATTI,990.0,USD,La Habana,Centro Habana,"tipo_bateria, autonomia_km","faltan campos obligatorios: tipo_bateria, autonomia_km",faltan_campos,https://www.revolico.com/search?q=bicicleta+electrica&page=7,https://www.revolico.com/item/bicicleta-electrica-bucatti-57595565
57569586,Bicicleta Eléctrica Deepower Q57 750W 1500W Peak 48V 20Ah 20x4 Fat Tire Negro,1180.0,USD,La Habana,Plaza,"tipo_bateria, autonomia_km","faltan campos obligatorios: tipo_bateria, autonomia_km",faltan_campos,https://www.revolico.com/search?q=bicicleta+electrica&page=7,https://www.revolico.com/item/bicicleta-electrica-deepower-q57-750w-1500w-peak-48v-20ah-20x4-fat-tire-negro-57569586
57512697,Bicicleta Eléctrica Deepower QS7 750W (1500W peak) 48V 20Ah – Fat Tire 20x4 – Negro,1130.0,USD,La Habana,Diez de Octubre,"tipo_bateria, autonomia_km","faltan campos obligatorios: tipo_bateria, autonomia_km",faltan_campos,https://www.revolico.com/search?q=bicicleta+electrica&page=8,https://www.revolico.com/item/bicicleta-electrica-deepower-qs7-750w-1500w-peak-48v-20ah-fat-tire-20x4-negro-57512697
57634541,Bicicleta Eléctrica Deepower QS7 750W 1500W Peak 48V 20Ah,1100.0,USD,La Habana,Diez de Octubre,"tipo_bateria, autonomia_km","faltan campos obligatorios: tipo_bateria, autonomia_km",faltan_campos,https://www.revolico.com/search?q=bicicleta+electrica&page=6,https://www.revolico.com/item/bicicleta-electrica-deepower-qs7-750w-1500w-peak-48v-20ah-57634541
57665163,Bicicleta Eléctrica Deepower QS7 750W 1500W Peak 48V 20Ah 20x4 Fat Tire Negro,1150.0,USD,La Habana,Plaza,"tipo_bateria, autonomia_km","faltan campos obligatorios: tipo_bateria, autonomia_km",faltan_campos,https://www.revolico.com/search?q=bicicleta+electrica&page=6,https://www.revolico.com/item/bicicleta-electrica-deepower-qs7-750w-1500w-peak-48v-20ah-20x4-fat-tire-negro-57665163
57384683,Bicicleta Eléctrica Deepower QS7 750W 1500W Peak 48V 20Ah 20x4 Fat Tire Negro,1150.0,USD,La Habana,Marianao,"tipo_bateria, autonomia_km","faltan campos obligatorios: tipo_bateria, autonomia_km",faltan_campos,https://www.revolico.com/search?q=bicicleta+electrica&page=10,https://www.revolico.com/item/bicicleta-electrica-deepower-qs7-750w-1500w-peak-48v-20ah-20x4-fat-tire-negro-57384683
57360539,Bicicleta Eléctrica Deepower QS7 750W 1500W Peak 48V 20Ah 20x4 Fat Tire Negro,1100.0,USD,La Habana,Plaza,"tipo_bateria, autonomia_km","faltan campos obligatorios: tipo_bateria, autonomia_km",faltan_campos,https://www.revolico.com/search?q=bicicleta+electrica&page=10,https://www.revolico.com/item/bicicleta-electrica-deepower-qs7-750w-1500w-peak-48v-20ah-20x4-fat-tire-negro-57360539
57545461,Bicicleta Eléctrica Deepower QS7 750W 1500W Peak 48V 20Ah 20x4 Fat Tire Negro . Con mensajería,1115.0,USD,La Habana,Playa,"tipo_bateria, autonomia_km","faltan campos obligatorios: tipo_bateria, autonomia_km",faltan_campos,https://www.revolico.com/search?q=bicicleta+electrica&page=8,https://www.revolico.com/item/bicicleta-electrica-deepower-qs7-750w-1500w-peak-48v-20ah-20x4-fat-tire-negro-con-mensajeria-57545461
57482275,Bicicleta Eléctrica Deepower QS7 750W 1500W Peak 48V 20Ah 20x4 Fat Tire Negro .Envio Gratis,1115.0,USD,La Habana,Playa,"tipo_bateria, autonomia_km","faltan campos obligatorios: tipo_bateria, autonomia_km",faltan_campos,https://www.revolico.com/search?q=bicicleta+electrica&page=9,https://www.revolico.com/item/bicicleta-electrica-deepower-qs7-750w-1500w-peak-48v-20ah-20x4-fat-tire-negro-envio-gratis-57482275
57640133,Bicicleta Eléctrica Deepower QS7 750W 1500W Peak 48V 20Ah 20x4 Fat Tire Negro 1100$,1100.0,USD,La Habana,San Miguel del Padrón,"tipo_bateria, autonomia_km","faltan campos obligatorios: tipo_bateria, autonomia_km",faltan_campos,https://www.revolico.com/search?q=bicicleta+electrica&page=6,https://www.revolico.com/item/bicicleta-electrica-deepower-qs7-750w-1500w-peak-48v-20ah-20x4-fat-tire-negro-1100-57640133
57392898,Bicicleta Eléctrica Deepower QS7 750W 1500W Peak 48V 20Ah 20x4 Fat Tire Negro Bicicleta eléctrica Deepower QS7,1150.0,USD,La Habana,Plaza,"tipo_bateria, autonomia_km","faltan campos obligatorios: tipo_bateria, autonomia_km",faltan_campos,https://www.revolico.com/search?q=bicicleta+electrica&page=10,https://www.revolico.com/item/bicicleta-electrica-deepower-qs7-750w-1500w-peak-48v-20ah-20x4-fat-tire-negro-bicicleta-electrica-deepower-qs7-57392898
57375579,Bicicleta Eléctrica Deepower QS7 750W 1500W Peak 48V 20Ah 20x4 Fat Tire Negro Bicicleta eléctrica Deepower QS7 para adu,1150.0,USD,La Habana,Playa,"tipo_bateria, autonomia_km","faltan campos obligatorios: tipo_bateria, autonomia_km",faltan_campos,https://www.revolico.com/search?q=bicicleta+electrica&page=10,https://www.revolico.com/item/bicicleta-electrica-deepower-qs7-750w-1500w-peak-48v-20ah-20x4-fat-tire-negro-bicicleta-electrica-deepower-qs7-para-adu-57375579
57512362,Bicicleta Eléctrica Deepower QS7 750W 1500W Peak 48V 20Ah 20x4 Fat Tire Negro 🔶,1100.0,USD,La Habana,Plaza,"tipo_bateria, autonomia_km","faltan campos obligatorios: tipo_bateria, autonomia_km",faltan_campos,https://www.revolico.com/search?q=bicicleta+electrica&page=8,https://www.revolico.com/item/bicicleta-electrica-deepower-qs7-750w-1500w-peak-48v-20ah-20x4-fat-tire-negro-57512362
57332866,Bicicleta Eléctrica Deepower QS7 750W 1500W Peak 48V 20Ah 20x4 Fat Tire Negro 🔶 $1100,1100.0,USD,La Habana,Plaza,"tipo_bateria, autonomia_km","faltan campos obligatorios: tipo_bateria, autonomia_km",faltan_campos,https://www.revolico.com/search?q=bicicleta+electrica&page=10,https://www.revolico.com/item/bicicleta-electrica-deepower-qs7-750w-1500w-peak-48v-20ah-20x4-fat-tire-negro-1120-57332866
57514220,Bicicleta Eléctrica Deepower QS7 750W 1500W Peak 48V 20Ah 20x4 Fat Tire Negro. Envío gratuito,1115.0,USD,La Habana,Centro Habana,"tipo_bateria, autonomia_km","faltan campos obligatorios: tipo_bateria, autonomia_km",faltan_campos,https://www.revolico.com/search?q=bicicleta+electrica&page=8,https://www.revolico.com/item/bicicleta-electrica-deepower-qs7-750w-1500w-peak-48v-20ah-20x4-fat-tire-negro-envio-gratuito-57514220
57564654,Bicicleta Eléctrica Deepower QS7 750W 1500W Peak 48V 20Ah 20x4 Fat Tire Negro. Envío libre de costo,1115.0,USD,La Habana,Playa,"tipo_bateria, autonomia_km","faltan campos obligatorios: tipo_bateria, autonomia_km",faltan_campos,https://www.revolico.com/search?q=bicicleta+electrica&page=7,https://www.revolico.com/item/bicicleta-electrica-deepower-qs7-750w-1500w-peak-48v-20ah-20x4-fat-tire-negro-envio-libre-de-costo-57564654
57561511,Bicicleta Eléctrica Deepower QS7 750W 1500W Peak 48V 20Ah 20x4 Fat Tire Negro. Transporte incluido,1115.0,USD,La Habana,Marianao,"tipo_bateria, autonomia_km","faltan campos obligatorios: tipo_bateria, autonomia_km",faltan_campos,https://www.revolico.com/search?q=bicicleta+electrica&page=7,https://www.revolico.com/item/bicicleta-electrica-deepower-qs7-750w-1500w-peak-48v-20ah-20x4-fat-tire-negro-transporte-incluido-57561511
57557442,Bicicleta Eléctrica LAITUNING,720.0,USD,La Habana,Cotorro,"tipo_bateria, autonomia_km","faltan campos obligatorios: tipo_bateria, autonomia_km",faltan_campos,https://www.revolico.com/search?q=bicicleta+electrica&page=7,https://www.revolico.com/item/bicicleta-electrica-laituning-57557442
57444580,Bicicleta Eléctrica PORTOBELLO,550.0,USD,La Habana,San Miguel del Padrón,"tipo_bateria, autonomia_km","faltan campos obligatorios: tipo_bateria, autonomia_km",faltan_campos,https://www.revolico.com/search?q=bicicleta+electrica&page=9,https://www.revolico.com/item/bicicleta-electrica-portobello-57444580
57595645,Bicicleta Eléctrica Plegable PORTO BELLO,580.0,USD,La Habana,Centro Habana,"tipo_bateria, autonomia_km","faltan campos obligatorios: tipo_bateria, autonomia_km",faltan_campos,https://www.revolico.com/search?q=bicicleta+electrica&page=7,https://www.revolico.com/item/bicicleta-electrica-plegable-porto-bello-57595645
57351629,Bicicleta Eléctrica Plegable PORTO BELLO pau,530.0,USD,La Habana,Diez de Octubre,"tipo_bateria, autonomia_km","faltan campos obligatorios: tipo_bateria, autonomia_km",faltan_campos,https://www.revolico.com/search?q=bicicleta+electrica&page=10,https://www.revolico.com/item/bicicleta-electrica-plegable-porto-bello-pau-57351629
57682043,Bicicleta Eléctrica Ridstar,1000.0,USD,La Habana,Centro Habana,"tipo_bateria, autonomia_km","faltan campos obligatorios: tipo_bateria, autonomia_km",faltan_campos,https://www.revolico.com/search?q=bicicleta+electrica&page=6,https://www.revolico.com/item/bicicleta-electrica-ridstar-57682043
57491937,Bicicleta Eléctrica Ridstar,1300.0,USD,La Habana,Centro Habana,"tipo_bateria, autonomia_km","faltan campos obligatorios: tipo_bateria, autonomia_km",faltan_campos,https://www.revolico.com/search?q=bicicleta+electrica&page=9,https://www.revolico.com/item/bicicleta-electrica-ridstar-57491937
57527980,Bicicleta Eléctrica bucatti,900.0,USD,La Habana,Centro Habana,"tipo_bateria, autonomia_km","faltan campos obligatorios: tipo_bateria, autonomia_km",faltan_campos,https://www.revolico.com/search?q=bicicleta+electrica&page=8,https://www.revolico.com/item/bicicleta-electrica-bucatti-57527980
57487365,Bicicleta Eléctrica marca Ebike TST R002,1200.0,USD,La Habana,Plaza,"tipo_bateria, autonomia_km","faltan campos obligatorios: tipo_bateria, autonomia_km",faltan_campos,https://www.revolico.com/search?q=bicicleta+electrica&page=9,https://www.revolico.com/item/bicicleta-electrica-marca-ebike-tst-r002-57487365
57532785,Bicicleta electrica DTTZH,1200.0,USD,La Habana,Marianao,"tipo_bateria, autonomia_km","faltan campos obligatorios: tipo_bateria, autonomia_km",faltan_campos,https://www.revolico.com/search?q=bicicleta+electrica&page=8,https://www.revolico.com/item/bicicleta-electrica-dttzh-57532785
57528072,Bicicleta electrica bucatti,900.0,USD,La Habana,Arroyo Naranjo,"tipo_bateria, autonomia_km","faltan campos obligatorios: tipo_bateria, autonomia_km",faltan_campos,https://www.revolico.com/search?q=bicicleta+electrica&page=8,https://www.revolico.com/item/bicicleta-electrica-bucatti-57528072
57526646,Bicicleta electrica bucatti,900.0,USD,La Habana,Diez de Octubre,"tipo_bateria, autonomia_km","faltan campos obligatorios: tipo_bateria, autonomia_km",faltan_campos,https://www.revolico.com/search?q=bicicleta+electrica&page=8,https://www.revolico.com/item/bicicleta-electrica-bucatti-57526646
57490505,Bicicleta electrica bucatti,900.0,USD,La Habana,Guanabacoa,"tipo_bateria, autonomia_km","faltan campos obligatorios: tipo_bateria, autonomia_km",faltan_campos,https://www.revolico.com/search?q=bicicleta+electrica&page=9,https://www.revolico.com/item/bicicleta-electrica-bucatti-57490505
57415191,Bicicleta electrica bucatti nuevas new power 2026,1050.0,USD,La Habana,Arroyo Naranjo,"tipo_bateria, autonomia_km","faltan campos obligatorios: tipo_bateria, autonomia_km",faltan_campos,https://www.revolico.com/search?q=bicicleta+electrica&page=9,https://www.revolico.com/item/bicicleta-electrica-bucatti-nuevas-new-power-2026-57415191
57364118,Bicicleta electrica challenger corleone,800.0,USD,La Habana,Playa,"tipo_bateria, autonomia_km","faltan campos obligatorios: tipo_bateria, autonomia_km",faltan_campos,https://www.revolico.com/search?q=bicicleta+electrica&page=10,https://www.revolico.com/item/bicicleta-electrica-challenger-corleone-57364118
57608569,Bicicleta electrica marca bucati con música Bluetooth alarma frenos de disco,1.0,USD,La Habana,Centro Habana,"tipo_bateria, autonomia_km","faltan campos obligatorios: tipo_bateria, autonomia_km",faltan_campos,https://www.revolico.com/search?q=bicicleta+electrica&page=7,https://www.revolico.com/item/bicicleta-electrica-marca-bucati-con-musica-bluetooth-alarma-frenos-de-disco-57608569
57362049,Bicicleta electrica plegable Porto bello,550.0,USD,La Habana,Playa,"tipo_bateria, autonomia_km","faltan campos obligatorios: tipo_bateria, autonomia_km",faltan_campos,https://www.revolico.com/search?q=bicicleta+electrica&page=10,https://www.revolico.com/item/bicicleta-electrica-plegable-porto-bello-57362049
57428281,Bicicleta electrica ridstar,1088.0,USD,La Habana,Habana Vieja,"tipo_bateria, autonomia_km","faltan campos obligatorios: tipo_bateria, autonomia_km",faltan_campos,https://www.revolico.com/search?q=bicicleta+electrica&page=9,https://www.revolico.com/item/bicicleta-electrica-ridstar-57428281
57563181,Bicicleta eléctrica Ava,950.0,USD,La Habana,Plaza,"tipo_bateria, autonomia_km","faltan campos obligatorios: tipo_bateria, autonomia_km",faltan_campos,https://www.revolico.com/search?q=bicicleta+electrica&page=7,https://www.revolico.com/item/bicicleta-electrica-ava-57563181
57431409,Bicicleta eléctrica Ava,1050.0,USD,La Habana,San Miguel del Padrón,"tipo_bateria, autonomia_km","faltan campos obligatorios: tipo_bateria, autonomia_km",faltan_campos,https://www.revolico.com/search?q=bicicleta+electrica&page=9,https://www.revolico.com/item/bicicleta-electrica-ava-57431409
57379010,Bicicleta eléctrica Ava,1050.0,USD,La Habana,Cerro,"tipo_bateria, autonomia_km","faltan campos obligatorios: tipo_bateria, autonomia_km",faltan_campos,https://www.revolico.com/search?q=bicicleta+electrica&page=10,https://www.revolico.com/item/bicicleta-electrica-ava-57379010
57491875,Bicicleta eléctrica BUCATTI,900.0,USD,La Habana,Plaza,"tipo_bateria, autonomia_km","faltan campos obligatorios: tipo_bateria, autonomia_km",faltan_campos,https://www.revolico.com/search?q=bicicleta+electrica&page=9,https://www.revolico.com/item/bicicleta-electrica-bucatti-57491875
57562459,Bicicleta eléctrica Bucatti,1150.0,USD,Las Tunas,Las Tunas,"tipo_bateria, autonomia_km","faltan campos obligatorios: tipo_bateria, autonomia_km",faltan_campos,https://www.revolico.com/search?q=bicicleta+electrica&page=7,https://www.revolico.com/item/bicicleta-electrica-bucatti-57562459
57507270,Bicicleta eléctrica Bucatti,980.0,USD,La Habana,Centro Habana,"tipo_bateria, autonomia_km","faltan campos obligatorios: tipo_bateria, autonomia_km",faltan_campos,https://www.revolico.com/search?q=bicicleta+electrica&page=8,https://www.revolico.com/item/bicicleta-electrica-bucatti-57507270
57485228,Bicicleta eléctrica Bucatti,920.0,USD,La Habana,Centro Habana,"tipo_bateria, autonomia_km","faltan campos obligatorios: tipo_bateria, autonomia_km",faltan_campos,https://www.revolico.com/search?q=bicicleta+electrica&page=9,https://www.revolico.com/item/bicicleta-electrica-bucatti-57485228
57469666,Bicicleta eléctrica Bucatti,950.0,USD,La Habana,Habana del Este,"tipo_bateria, autonomia_km","faltan campos obligatorios: tipo_bateria, autonomia_km",faltan_campos,https://www.revolico.com/search?q=bicicleta+electrica&page=9,https://www.revolico.com/item/bicicleta-electrica-bucatti-57469666
57564510,Bicicleta eléctrica Bucatti 0km,950.0,USD,La Habana,Playa,"tipo_bateria, autonomia_km","faltan campos obligatorios: tipo_bateria, autonomia_km",faltan_campos,https://www.revolico.com/search?q=bicicleta+electrica&page=7,https://www.revolico.com/item/bicicleta-electrica-bucatti-0km-57564510
57465638,Bicicleta eléctrica Bucatti 1000 usd,1000.0,USD,La Habana,Centro Habana,"tipo_bateria, autonomia_km","faltan campos obligatorios: tipo_bateria, autonomia_km",faltan_campos,https://www.revolico.com/search?q=bicicleta+electrica&page=9,https://www.revolico.com/item/bicicleta-electrica-bucatti-1000-usd-57465638
57465676,Bicicleta eléctrica Bucatti 2026,950.0,USD,La Habana,Centro Habana,"tipo_bateria, autonomia_km","faltan campos obligatorios: tipo_bateria, autonomia_km",faltan_campos,https://www.revolico.com/search?q=bicicleta+electrica&page=9,https://www.revolico.com/item/bicicleta-electrica-bucatti-2026-57465676
57674574,Bicicleta eléctrica Challenger Corleone,780.0,USD,La Habana,Centro Habana,"tipo_bateria, autonomia_km","faltan campos obligatorios: tipo_bateria, autonomia_km",faltan_campos,https://www.revolico.com/search?q=bicicleta+electrica&page=6,https://www.revolico.com/item/bicicleta-electrica-challenger-corleone-57674574
57386609,Bicicleta eléctrica DTTZH,1080.0,USD,La Habana,Arroyo Naranjo,"tipo_bateria, autonomia_km","faltan campos obligatorios: tipo_bateria, autonomia_km",faltan_campos,https://www.revolico.com/search?q=bicicleta+electrica&page=10,https://www.revolico.com/item/bicicleta-electrica-dttzh-57386609
57512553,Bicicleta eléctrica Deepower,1130.0,USD,La Habana,Cerro,"tipo_bateria, autonomia_km","faltan campos obligatorios: tipo_bateria, autonomia_km",faltan_campos,https://www.revolico.com/search?q=bicicleta+electrica&page=8,https://www.revolico.com/item/bicicleta-electrica-deepower-57512553
57336350,Bicicleta eléctrica Onebot,900.0,USD,La Habana,Plaza,"tipo_bateria, autonomia_km","faltan campos obligatorios: tipo_bateria, autonomia_km",faltan_campos,https://www.revolico.com/search?q=bicicleta+electrica&page=10,https://www.revolico.com/item/bicicleta-electrica-onebot-57336350
57659874,Bicicleta eléctrica Porto Bello,520.0,USD,La Habana,Plaza,"tipo_bateria, autonomia_km","faltan campos obligatorios: tipo_bateria, autonomia_km",faltan_campos,https://www.revolico.com/search?q=bicicleta+electrica&page=6,https://www.revolico.com/item/bicicleta-electrica-porto-bello-57659874
57657724,Bicicleta eléctrica Porto Bello MENSAJERÍA INCLUIDA EN DEPENDENCIA DEL LUGAR Características: - Motor 400 W - Batería,520.0,USD,La Habana,Playa,"tipo_bateria, autonomia_km","faltan campos obligatorios: tipo_bateria, autonomia_km",faltan_campos,https://www.revolico.com/search?q=bicicleta+electrica&page=6,https://www.revolico.com/item/bicicleta-electrica-porto-bello-mensajeria-incluida-en-dependencia-del-lugar-caracteristicas-motor-400-w-bateria-57657724
57374471,Bicicleta eléctrica Portobello,520.0,USD,La Habana,La Lisa,"tipo_bateria, autonomia_km","faltan campos obligatorios: tipo_bateria, autonomia_km",faltan_campos,https://www.revolico.com/search?q=bicicleta+electrica&page=10,https://www.revolico.com/item/bicicleta-electrica-portobello-57374471
57690323,Bicicleta eléctrica bucatti,950.0,USD,La Habana,Centro Habana,"tipo_bateria, autonomia_km","faltan campos obligatorios: tipo_bateria, autonomia_km",faltan_campos,https://www.revolico.com/search?q=bicicleta+electrica&page=6,https://www.revolico.com/item/bicicleta-electrica-bucatti-57690323
57362616,Bicicleta eléctrica marca Ava 48 v 20 amp.,880.0,USD,La Habana,Centro Habana,"tipo_bateria, autonomia_km","faltan campos obligatorios: tipo_bateria, autonomia_km",faltan_campos,https://www.revolico.com/search?q=bicicleta+electrica&page=10,https://www.revolico.com/item/bicicleta-electrica-marca-ava-48-v-20-amp-57362616
57524490,Bicicleta eléctrica marca Ava 48V 20 amp.,920.0,USD,La Habana,Diez de Octubre,"tipo_bateria, autonomia_km","faltan campos obligatorios: tipo_bateria, autonomia_km",faltan_campos,https://www.revolico.com/search?q=bicicleta+electrica&page=8,https://www.revolico.com/item/bicicleta-electrica-marca-ava-48v-20-amp-57524490
57499940,Bicicleta eléctrica marca Lectric,700.0,USD,Sancti Spíritus,Yaguajay,"tipo_bateria, autonomia_km","faltan campos obligatorios: tipo_bateria, autonomia_km",faltan_campos,https://www.revolico.com/search?q=bicicleta+electrica&page=8,https://www.revolico.com/item/bicicleta-electrica-marca-lectric-57499940
57535221,Bicicleta eléctrica onebot,400.0,USD,La Habana,Plaza,"tipo_bateria, autonomia_km","faltan campos obligatorios: tipo_bateria, autonomia_km",faltan_campos,https://www.revolico.com/search?q=bicicleta+electrica&page=8,https://www.revolico.com/item/bicicleta-electrica-onebot-57535221
57588851,Bicicleta eléctrica onebot 💥,600.0,USD,La Habana,Cerro,"tipo_bateria, autonomia_km","faltan campos obligatorios: tipo_bateria, autonomia_km",faltan_campos,https://www.revolico.com/search?q=bicicleta+electrica&page=7,https://www.revolico.com/item/bicicleta-electrica-onebot-57588851
57659005,Bicicleta eléctrica plegable PORTO BELLO,500.0,USD,La Habana,Diez de Octubre,"tipo_bateria, autonomia_km","faltan campos obligatorios: tipo_bateria, autonomia_km",faltan_campos,https://www.revolico.com/search?q=bicicleta+electrica&page=6,https://www.revolico.com/item/bicicleta-electrica-plegable-porto-bello-57659005
57485564,Bicicleta eléctrica plegable marca onebot,650.0,USD,La Habana,Playa,"tipo_bateria, autonomia_km","faltan campos obligatorios: tipo_bateria, autonomia_km",faltan_campos,https://www.revolico.com/search?q=bicicleta+electrica&page=9,https://www.revolico.com/item/bicicleta-electrica-plegable-marca-onebot-57485564
57620550,Bicicleta eléctrica portobello,550.0,USD,La Habana,Centro Habana,"tipo_bateria, autonomia_km","faltan campos obligatorios: tipo_bateria, autonomia_km",faltan_campos,https://www.revolico.com/search?q=bicicleta+electrica&page=7,https://www.revolico.com/item/bicicleta-electrica-portobello-57620550
57150437,Bicicleta medida 12 marca silver bike. Precio 95usd. 52939911,95.0,USD,La Habana,Diez de Octubre,"tipo_bateria, autonomia_km","faltan campos obligatorios: tipo_bateria, autonomia_km",faltan_campos,https://www.revolico.com/search?q=e-bike&page=2,https://www.revolico.com/item/bicicleta-medida-12-marca-silver-bike-precio-95usd-52939911-57150437
57016316,Bicicleta medida 24 marca silver bike,175.0,USD,La Habana,Diez de Octubre,"tipo_bateria, autonomia_km","faltan campos obligatorios: tipo_bateria, autonomia_km",faltan_campos,https://www.revolico.com/search?q=e-bike&page=2,https://www.revolico.com/item/bicicleta-medida-24-marca-silver-bike-57016316
56601639,Bicicleta medida 24 marca silver bike. Precio 170usd. 52939911,170.0,USD,La Habana,Diez de Octubre,"tipo_bateria, autonomia_km","faltan campos obligatorios: tipo_bateria, autonomia_km",faltan_campos,https://www.revolico.com/search?q=e-bike&page=2,https://www.revolico.com/item/bicicleta-medida-24-marca-silver-bike-precio-170usd-52939911-56601639
57383158,Bicicleta medida 24 sin cambios Marca silver bike,175.0,USD,La Habana,Diez de Octubre,"tipo_bateria, autonomia_km","faltan campos obligatorios: tipo_bateria, autonomia_km",faltan_campos,https://www.revolico.com/search?q=e-bike&page=2,https://www.revolico.com/item/bicicleta-medida-24-sin-cambios-marca-silver-bike-57383158
56709147,Bicicleta medida 26 marca Silve bike. Precio 195usd. 52939911,195.0,USD,La Habana,Diez de Octubre,"tipo_bateria, autonomia_km","faltan campos obligatorios: tipo_bateria, autonomia_km",faltan_campos,https://www.revolico.com/search?q=e-bike&page=2,https://www.revolico.com/item/bicicleta-medida-26-marca-silve-bike-precio-195usd-52939911-56709147
56685485,Bicicleta medida 26 marca Silver bike. Precio 195usd. 52939911,195.0,USD,La Habana,Diez de Octubre,"tipo_bateria, autonomia_km","faltan campos obligatorios: tipo_bateria, autonomia_km",faltan_campos,https://www.revolico.com/search?q=e-bike&page=2,https://www.revolico.com/item/bicicleta-medida-26-marca-silver-bike-precio-195usd-52939911-56685485
56919640,Bicicleta medida 26 marca silver bike,200.0,USD,La Habana,Diez de Octubre,"tipo_bateria, autonomia_km","faltan campos obligatorios: tipo_bateria, autonomia_km",faltan_campos,https://www.revolico.com/search?q=e-bike&page=2,https://www.revolico.com/item/bicicleta-medida-26-marca-silver-bike-56919640
57670869,Bicicletas 20 marca Silver bike,150.0,USD,La Habana,Cerro,"tipo_bateria, autonomia_km","faltan campos obligatorios: tipo_bateria, autonomia_km",faltan_campos,https://www.revolico.com/search?q=e-bike&page=1,https://www.revolico.com/item/bicicletas-20-marca-silver-bike-57670869
57603280,Bicicletas 24 marca Silver bike Sin cambios,175.0,USD,La Habana,Diez de Octubre,"tipo_bateria, autonomia_km","faltan campos obligatorios: tipo_bateria, autonomia_km",faltan_campos,https://www.revolico.com/search?q=e-bike&page=2,https://www.revolico.com/item/bicicletas-24-marca-silver-bike-sin-cambios-57603280
57325008,Bicicletas 26 Marca Silver bike con cambio de 21 velocidades,200.0,USD,La Habana,Diez de Octubre,"tipo_bateria, autonomia_km","faltan campos obligatorios: tipo_bateria, autonomia_km",faltan_campos,https://www.revolico.com/search?q=e-bike&page=2,https://www.revolico.com/item/bicicletas-26-marca-silver-bike-con-cambio-de-21-velocidades-57325008
57224031,Bicicletas medida 12 marca silver bike para hembras y varones,100.0,USD,La Habana,Diez de Octubre,"tipo_bateria, autonomia_km","faltan campos obligatorios: tipo_bateria, autonomia_km",faltan_campos,https://www.revolico.com/search?q=e-bike&page=2,https://www.revolico.com/item/bicicletas-medida-12-marca-silver-bike-para-hembras-y-varones-57224031
57224055,Bicicletas medida 16 marca silver bike para hembras y varones,110.0,USD,La Habana,Diez de Octubre,"tipo_bateria, autonomia_km","faltan campos obligatorios: tipo_bateria, autonomia_km",faltan_campos,https://www.revolico.com/search?q=e-bike&page=2,https://www.revolico.com/item/bicicletas-medida-16-marca-silver-bike-para-hembras-y-varones-57224055
56786244,"Bicicletas medida 20 Marca silver bike con frenos de disco y amortiguador nuevas en su caja en roja,negra y azul",135.0,USD,La Habana,Diez de Octubre,"tipo_bateria, autonomia_km","faltan campos obligatorios: tipo_bateria, autonomia_km",faltan_campos,https://www.revolico.com/search?q=e-bike&page=2,https://www.revolico.com/item/bicicletas-medida-20-marca-silver-bike-con-frenos-de-disco-y-amortiguador-nuevas-en-su-caja-en-rojanegra-y-azul-56786244
57632572,"Bicicletas medida 20 Marca silver bike varios colores Frenos de disco,amortiguacion,luz led delantera nuevas en su caja",145.0,USD,La Habana,Cerro,"tipo_bateria, autonomia_km","faltan campos obligatorios: tipo_bateria, autonomia_km",faltan_campos,https://www.revolico.com/search?q=e-bike&page=2,https://www.revolico.com/item/bicicletas-medida-20-marca-silver-bike-varios-colores-frenos-de-discoamortiguacionluz-led-delantera-nuevas-en-su-caja-57632572
56675072,Bicicletas medida 20 marca silver bike,135.0,USD,La Habana,Diez de Octubre,"tipo_bateria, autonomia_km","faltan campos obligatorios: tipo_bateria, autonomia_km",faltan_campos,https://www.revolico.com/search?q=e-bike&page=2,https://www.revolico.com/item/bicicletas-medida-20-marca-silver-bike-56675072
56752098,Bicicletas medida 24 marca Silver Bike,175.0,USD,La Habana,Diez de Octubre,"tipo_bateria, autonomia_km","faltan campos obligatorios: tipo_bateria, autonomia_km",faltan_campos,https://www.revolico.com/search?q=e-bike&page=2,https://www.revolico.com/item/bicicletas-medida-24-marca-silver-bike-56752098
57680665,Bicicletas medida 24 sin cambios marca Silver Bike,175.0,USD,La Habana,Diez de Octubre,"tipo_bateria, autonomia_km","faltan campos obligatorios: tipo_bateria, autonomia_km",faltan_campos,https://www.revolico.com/search?q=e-bike&page=2,https://www.revolico.com/item/bicicletas-medida-24-sin-cambios-marca-silver-bike-57680665
57316830,Bicicletas medida 24 sin cambios. Marca silver bike*,175.0,USD,La Habana,Diez de Octubre,"tipo_bateria, autonomia_km","faltan campos obligatorios: tipo_bateria, autonomia_km",faltan_campos,https://www.revolico.com/search?q=e-bike&page=2,https://www.revolico.com/item/bicicletas-medida-24-sin-cambios-marca-silver-bike-57316830
56752068,Bicicletas medida 26 marca Silver Bike para adultos,200.0,USD,La Habana,Diez de Octubre,"tipo_bateria, autonomia_km","faltan campos obligatorios: tipo_bateria, autonomia_km",faltan_campos,https://www.revolico.com/search?q=e-bike&page=2,https://www.revolico.com/item/bicicletas-medida-26-marca-silver-bike-para-adultos-56752068
57383117,Bicicletas medida 26 marca silver bike,200.0,USD,La Habana,Diez de Octubre,"tipo_bateria, autonomia_km","faltan campos obligatorios: tipo_bateria, autonomia_km",faltan_campos,https://www.revolico.com/search?q=e-bike&page=2,https://www.revolico.com/item/bicicletas-medida-26-marca-silver-bike-57383117
57318007,Bicicletas medida 26 marca silver bike,200.0,USD,La Habana,Diez de Octubre,"tipo_bateria, autonomia_km","faltan campos obligatorios: tipo_bateria, autonomia_km",faltan_campos,https://www.revolico.com/search?q=e-bike&page=2,https://www.revolico.com/item/bicicletas-medida-26-marca-silver-bike-57318007
57016461,Bicicletas medida 26 marca silver bike,200.0,USD,La Habana,Diez de Octubre,"tipo_bateria, autonomia_km","faltan campos obligatorios: tipo_bateria, autonomia_km",faltan_campos,https://www.revolico.com/search?q=e-bike&page=2,https://www.revolico.com/item/bicicletas-medida-26-marca-silver-bike-57016461
56645826,"Bicicletas medida 26 marca silver bike ,con cambio de 21 velocidades.Nuevas en su caja",200.0,USD,La Habana,Diez de Octubre,"tipo_bateria, autonomia_km","faltan campos obligatorios: tipo_bateria, autonomia_km",faltan_campos,https://www.revolico.com/search?q=e-bike&page=2,https://www.revolico.com/item/bicicletas-medida-26-marca-silver-bike-con-cambio-de-21-velocidadesnuevas-en-su-caja-56645826
57680518,Bicicletas medida 26 marca silver bike Medida 26 de montaña,200.0,USD,La Habana,Diez de Octubre,"tipo_bateria, autonomia_km","faltan campos obligatorios: tipo_bateria, autonomia_km",faltan_campos,https://www.revolico.com/search?q=e-bike&page=2,https://www.revolico.com/item/bicicletas-medida-26-marca-silver-bike-medida-26-de-montana-57680518
57193558,Bicimoto - Patin eléctrico marca Laituning... Nuevas a estrenar por usted,650.0,USD,La Habana,Playa,"tipo_bateria, autonomia_km","faltan campos obligatorios: tipo_bateria, autonomia_km",faltan_campos,https://www.revolico.com/search?q=bicimoto+electrica&page=6,https://www.revolico.com/item/bicimoto-patin-electrico-marca-laituning-nuevas-a-estrenar-por-usted-57193558
57193528,Bicimoto - Patineta marca Maf. Nuevas a estrenar por usted,800.0,USD,La Habana,Playa,"tipo_bateria, autonomia_km","faltan campos obligatorios: tipo_bateria, autonomia_km",faltan_campos,https://www.revolico.com/search?q=bicimoto+electrica&page=6,https://www.revolico.com/item/bicimoto-patineta-marca-maf-nuevas-a-estrenar-por-usted-57193528
57197683,Bicimoto - Patineta 🛹 Laituning... Nuevas a estrenar por usted .,650.0,USD,La Habana,Centro Habana,"tipo_bateria, autonomia_km","faltan campos obligatorios: tipo_bateria, autonomia_km",faltan_campos,https://www.revolico.com/search?q=bicimoto+electrica&page=6,https://www.revolico.com/item/bicimoto-patineta-laituning-nuevas-a-estrenar-por-usted-57197683
57598946,Bicimoto 911 Marca Ainsitec 1era mano,1.0,USD,La Habana,San Miguel del Padrón,"tipo_bateria, autonomia_km","faltan campos obligatorios: tipo_bateria, autonomia_km",faltan_campos,https://www.revolico.com/search?q=bicimoto&page=6,https://www.revolico.com/item/bicimoto-911-marca-ainsitec-1era-mano-57598946
57583816,Bicimoto BUCATTI,1660.0,USD,La Habana,Arroyo Naranjo,"tipo_bateria, autonomia_km","faltan campos obligatorios: tipo_bateria, autonomia_km",faltan_campos,https://www.revolico.com/search?q=bicimoto&page=7,https://www.revolico.com/item/bicimoto-bucatti-57583816
57465859,Bicimoto BUCATTI,950.0,USD,La Habana,Arroyo Naranjo,"tipo_bateria, autonomia_km","faltan campos obligatorios: tipo_bateria, autonomia_km",faltan_campos,https://www.revolico.com/search?q=bicimoto&page=10,https://www.revolico.com/item/bicimoto-bucatti-57465859
57586485,Bicimoto Bucatti,1650.0,USD,La Habana,Diez de Octubre,"tipo_bateria, autonomia_km","faltan campos obligatorios: tipo_bateria, autonomia_km",faltan_campos,https://www.revolico.com/search?q=bicimoto&page=7,https://www.revolico.com/item/bicimoto-bucatti-57586485
57585102,Bicimoto Bucatti,1000.0,USD,La Habana,Playa,"tipo_bateria, autonomia_km","faltan campos obligatorios: tipo_bateria, autonomia_km",faltan_campos,https://www.revolico.com/search?q=bicimoto&page=7,https://www.revolico.com/item/bicimoto-bucatti-57585102
57240898,Bicimoto Bucatti,350.0,USD,La Habana,Plaza,"tipo_bateria, autonomia_km","faltan campos obligatorios: tipo_bateria, autonomia_km",faltan_campos,https://www.revolico.com/search?q=bicimoto+electrica&page=6,https://www.revolico.com/item/bicimoto-bucatti-57240898
57581317,Bicimoto Bucatti Ultra,1660.0,USD,La Habana,Centro Habana,"tipo_bateria, autonomia_km","faltan campos obligatorios: tipo_bateria, autonomia_km",faltan_campos,https://www.revolico.com/search?q=bicimoto&page=7,https://www.revolico.com/item/bicimoto-bucatti-ultra-57581317
57590552,Bicimoto Bucatti Ultra en solo 1680usd‼️‼️,1680.0,USD,La Habana,Playa,"tipo_bateria, autonomia_km","faltan campos obligatorios: tipo_bateria, autonomia_km",faltan_campos,https://www.revolico.com/search?q=bicimoto&page=7,https://www.revolico.com/item/bicimoto-bucatti-ultra-en-solo-1680usd-57590552
57648572,Bicimoto Bucatti ultra,820.0,USD,La Habana,Centro Habana,"tipo_bateria, autonomia_km","faltan campos obligatorios: tipo_bateria, autonomia_km",faltan_campos,https://www.revolico.com/search?q=bicimoto&page=5,https://www.revolico.com/item/bicimoto-bucatti-ultra-57648572
57582161,Bicimoto Bucatti ultra,1650.0,USD,La Habana,Habana del Este,"tipo_bateria, autonomia_km","faltan campos obligatorios: tipo_bateria, autonomia_km",faltan_campos,https://www.revolico.com/search?q=bicimoto&page=7,https://www.revolico.com/item/bicimoto-bucatti-ultra-57582161
57659060,Bicimoto CHALLENGER CORLEONE,790.0,USD,La Habana,Diez de Octubre,"tipo_bateria, autonomia_km","faltan campos obligatorios: tipo_bateria, autonomia_km",faltan_campos,https://www.revolico.com/search?q=bicimoto&page=5,https://www.revolico.com/item/bicimoto-challenger-corleone-57659060
57668611,Bicimoto COMBAT por solo 1800 usd,1800.0,USD,La Habana,Guanabacoa,"tipo_bateria, autonomia_km","faltan campos obligatorios: tipo_bateria, autonomia_km",faltan_campos,https://www.revolico.com/search?q=bicimoto&page=4,https://www.revolico.com/item/bicimoto-combat-por-solo-1800-usd-57668611
57680826,Bicimoto Challenger,700.0,USD,La Habana,Centro Habana,"tipo_bateria, autonomia_km","faltan campos obligatorios: tipo_bateria, autonomia_km",faltan_campos,https://www.revolico.com/search?q=bicimoto&page=4,https://www.revolico.com/item/bicimoto-challenger-57680826
57570812,Bicimoto Challenger,770.0,USD,La Habana,San Miguel del Padrón,"tipo_bateria, autonomia_km","faltan campos obligatorios: tipo_bateria, autonomia_km",faltan_campos,https://www.revolico.com/search?q=bicimoto&page=7,https://www.revolico.com/item/bicimoto-challenger-57570812
57528946,Bicimoto Challenger,750.0,USD,La Habana,Centro Habana,"tipo_bateria, autonomia_km","faltan campos obligatorios: tipo_bateria, autonomia_km",faltan_campos,https://www.revolico.com/search?q=bicimoto&page=8,https://www.revolico.com/item/bicimoto-challenger-57528946
57683210,Bicimoto Challenger CORLEONE Todos los detalles en las fotos Garantía 1 mes Transporte incluido 880USD,880.0,USD,La Habana,Centro Habana,"tipo_bateria, autonomia_km","faltan campos obligatorios: tipo_bateria, autonomia_km",faltan_campos,https://www.revolico.com/search?q=bicimoto&page=4,https://www.revolico.com/item/bicimoto-challenger-corleone-todos-los-detalles-en-las-fotos-garantia-1-mes-transporte-incluido-880usd-57683210
57578927,Bicimoto Challenger Corleone,600.0,USD,La Habana,Centro Habana,"tipo_bateria, autonomia_km","faltan campos obligatorios: tipo_bateria, autonomia_km",faltan_campos,https://www.revolico.com/search?q=bicimoto&page=7,https://www.revolico.com/item/bicimoto-challenger-corleone-57578927
57570840,Bicimoto Challenger Corleone,810.0,USD,La Habana,San Miguel del Padrón,"tipo_bateria, autonomia_km","faltan campos obligatorios: tipo_bateria, autonomia_km",faltan_campos,https://www.revolico.com/search?q=bicimoto&page=7,https://www.revolico.com/item/bicimoto-challenger-corleone-57570840
57507089,Bicimoto Challenger Corleone,820.0,USD,La Habana,Diez de Octubre,"tipo_bateria, autonomia_km","faltan campos obligatorios: tipo_bateria, autonomia_km",faltan_campos,https://www.revolico.com/search?q=bicimoto&page=9,https://www.revolico.com/item/bicimoto-challenger-corleone-57507089
57577013,Bicimoto Challenger Prontezza,760.0,USD,La Habana,Centro Habana,"tipo_bateria, autonomia_km","faltan campos obligatorios: tipo_bateria, autonomia_km",faltan_campos,https://www.revolico.com/search?q=bicimoto&page=7,https://www.revolico.com/item/bicimoto-challenger-prontezza-57577013
57486964,Bicimoto Challenger carleone,850.0,USD,La Habana,Centro Habana,"tipo_bateria, autonomia_km","faltan campos obligatorios: tipo_bateria, autonomia_km",faltan_campos,https://www.revolico.com/search?q=bicimoto&page=9,https://www.revolico.com/item/bicimoto-challenger-carleone-57486964
57450177,Bicimoto Challenger x,1320.0,USD,La Habana,Centro Habana,"tipo_bateria, autonomia_km","faltan campos obligatorios: tipo_bateria, autonomia_km",faltan_campos,https://www.revolico.com/search?q=bicimoto&page=10,https://www.revolico.com/item/bicimoto-challenger-x-57450177
57598847,Bicimoto Challenger 🛵,700.0,USD,La Habana,Playa,"tipo_bateria, autonomia_km","faltan campos obligatorios: tipo_bateria, autonomia_km",faltan_campos,https://www.revolico.com/search?q=bicimoto&page=6,https://www.revolico.com/item/bicimoto-challenger-57598847
57547889,Bicimoto Challenger 🛵,700.0,USD,La Habana,Centro Habana,"tipo_bateria, autonomia_km","faltan campos obligatorios: tipo_bateria, autonomia_km",faltan_campos,https://www.revolico.com/search?q=bicimoto&page=8,https://www.revolico.com/item/bicimoto-challenger-57547889
57407062,Bicimoto ELÉCTRICA Topmaq Evolution 2026,1900.0,USD,La Habana,La Lisa,"tipo_bateria, autonomia_km","faltan campos obligatorios: tipo_bateria, autonomia_km",faltan_campos,https://www.revolico.com/search?q=bicimoto+electrica&page=2,https://www.revolico.com/item/bicimoto-electrica-topmaq-evolution-2026-57407062
57032218,Bicimoto Electrica JMD,1650.0,USD,Camagüey,Camagüey,"tipo_bateria, autonomia_km","faltan campos obligatorios: tipo_bateria, autonomia_km",faltan_campos,https://www.revolico.com/search?q=bicimoto+electrica&page=3,https://www.revolico.com/item/bicimoto-electrica-jmd-57032218
56766124,Bicimoto Electrica Midha,1050.0,USD,Cienfuegos,Cienfuegos,"tipo_bateria, autonomia_km","faltan campos obligatorios: tipo_bateria, autonomia_km",faltan_campos,https://www.revolico.com/search?q=bicimoto+electrica&page=3,https://www.revolico.com/item/bicimoto-electrica-midha-56766124
56936537,Bicimoto Electrica Topmaq Evolution,1900.0,USD,La Habana,Guanabacoa,"tipo_bateria, autonomia_km","faltan campos obligatorios: tipo_bateria, autonomia_km",faltan_campos,https://www.revolico.com/search?q=bicimoto+electrica&page=3,https://www.revolico.com/item/bicimoto-electrica-topmaq-evolution-56936537
56670277,Bicimoto Electrica VEDCA 0km papeles en orden garantía 6 meses domicilio incluído,1280.0,USD,La Habana,Diez de Octubre,"tipo_bateria, autonomia_km","faltan campos obligatorios: tipo_bateria, autonomia_km",faltan_campos,https://www.revolico.com/search?q=bicimoto+electrica&page=3,https://www.revolico.com/item/bicimoto-electrica-vedca-0km-papeles-en-orden-garantia-6-meses-domicilio-incluido-56670277
56936460,Bicimoto Electrica Vedca 1009,1150.0,USD,La Habana,Guanabacoa,"tipo_bateria, autonomia_km","faltan campos obligatorios: tipo_bateria, autonomia_km",faltan_campos,https://www.revolico.com/search?q=bicimoto+electrica&page=3,https://www.revolico.com/item/bicimoto-electrica-vedca-1009-56936460
56936423,Bicimoto Electrica Vedca S1,1550.0,USD,La Habana,Guanabacoa,"tipo_bateria, autonomia_km","faltan campos obligatorios: tipo_bateria, autonomia_km",faltan_campos,https://www.revolico.com/search?q=bicimoto+electrica&page=3,https://www.revolico.com/item/bicimoto-electrica-vedca-s1-56936423
56896804,Bicimoto Electrica marca JDM,1500.0,USD,La Habana,Centro Habana,"tipo_bateria, autonomia_km","faltan campos obligatorios: tipo_bateria, autonomia_km",faltan_campos,https://www.revolico.com/search?q=bicimoto+electrica&page=3,https://www.revolico.com/item/bicimoto-electrica-marca-jdm-56896804
57099337,Bicimoto Electrica vedca,1300.0,USD,La Habana,Cerro,"tipo_bateria, autonomia_km","faltan campos obligatorios: tipo_bateria, autonomia_km",faltan_campos,https://www.revolico.com/search?q=bicimoto+electrica&page=3,https://www.revolico.com/item/bicimoto-electrica-vedca-57099337
56578673,Bicimoto Eléctrica Ava,1480.0,USD,Artemisa,Artemisa,"tipo_bateria, autonomia_km","faltan campos obligatorios: tipo_bateria, autonomia_km",faltan_campos,https://www.revolico.com/search?q=bicimoto+electrica&page=4,https://www.revolico.com/item/bicimoto-electrica-ava-56578673
56889191,Bicimoto Eléctrica Challenger Prontezza,700.0,USD,La Habana,Arroyo Naranjo,"tipo_bateria, autonomia_km","faltan campos obligatorios: tipo_bateria, autonomia_km",faltan_campos,https://www.revolico.com/search?q=bicimoto+electrica&page=3,https://www.revolico.com/item/bicimoto-electrica-challenger-prontezza-56889191
57671149,Bicimoto Eléctrica Halcón Nova,1550.0,USD,Artemisa,Artemisa,"tipo_bateria, autonomia_km","faltan campos obligatorios: tipo_bateria, autonomia_km",faltan_campos,https://www.revolico.com/search?q=bicimoto&page=4,https://www.revolico.com/item/bicimoto-electrica-halcon-nova-57671149
56848871,Bicimoto Eléctrica Halcón Nova,1680.0,USD,Artemisa,San Antonio de los Baños,"tipo_bateria, autonomia_km","faltan campos obligatorios: tipo_bateria, autonomia_km",faltan_campos,https://www.revolico.com/search?q=bicimoto+electrica&page=3,https://www.revolico.com/item/bicimoto-electrica-halcon-nova-56848871
57118633,Bicimoto Eléctrica JMD,800.0,USD,La Habana,Centro Habana,"tipo_bateria, autonomia_km","faltan campos obligatorios: tipo_bateria, autonomia_km",faltan_campos,https://www.revolico.com/search?q=bicimoto+electrica&page=2,https://www.revolico.com/item/bicimoto-electrica-jmd-57118633
56739259,Bicimoto Eléctrica JMD,1650.0,USD,La Habana,Diez de Octubre,"tipo_bateria, autonomia_km","faltan campos obligatorios: tipo_bateria, autonomia_km",faltan_campos,https://www.revolico.com/search?q=bicimoto+electrica&page=3,https://www.revolico.com/item/bicimoto-jmd-56739259
56046232,Bicimoto Eléctrica JMD,750.0,USD,La Habana,La Lisa,"tipo_bateria, autonomia_km","faltan campos obligatorios: tipo_bateria, autonomia_km",faltan_campos,https://www.revolico.com/search?q=bicimoto+electrica&page=4,https://www.revolico.com/item/bicimoto-electrica-jmd-56046232
56077330,Bicimoto Eléctrica JMD 350 W,750.0,USD,La Habana,La Lisa,"tipo_bateria, autonomia_km","faltan campos obligatorios: tipo_bateria, autonomia_km",faltan_campos,https://www.revolico.com/search?q=bicimoto+electrica&page=4,https://www.revolico.com/item/bicimoto-electrica-jmd-350-w-56077330
57283142,Bicimoto Eléctrica JMD del 2026 3000 Watts,1490.0,USD,La Habana,Plaza,"tipo_bateria, autonomia_km","faltan campos obligatorios: tipo_bateria, autonomia_km",faltan_campos,https://www.revolico.com/search?q=bicimoto+electrica&page=2,https://www.revolico.com/item/vendo-bicimoto-jmd-57283142
57571473,Bicimoto Eléctrica Laituning,700.0,USD,Artemisa,Artemisa,"tipo_bateria, autonomia_km","faltan campos obligatorios: tipo_bateria, autonomia_km",faltan_campos,https://www.revolico.com/search?q=bicimoto&page=7,https://www.revolico.com/item/bicimoto-electrica-laituning-57571473
57408980,Bicimoto Eléctrica Laituning,700.0,USD,Artemisa,Artemisa,"tipo_bateria, autonomia_km","faltan campos obligatorios: tipo_bateria, autonomia_km",faltan_campos,https://www.revolico.com/search?q=bicimoto+electrica&page=2,https://www.revolico.com/item/bicimoto-electrica-laituning-57408980
56816520,Bicimoto Eléctrica MIDHA,850.0,USD,La Habana,Cerro,"tipo_bateria, autonomia_km","faltan campos obligatorios: tipo_bateria, autonomia_km",faltan_campos,https://www.revolico.com/search?q=bicimoto+electrica&page=3,https://www.revolico.com/item/bicimoto-electrica-midha-56816520
56982977,Bicimoto Eléctrica TOPMAQ EVOLUTION 2025 de uso superior cuidada!,1450.0,USD,La Habana,Arroyo Naranjo,"tipo_bateria, autonomia_km","faltan campos obligatorios: tipo_bateria, autonomia_km",faltan_campos,https://www.revolico.com/search?q=bicimoto+electrica&page=3,https://www.revolico.com/item/bicimoto-electrica-topmaq-evolution-2025-de-uso-superior-cuidada-56982977
56592649,Bicimoto Eléctrica VEDCA,1270.0,USD,La Habana,Arroyo Naranjo,"tipo_bateria, autonomia_km","faltan campos obligatorios: tipo_bateria, autonomia_km",faltan_campos,https://www.revolico.com/search?q=bicimoto+electrica&page=4,https://www.revolico.com/item/bicimoto-electrica-vedca-56592649
56530849,Bicimoto Eléctrica VEDCA LT 4209 A1,1350.0,USD,La Habana,Boyeros,"tipo_bateria, autonomia_km","faltan campos obligatorios: tipo_bateria, autonomia_km",faltan_campos,https://www.revolico.com/search?q=bicimoto+electrica&page=4,https://www.revolico.com/item/bicimoto-electrica-vedca-lt-4209-a1-56530849
56530848,Bicimoto Eléctrica VEDCA LT 4209 A1,1350.0,USD,La Habana,Boyeros,"tipo_bateria, autonomia_km","faltan campos obligatorios: tipo_bateria, autonomia_km",faltan_campos,https://www.revolico.com/search?q=bicimoto+electrica&page=4,https://www.revolico.com/item/bicimoto-electrica-vedca-lt-4209-a1-56530848
57511364,Bicimoto Eléctrica VEDCA S1,1500.0,USD,La Habana,Cotorro,"tipo_bateria, autonomia_km","faltan campos obligatorios: tipo_bateria, autonomia_km",faltan_campos,https://www.revolico.com/search?q=bicimoto&page=9,https://www.revolico.com/item/bicimoto-electrica-vedca-s1-57511364
57118697,Bicimoto Eléctrica Yoazaky,1650.0,USD,La Habana,Centro Habana,"tipo_bateria, autonomia_km","faltan campos obligatorios: tipo_bateria, autonomia_km",faltan_campos,https://www.revolico.com/search?q=bicimoto+electrica&page=2,https://www.revolico.com/item/bicimoto-electrica-yoazaky-57118697
57648587,Bicimoto Eléctrica Yoazaky galáctica,1950.0,USD,La Habana,Centro Habana,"tipo_bateria, autonomia_km","faltan campos obligatorios: tipo_bateria, autonomia_km",faltan_campos,https://www.revolico.com/search?q=bicimoto&page=5,https://www.revolico.com/item/bicimoto-electrica-yoazaky-galactica-57648587
56410768,Bicimoto Eléctrica bucatti,1030.0,USD,La Habana,Playa,"tipo_bateria, autonomia_km","faltan campos obligatorios: tipo_bateria, autonomia_km",faltan_campos,https://www.revolico.com/search?q=bicimoto+electrica&page=4,https://www.revolico.com/item/bicimoto-electrica-bucatti-56410768
57373180,Bicimoto Eléctrica challenger,770.0,USD,La Habana,Centro Habana,"tipo_bateria, autonomia_km","faltan campos obligatorios: tipo_bateria, autonomia_km",faltan_campos,https://www.revolico.com/search?q=bicimoto+electrica&page=2,https://www.revolico.com/item/bicimoto-electrica-challenger-57373180
57238816,Bicimoto Eléctrica challenger (830usd) transporte incluido,830.0,USD,La Habana,Centro Habana,"tipo_bateria, autonomia_km","faltan campos obligatorios: tipo_bateria, autonomia_km",faltan_campos,https://www.revolico.com/search?q=bicimoto+electrica&page=2,https://www.revolico.com/item/bicimoto-electrica-challenger-830usd-transporte-incluido-57238816
57176137,"Bicimoto Eléctrica challenger nueva, 830usd",830.0,USD,La Habana,Centro Habana,"tipo_bateria, autonomia_km","faltan campos obligatorios: tipo_bateria, autonomia_km",faltan_campos,https://www.revolico.com/search?q=bicimoto+electrica&page=2,https://www.revolico.com/item/bicimoto-electrica-challenger-nueva-830usd-57176137
57099750,Bicimoto Eléctrica challenger(nuevas) transporte incluido,850.0,USD,La Habana,Centro Habana,"tipo_bateria, autonomia_km","faltan campos obligatorios: tipo_bateria, autonomia_km",faltan_campos,https://www.revolico.com/search?q=bicimoto+electrica&page=3,https://www.revolico.com/item/bicimoto-electrica-challengernuevas-transporte-incluido-57099750
57110781,"Bicimoto Eléctrica challenger, transporte incluido",850.0,USD,La Habana,Centro Habana,"tipo_bateria, autonomia_km","faltan campos obligatorios: tipo_bateria, autonomia_km",faltan_campos,https://www.revolico.com/search?q=bicimoto+electrica&page=2,https://www.revolico.com/item/bicimoto-electrica-challenger-transporte-incluido-57110781
55538418,Bicimoto Eléctrica marca CONDOR ULTRA. 💵 PAGOS : $650 USD mensajería por un costo adicional aquí en la habana,650.0,USD,La Habana,Diez de Octubre,"tipo_bateria, autonomia_km","faltan campos obligatorios: tipo_bateria, autonomia_km",faltan_campos,https://www.revolico.com/search?q=bicimoto+electrica&page=4,https://www.revolico.com/item/bicimoto-electrica-marca-condor-ultra-pagos-contadoefectivo-y-zelle-780-usd-55538418
56968888,Bicimoto Eléctrica 🏷 Marca TopMaq🕍VC,2200.0,USD,Villa Clara,Santa Clara,"tipo_bateria, autonomia_km","faltan campos obligatorios: tipo_bateria, autonomia_km",faltan_campos,https://www.revolico.com/search?q=bicimoto+electrica&page=3,https://www.revolico.com/item/bicimoto-electrica-marca-topmaqvc-56968888
56974055,Bicimoto Eléctrica 🏷 Vedca🕍,800.0,USD,Villa Clara,Santa Clara,"tipo_bateria, autonomia_km","faltan campos obligatorios: tipo_bateria, autonomia_km",faltan_campos,https://www.revolico.com/search?q=bicimoto+electrica&page=3,https://www.revolico.com/item/bicimoto-electrica-vedca-56974055
57147305,Bicimoto Eléctrica 🏷️ Vedca #santaclara,1100.0,USD,Villa Clara,Santa Clara,"tipo_bateria, autonomia_km","faltan campos obligatorios: tipo_bateria, autonomia_km",faltan_campos,https://www.revolico.com/search?q=bicimoto+electrica&page=2,https://www.revolico.com/item/bicimoto-electrica-vedca-santaclara-57147305
57434745,Bicimoto Halcon,1630.0,USD,La Habana,Centro Habana,"tipo_bateria, autonomia_km","faltan campos obligatorios: tipo_bateria, autonomia_km",faltan_campos,https://www.revolico.com/search?q=bicimoto&page=10,https://www.revolico.com/item/bicimoto-halcon-57434745
57558934,Bicimoto Halcon 48v x 50ah,1400.0,USD,La Habana,Marianao,"tipo_bateria, autonomia_km","faltan campos obligatorios: tipo_bateria, autonomia_km",faltan_campos,https://www.revolico.com/search?q=bicimoto&page=8,https://www.revolico.com/item/bicimoto-halcon-48v-x-50ah-57558934
57450672,Bicimoto Halcon Nova,1620.0,USD,La Habana,Playa,"tipo_bateria, autonomia_km","faltan campos obligatorios: tipo_bateria, autonomia_km",faltan_campos,https://www.revolico.com/search?q=bicimoto&page=10,https://www.revolico.com/item/bicimoto-halcon-nova-57450672
57570959,Bicimoto Halcon nova,1620.0,USD,La Habana,San Miguel del Padrón,"tipo_bateria, autonomia_km","faltan campos obligatorios: tipo_bateria, autonomia_km",faltan_campos,https://www.revolico.com/search?q=bicimoto&page=7,https://www.revolico.com/item/bicimoto-halcon-nova-57570959
57599869,Bicimoto Halcón Nova,1700.0,USD,La Habana,Centro Habana,"tipo_bateria, autonomia_km","faltan campos obligatorios: tipo_bateria, autonomia_km",faltan_campos,https://www.revolico.com/search?q=bicimoto&page=6,https://www.revolico.com/item/bicimoto-halcon-nova-57599869
57510097,Bicimoto Halcón Nova 17 gen 2026,1600.0,USD,La Habana,Marianao,"tipo_bateria, autonomia_km","faltan campos obligatorios: tipo_bateria, autonomia_km",faltan_campos,https://www.revolico.com/search?q=bicimoto&page=9,https://www.revolico.com/item/bicimoto-halcon-nova-17-gen-2026-57510097
57671734,Bicimoto Halcón 🔥💥,1570.0,USD,La Habana,Playa,"tipo_bateria, autonomia_km","faltan campos obligatorios: tipo_bateria, autonomia_km",faltan_campos,https://www.revolico.com/search?q=bicimoto&page=4,https://www.revolico.com/item/bicimoto-halcon-57671734
57669499,Bicimoto JMD,1630.0,USD,La Habana,Playa,"tipo_bateria, autonomia_km","faltan campos obligatorios: tipo_bateria, autonomia_km",faltan_campos,https://www.revolico.com/search?q=bicimoto&page=4,https://www.revolico.com/item/bicimoto-jmd-57669499
57628079,Bicimoto JMD,1600.0,USD,La Habana,Cerro,"tipo_bateria, autonomia_km","faltan campos obligatorios: tipo_bateria, autonomia_km",faltan_campos,https://www.revolico.com/search?q=bicimoto&page=6,https://www.revolico.com/item/bicimoto-jmd-57628079
57619658,Bicimoto JMD,1520.0,USD,La Habana,Boyeros,"tipo_bateria, autonomia_km","faltan campos obligatorios: tipo_bateria, autonomia_km",faltan_campos,https://www.revolico.com/search?q=bicimoto&page=6,https://www.revolico.com/item/bicimoto-jmd-57619658
57570769,Bicimoto JMD,770.0,USD,La Habana,San Miguel del Padrón,"tipo_bateria, autonomia_km","faltan campos obligatorios: tipo_bateria, autonomia_km",faltan_campos,https://www.revolico.com/search?q=bicimoto&page=7,https://www.revolico.com/item/bicimoto-jmd-57570769
57506799,Bicimoto JMD,1600.0,USD,La Habana,Centro Habana,"tipo_bateria, autonomia_km","faltan campos obligatorios: tipo_bateria, autonomia_km",faltan_campos,https://www.revolico.com/search?q=bicimoto&page=9,https://www.revolico.com/item/bicimoto-jmd-57506799
57448052,Bicimoto JMD,1580.0,USD,La Habana,Centro Habana,"tipo_bateria, autonomia_km","faltan campos obligatorios: tipo_bateria, autonomia_km",faltan_campos,https://www.revolico.com/search?q=bicimoto&page=10,https://www.revolico.com/item/bicimoto-jmd-57448052
57434712,Bicimoto JMD,1630.0,USD,La Habana,Centro Habana,"tipo_bateria, autonomia_km","faltan campos obligatorios: tipo_bateria, autonomia_km",faltan_campos,https://www.revolico.com/search?q=bicimoto&page=10,https://www.revolico.com/item/bicimoto-jmd-57434712
57115295,Bicimoto JMD,750.0,USD,La Habana,Guanabacoa,"tipo_bateria, autonomia_km","faltan campos obligatorios: tipo_bateria, autonomia_km",faltan_campos,https://www.revolico.com/search?q=bicimoto+electrica&page=6,https://www.revolico.com/item/bicimoto-jmd-57115295
57542031,Bicimoto JMD (Grillo),1800.0,USD,La Habana,Plaza,"tipo_bateria, autonomia_km","faltan campos obligatorios: tipo_bateria, autonomia_km",faltan_campos,https://www.revolico.com/search?q=bicimoto&page=8,https://www.revolico.com/item/bicimoto-jmd-grillo-57542031
57669195,Bicimoto JMD (envio gratis),650.0,USD,La Habana,Playa,"tipo_bateria, autonomia_km","faltan campos obligatorios: tipo_bateria, autonomia_km",faltan_campos,https://www.revolico.com/search?q=bicimoto&page=4,https://www.revolico.com/item/bicimoto-jmd-envio-gratis-57669195
57345893,"Bicimoto JMD .COLORES DISPONIBLES,ROJO Y MORADO",1550.0,USD,La Habana,Playa,"tipo_bateria, autonomia_km","faltan campos obligatorios: tipo_bateria, autonomia_km",faltan_campos,https://www.revolico.com/search?q=bicimoto+electrica&page=6,https://www.revolico.com/item/bicimoto-jmd-colores-disponiblesrojo-y-morado-57345893
57646729,Bicimoto JMD 2026,1600.0,USD,La Habana,Playa,"tipo_bateria, autonomia_km","faltan campos obligatorios: tipo_bateria, autonomia_km",faltan_campos,https://www.revolico.com/search?q=bicimoto&page=5,https://www.revolico.com/item/bicimoto-jmd-2026-57646729
57498321,Bicimoto JMD 2026,1650.0,USD,La Habana,Centro Habana,"tipo_bateria, autonomia_km","faltan campos obligatorios: tipo_bateria, autonomia_km",faltan_campos,https://www.revolico.com/search?q=bicimoto&page=9,https://www.revolico.com/item/bicimoto-jmd-2026-57498321
57488191,Bicimoto JMD 2026 48/50,1600.0,USD,La Habana,Plaza,"tipo_bateria, autonomia_km","faltan campos obligatorios: tipo_bateria, autonomia_km",faltan_campos,https://www.revolico.com/search?q=bicimoto&page=9,https://www.revolico.com/item/bicimoto-jmd-2026-4850-57488191
57510010,Bicimoto JMD 26,1600.0,USD,La Habana,Marianao,"tipo_bateria, autonomia_km","faltan campos obligatorios: tipo_bateria, autonomia_km",faltan_campos,https://www.revolico.com/search?q=bicimoto&page=9,https://www.revolico.com/item/bicimoto-jmd-26-57510010
57681428,Bicimoto JMD 3000 W,1520.0,USD,La Habana,Boyeros,"tipo_bateria, autonomia_km","faltan campos obligatorios: tipo_bateria, autonomia_km",faltan_campos,https://www.revolico.com/search?q=bicimoto&page=4,https://www.revolico.com/item/bicimoto-jmd-3000-w-57681428
57676377,Bicimoto JMD 3000watt 48v50ah,1600.0,USD,La Habana,San Miguel del Padrón,"tipo_bateria, autonomia_km","faltan campos obligatorios: tipo_bateria, autonomia_km",faltan_campos,https://www.revolico.com/search?q=bicimoto&page=4,https://www.revolico.com/item/bicimoto-jmd-3000watt-48v50ah-57676377
57627439,Bicimoto JMD 350 w,660.0,USD,La Habana,Boyeros,"tipo_bateria, autonomia_km","faltan campos obligatorios: tipo_bateria, autonomia_km",faltan_campos,https://www.revolico.com/search?q=bicimoto&page=6,https://www.revolico.com/item/bicimoto-jmd-350-w-57627439
57640937,Bicimoto JMD Mediana 1000W,850.0,USD,La Habana,La Lisa,"tipo_bateria, autonomia_km","faltan campos obligatorios: tipo_bateria, autonomia_km",faltan_campos,https://www.revolico.com/search?q=bicimoto&page=5,https://www.revolico.com/item/bicimoto-jmd-mediana-1000w-57640937
57625226,Bicimoto JMD pcfg,850.0,USD,Cienfuegos,Cienfuegos,"tipo_bateria, autonomia_km","faltan campos obligatorios: tipo_bateria, autonomia_km",faltan_campos,https://www.revolico.com/search?q=bicimoto&page=6,https://www.revolico.com/item/bicimoto-jmd-pcfg-57625226
57659141,Bicimoto LAITUNING,650.0,USD,La Habana,Diez de Octubre,"tipo_bateria, autonomia_km","faltan campos obligatorios: tipo_bateria, autonomia_km",faltan_campos,https://www.revolico.com/search?q=bicimoto&page=5,https://www.revolico.com/item/bicimoto-laituning-57659141
57642090,Bicimoto Laituning,720.0,USD,La Habana,Plaza,"tipo_bateria, autonomia_km","faltan campos obligatorios: tipo_bateria, autonomia_km",faltan_campos,https://www.revolico.com/search?q=bicimoto&page=5,https://www.revolico.com/item/bicimoto-laituning-57642090
57570667,Bicimoto Laituning,670.0,USD,La Habana,San Miguel del Padrón,"tipo_bateria, autonomia_km","faltan campos obligatorios: tipo_bateria, autonomia_km",faltan_campos,https://www.revolico.com/search?q=bicimoto&page=7,https://www.revolico.com/item/bicimoto-laituning-57570667
57400306,Bicimoto Laituning,670.0,USD,Holguín,Holguín,"tipo_bateria, autonomia_km","faltan campos obligatorios: tipo_bateria, autonomia_km",faltan_campos,https://www.revolico.com/search?q=bicimoto+electrica&page=6,https://www.revolico.com/item/bicimoto-laituning-57400306
57648652,Bicimoto Laituning (disponible en color negro y rojo),590.0,USD,La Habana,Cerro,"tipo_bateria, autonomia_km","faltan campos obligatorios: tipo_bateria, autonomia_km",faltan_campos,https://www.revolico.com/search?q=bicimoto&page=5,https://www.revolico.com/item/bicimoto-laituning-disponible-en-color-negro-y-rojo-57648652
57659108,Bicimoto MAF ENGLE,1100.0,USD,La Habana,Diez de Octubre,"tipo_bateria, autonomia_km","faltan campos obligatorios: tipo_bateria, autonomia_km",faltan_campos,https://www.revolico.com/search?q=bicimoto&page=5,https://www.revolico.com/item/bicimoto-maf-engle-57659108
57465510,Bicimoto MAF ENGLE,1150.0,USD,La Habana,Centro Habana,"tipo_bateria, autonomia_km","faltan campos obligatorios: tipo_bateria, autonomia_km",faltan_campos,https://www.revolico.com/search?q=bicimoto&page=10,https://www.revolico.com/item/bicimoto-maf-engle-57465510
57445254,Bicimoto MARCA VEDCA S1,1470.0,USD,La Habana,Cotorro,"tipo_bateria, autonomia_km","faltan campos obligatorios: tipo_bateria, autonomia_km",faltan_campos,https://www.revolico.com/search?q=bicimoto&page=10,https://www.revolico.com/item/bicimoto-marca-vedca-s1-57445254
57485271,Bicimoto Marca Challenger,720.0,USD,La Habana,Centro Habana,"tipo_bateria, autonomia_km","faltan campos obligatorios: tipo_bateria, autonomia_km",faltan_campos,https://www.revolico.com/search?q=bicimoto&page=9,https://www.revolico.com/item/bicimoto-marca-challenger-57485271
57448297,Bicimoto Marca Challenger,870.0,USD,La Habana,Centro Habana,"tipo_bateria, autonomia_km","faltan campos obligatorios: tipo_bateria, autonomia_km",faltan_campos,https://www.revolico.com/search?q=bicimoto&page=10,https://www.revolico.com/item/bicimoto-marca-challenger-57448297
57580042,Bicimoto Marca IZUKI/BIMINI.Color ❤️.,1400.0,USD,La Habana,Marianao,"tipo_bateria, autonomia_km","faltan campos obligatorios: tipo_bateria, autonomia_km",faltan_campos,https://www.revolico.com/search?q=bicimoto&page=7,https://www.revolico.com/item/bicimoto-marca-izukibiminicolor-57580042
57501035,Bicimoto Marca Maf 2026,1200.0,USD,La Habana,San Miguel del Padrón,"tipo_bateria, autonomia_km","faltan campos obligatorios: tipo_bateria, autonomia_km",faltan_campos,https://www.revolico.com/search?q=bicimoto&page=9,https://www.revolico.com/item/bicimoto-marca-maf-2026-57501035
57450148,Bicimoto Midha Eagle,1020.0,USD,La Habana,Diez de Octubre,"tipo_bateria, autonomia_km","faltan campos obligatorios: tipo_bateria, autonomia_km",faltan_campos,https://www.revolico.com/search?q=bicimoto&page=10,https://www.revolico.com/item/bicimoto-midha-eagle-57450148
57144744,Bicimoto Moto electrica VEDCA,1300.0,USD,La Habana,Centro Habana,"tipo_bateria, autonomia_km","faltan campos obligatorios: tipo_bateria, autonomia_km",faltan_campos,https://www.revolico.com/search?q=bicimoto+electrica&page=5,https://www.revolico.com/item/bicimoto-moto-electrica-vedca-57144744
57638313,Bicimoto ORIS 500w 48v 20aH $770. Mensajería incluida,770.0,USD,La Habana,Habana Vieja,"tipo_bateria, autonomia_km","faltan campos obligatorios: tipo_bateria, autonomia_km",faltan_campos,https://www.revolico.com/search?q=bicimoto&page=5,https://www.revolico.com/item/bicimoto-oris-500w-48v-20ah-770-mensajeria-incluida-57638313
57598491,"Bicimoto Onebot de poco uso, en perfecto estado ....750 usd",1.0,USD,La Habana,Centro Habana,"tipo_bateria, autonomia_km","faltan campos obligatorios: tipo_bateria, autonomia_km",faltan_campos,https://www.revolico.com/search?q=bicimoto&page=6,https://www.revolico.com/item/bicimoto-onebot-de-poco-uso-en-perfecto-estado-750-usd-57598491
57305588,Bicimoto Oris 48v-20 amp,760.0,USD,La Habana,Habana del Este,"tipo_bateria, autonomia_km","faltan campos obligatorios: tipo_bateria, autonomia_km",faltan_campos,https://www.revolico.com/search?q=bicimoto+electrica&page=6,https://www.revolico.com/item/bicimoto-oris-48v-20-amp-57305588
57491420,Bicimoto Oris 👀SOLO GRIS,790.0,USD,Matanzas,Matanzas,"tipo_bateria, autonomia_km","faltan campos obligatorios: tipo_bateria, autonomia_km",faltan_campos,https://www.revolico.com/search?q=bicimoto&page=9,https://www.revolico.com/item/bicimoto-oris-solo-gris-57491420
56319969,Bicimoto PATINETA ELÉCTRICA JMD,800.0,USD,La Habana,Centro Habana,"tipo_bateria, autonomia_km","faltan campos obligatorios: tipo_bateria, autonomia_km",faltan_campos,https://www.revolico.com/search?q=bicimoto+electrica&page=5,https://www.revolico.com/item/bicimoto-patineta-electrica-jmd-56319969
57504226,Bicimoto Portobello,500.0,USD,La Habana,San Miguel del Padrón,"tipo_bateria, autonomia_km","faltan campos obligatorios: tipo_bateria, autonomia_km",faltan_campos,https://www.revolico.com/search?q=bicimoto&page=9,https://www.revolico.com/item/bicimoto-portobello-57504226
57671188,Bicimoto RX COMBAT,1850.0,USD,Artemisa,Artemisa,"tipo_bateria, autonomia_km","faltan campos obligatorios: tipo_bateria, autonomia_km",faltan_campos,https://www.revolico.com/search?q=bicimoto&page=4,https://www.revolico.com/item/bicimoto-rx-combat-57671188
57534615,Bicimoto RX COMBAT,1900.0,USD,La Habana,Centro Habana,"tipo_bateria, autonomia_km","faltan campos obligatorios: tipo_bateria, autonomia_km",faltan_campos,https://www.revolico.com/search?q=bicimoto&page=8,https://www.revolico.com/item/bicimoto-rx-combat-57534615
57497063,Bicimoto RX COMBAT,1900.0,USD,La Habana,Diez de Octubre,"tipo_bateria, autonomia_km","faltan campos obligatorios: tipo_bateria, autonomia_km",faltan_campos,https://www.revolico.com/search?q=bicimoto&page=9,https://www.revolico.com/item/bicimoto-rx-combat-57497063
57450819,Bicimoto RX COMBAT,1910.0,USD,La Habana,Playa,"tipo_bateria, autonomia_km","faltan campos obligatorios: tipo_bateria, autonomia_km",faltan_campos,https://www.revolico.com/search?q=bicimoto&page=10,https://www.revolico.com/item/bicimoto-rx-combat-57450819
57672576,Bicimoto RX Combat,1800.0,USD,La Habana,Playa,"tipo_bateria, autonomia_km","faltan campos obligatorios: tipo_bateria, autonomia_km",faltan_campos,https://www.revolico.com/search?q=bicimoto&page=4,https://www.revolico.com/item/bicimoto-rx-combat-57672576
57649967,Bicimoto RX Combat,1900.0,USD,La Habana,Diez de Octubre,"tipo_bateria, autonomia_km","faltan campos obligatorios: tipo_bateria, autonomia_km",faltan_campos,https://www.revolico.com/search?q=bicimoto&page=5,https://www.revolico.com/item/bicimoto-rx-combat-57649967
57447969,Bicimoto RX Combat,1950.0,USD,La Habana,Centro Habana,"tipo_bateria, autonomia_km","faltan campos obligatorios: tipo_bateria, autonomia_km",faltan_campos,https://www.revolico.com/search?q=bicimoto&page=10,https://www.revolico.com/item/bicimoto-rx-combat-57447969
57090443,Bicimoto RX Combat,1900.0,USD,La Habana,Diez de Octubre,"tipo_bateria, autonomia_km","faltan campos obligatorios: tipo_bateria, autonomia_km",faltan_campos,https://www.revolico.com/search?q=bicimoto+electrica&page=6,https://www.revolico.com/item/bicimoto-galactica-57090443
57542097,Bicimoto RX Combat 72x45 ah Nuevo modelo,1850.0,USD,La Habana,Plaza,"tipo_bateria, autonomia_km","faltan campos obligatorios: tipo_bateria, autonomia_km",faltan_campos,https://www.revolico.com/search?q=bicimoto&page=8,https://www.revolico.com/item/bicimoto-rx-combat-72x45-ah-nuevo-modelo-57542097
57614482,Bicimoto RX Combat Nuevas a estrenar Ganga,1750.0,USD,La Habana,La Lisa,"tipo_bateria, autonomia_km","faltan campos obligatorios: tipo_bateria, autonomia_km",faltan_campos,https://www.revolico.com/search?q=bicimoto&page=6,https://www.revolico.com/item/bicimoto-rx-combat-nuevas-a-estrenar-ganga-57614482
57636465,Bicimoto RX Combat ganga,1750.0,USD,La Habana,La Lisa,"tipo_bateria, autonomia_km","faltan campos obligatorios: tipo_bateria, autonomia_km",faltan_campos,https://www.revolico.com/search?q=bicimoto&page=5,https://www.revolico.com/item/bicimoto-rx-combat-ganga-57636465
57624781,Bicimoto RX Combat nuevas en su Wacal,1750.0,USD,La Habana,La Lisa,"tipo_bateria, autonomia_km","faltan campos obligatorios: tipo_bateria, autonomia_km",faltan_campos,https://www.revolico.com/search?q=bicimoto&page=6,https://www.revolico.com/item/bicimoto-rx-combat-nuevas-en-su-wacal-57624781
57664631,Bicimoto RX Combat‼️villa clara,2100.0,USD,Villa Clara,Santa Clara,"tipo_bateria, autonomia_km","faltan campos obligatorios: tipo_bateria, autonomia_km",faltan_campos,https://www.revolico.com/search?q=bicimoto&page=4,https://www.revolico.com/item/bicimoto-rx-combatvilla-clara-57664631
57654404,Bicimoto RX combaT,1800.0,USD,La Habana,Diez de Octubre,"tipo_bateria, autonomia_km","faltan campos obligatorios: tipo_bateria, autonomia_km",faltan_campos,https://www.revolico.com/search?q=bicimoto&page=5,https://www.revolico.com/item/bicimoto-rx-combat-57654404
57631285,Bicimoto RX combat,1900.0,USD,La Habana,Centro Habana,"tipo_bateria, autonomia_km","faltan campos obligatorios: tipo_bateria, autonomia_km",faltan_campos,https://www.revolico.com/search?q=bicimoto&page=5,https://www.revolico.com/item/bicimoto-rx-combat-57631285
57527317,Bicimoto TOPMAQ 1900,1900.0,USD,La Habana,Plaza,"tipo_bateria, autonomia_km","faltan campos obligatorios: tipo_bateria, autonomia_km",faltan_campos,https://www.revolico.com/search?q=bicimoto&page=8,https://www.revolico.com/item/bicimoto-topmaq-1900-57527317
57595890,Bicimoto TOPMAQ EVOLUTION,2000.0,USD,La Habana,Centro Habana,"tipo_bateria, autonomia_km","faltan campos obligatorios: tipo_bateria, autonomia_km",faltan_campos,https://www.revolico.com/search?q=bicimoto&page=6,https://www.revolico.com/item/bicimoto-topmaq-evolution-57595890
57457705,Bicimoto TOPMAQ EVOLUTION,1950.0,USD,La Habana,Boyeros,"tipo_bateria, autonomia_km","faltan campos obligatorios: tipo_bateria, autonomia_km",faltan_campos,https://www.revolico.com/search?q=bicimoto&page=10,https://www.revolico.com/item/bicimoto-topmaq-evolution-57457705
57562526,Bicimoto TOPMAQ EVOLUTION 2026,2350.0,USD,Las Tunas,Las Tunas,"tipo_bateria, autonomia_km","faltan campos obligatorios: tipo_bateria, autonomia_km",faltan_campos,https://www.revolico.com/search?q=bicimoto&page=8,https://www.revolico.com/item/bicimoto-topmaq-evolution-2026-57562526
57569123,Bicimoto TOPMAQ EVOLUTION mm2,1880.0,USD,La Habana,San Miguel del Padrón,"tipo_bateria, autonomia_km","faltan campos obligatorios: tipo_bateria, autonomia_km",faltan_campos,https://www.revolico.com/search?q=bicimoto&page=8,https://www.revolico.com/item/bicimoto-topmaq-evolution-mm2-57569123
57567556,Bicimoto TOPMAQ EVOLUTIONS,1880.0,USD,La Habana,Centro Habana,"tipo_bateria, autonomia_km","faltan campos obligatorios: tipo_bateria, autonomia_km",faltan_campos,https://www.revolico.com/search?q=bicimoto&page=8,https://www.revolico.com/item/bicimoto-topmaq-evolutions-57567556
57478207,Bicimoto TOPMAQ EVOLUTIONS,1900.0,USD,La Habana,Centro Habana,"tipo_bateria, autonomia_km","faltan campos obligatorios: tipo_bateria, autonomia_km",faltan_campos,https://www.revolico.com/search?q=bicimoto&page=10,https://www.revolico.com/item/bicimoto-topmaq-evolutions-57478207
57554570,Bicimoto TOPMAQ EVOLUTIONS 2026,1870.0,USD,La Habana,Centro Habana,"tipo_bateria, autonomia_km","faltan campos obligatorios: tipo_bateria, autonomia_km",faltan_campos,https://www.revolico.com/search?q=bicimoto&page=8,https://www.revolico.com/item/bicimoto-topmaq-evolutions-2026-57554570
57669539,Bicimoto TOPMAQ(Envio Gratis),1940.0,USD,La Habana,Playa,"tipo_bateria, autonomia_km","faltan campos obligatorios: tipo_bateria, autonomia_km",faltan_campos,https://www.revolico.com/search?q=bicimoto&page=4,https://www.revolico.com/item/bicimoto-topmaqenvio-gratis-57669539
57570601,Bicimoto TopmaQ Evolution,1860.0,USD,La Habana,San Miguel del Padrón,"tipo_bateria, autonomia_km","faltan campos obligatorios: tipo_bateria, autonomia_km",faltan_campos,https://www.revolico.com/search?q=bicimoto&page=8,https://www.revolico.com/item/bickmoto-topmaq-evolution-57570601
57450317,Bicimoto Topmaq,1800.0,USD,La Habana,Boyeros,"tipo_bateria, autonomia_km","faltan campos obligatorios: tipo_bateria, autonomia_km",faltan_campos,https://www.revolico.com/search?q=bicimoto&page=10,https://www.revolico.com/item/bicimoto-topmaq-57450317
57657284,Bicimoto Topmaq 2025,1600.0,USD,La Habana,Diez de Octubre,"tipo_bateria, autonomia_km","faltan campos obligatorios: tipo_bateria, autonomia_km",faltan_campos,https://www.revolico.com/search?q=bicimoto&page=5,https://www.revolico.com/item/bicimoto-topmaq-2025-57657284
57450351,Bicimoto Topmaq 2026,1800.0,USD,La Habana,Boyeros,"tipo_bateria, autonomia_km","faltan campos obligatorios: tipo_bateria, autonomia_km",faltan_campos,https://www.revolico.com/search?q=bicimoto&page=10,https://www.revolico.com/item/bicimoto-topmaq-2026-57450351
57531413,Bicimoto Topmaq EVOLUTION 2026,1880.0,USD,La Habana,Plaza,"tipo_bateria, autonomia_km","faltan campos obligatorios: tipo_bateria, autonomia_km",faltan_campos,https://www.revolico.com/search?q=bicimoto&page=8,https://www.revolico.com/item/bicimoto-topmaq-evolution-2026-57531413
57575766,Bicimoto Topmaq Evolution,1850.0,USD,La Habana,Cerro,"tipo_bateria, autonomia_km","faltan campos obligatorios: tipo_bateria, autonomia_km",faltan_campos,https://www.revolico.com/search?q=bicimoto&page=7,https://www.revolico.com/item/bicimoto-topmaq-evolution-57575766
57527585,Bicimoto Topmaq Evolution,1860.0,USD,La Habana,Habana Vieja,"tipo_bateria, autonomia_km","faltan campos obligatorios: tipo_bateria, autonomia_km",faltan_campos,https://www.revolico.com/search?q=bicimoto&page=8,https://www.revolico.com/item/bicimoto-topmaq-evolution-57527585
57504466,Bicimoto Topmaq Evolution,1880.0,USD,La Habana,Cerro,"tipo_bateria, autonomia_km","faltan campos obligatorios: tipo_bateria, autonomia_km",faltan_campos,https://www.revolico.com/search?q=bicimoto&page=9,https://www.revolico.com/item/bicimoto-topmaq-evolution-57504466
57450891,Bicimoto Topmaq Evolution,1860.0,USD,La Habana,Playa,"tipo_bateria, autonomia_km","faltan campos obligatorios: tipo_bateria, autonomia_km",faltan_campos,https://www.revolico.com/search?q=bicimoto&page=10,https://www.revolico.com/item/bicimoto-topmaq-evolution-57450891
57660798,Bicimoto Topmaq Evolution 1400 usd,1400.0,USD,La Habana,Cerro,"tipo_bateria, autonomia_km","faltan campos obligatorios: tipo_bateria, autonomia_km",faltan_campos,https://www.revolico.com/search?q=bicimoto&page=5,https://www.revolico.com/item/bicimoto-topmaq-evolution-1400-usd-57660798
57560757,Bicimoto Topmaq Evolution 1900 USD mensajeria incluída en La Habana,1900.0,USD,La Habana,Plaza,"tipo_bateria, autonomia_km","faltan campos obligatorios: tipo_bateria, autonomia_km",faltan_campos,https://www.revolico.com/search?q=bicimoto&page=8,https://www.revolico.com/item/bicimoto-topmaq-evolution-1900-usd-mensajeria-incluida-en-la-habana-57560757
57357996,Bicimoto Topmaq Evolution 2026,1890.0,USD,La Habana,Marianao,"tipo_bateria, autonomia_km","faltan campos obligatorios: tipo_bateria, autonomia_km",faltan_campos,https://www.revolico.com/search?q=bicimoto&page=7,https://www.revolico.com/item/bicimoto-topmaq-evolution-2026-57357996
57654794,Bicimoto Topmaq NUEVA,1900.0,USD,La Habana,Diez de Octubre,"tipo_bateria, autonomia_km","faltan campos obligatorios: tipo_bateria, autonomia_km",faltan_campos,https://www.revolico.com/search?q=bicimoto&page=5,https://www.revolico.com/item/bicimoto-topmaq-nueva-57654794
57596164,Bicimoto Topmaq de uso pero en buen estado,1000.0,USD,La Habana,Diez de Octubre,"tipo_bateria, autonomia_km","faltan campos obligatorios: tipo_bateria, autonomia_km",faltan_campos,https://www.revolico.com/search?q=bicimoto&page=6,https://www.revolico.com/item/bicimoto-topmaq-de-uso-pero-en-buen-estado-57596164
57591995,Bicimoto Topmaq evolution2026,1940.0,USD,La Habana,Plaza,"tipo_bateria, autonomia_km","faltan campos obligatorios: tipo_bateria, autonomia_km",faltan_campos,https://www.revolico.com/search?q=bicimoto&page=7,https://www.revolico.com/item/bicimoto-topmaq-evolution2026-57591995
57665383,Bicimoto VEDCA,1400.0,USD,La Habana,Arroyo Naranjo,"tipo_bateria, autonomia_km","faltan campos obligatorios: tipo_bateria, autonomia_km",faltan_campos,https://www.revolico.com/search?q=bicimoto&page=4,https://www.revolico.com/item/bicimoto-vedca-57665383
57532531,Bicimoto VEDCA Grillo. LiFeP04 *60V30Ah ➡️NUEVA,1400.0,USD,La Habana,Playa,"tipo_bateria, autonomia_km","faltan campos obligatorios: tipo_bateria, autonomia_km",faltan_campos,https://www.revolico.com/search?q=bicimoto&page=8,https://www.revolico.com/item/bicimoto-grillo-vedca-lifep04-60v30a-57532531
57529589,Bicimoto VEDCA S1,1460.0,USD,La Habana,Centro Habana,"tipo_bateria, autonomia_km","faltan campos obligatorios: tipo_bateria, autonomia_km",faltan_campos,https://www.revolico.com/search?q=bicimoto&page=8,https://www.revolico.com/item/bicimoto-vedca-s1-57529589
57641673,Bicimoto VEDCA S1 60/30,1400.0,USD,La Habana,Plaza,"tipo_bateria, autonomia_km","faltan campos obligatorios: tipo_bateria, autonomia_km",faltan_campos,https://www.revolico.com/search?q=bicimoto&page=5,https://www.revolico.com/item/bicimoto-vedca-s1-6030-57641673
57642646,Bicimoto Vedca,1400.0,USD,La Habana,Boyeros,"tipo_bateria, autonomia_km","faltan campos obligatorios: tipo_bateria, autonomia_km",faltan_campos,https://www.revolico.com/search?q=bicimoto&page=5,https://www.revolico.com/item/bicimoto-vedca-57642646
57450283,Bicimoto Vedca,1460.0,USD,La Habana,Playa,"tipo_bateria, autonomia_km","faltan campos obligatorios: tipo_bateria, autonomia_km",faltan_campos,https://www.revolico.com/search?q=bicimoto&page=10,https://www.revolico.com/item/bicimoto-vedca-57450283
57116497,Bicimoto Vedca,850.0,USD,La Habana,Boyeros,"tipo_bateria, autonomia_km","faltan campos obligatorios: tipo_bateria, autonomia_km",faltan_campos,https://www.revolico.com/search?q=bicimoto+electrica&page=6,https://www.revolico.com/item/bicimoto-vedca-57116497
57482084,Bicimoto Vedca S1,1400.0,USD,La Habana,La Lisa,"tipo_bateria, autonomia_km","faltan campos obligatorios: tipo_bateria, autonomia_km",faltan_campos,https://www.revolico.com/search?q=bicimoto&page=9,https://www.revolico.com/item/bicimoto-vedca-s1-57482084
57563830,Bicimoto Vedca-S1 0km,1480.0,USD,La Habana,Plaza,"tipo_bateria, autonomia_km","faltan campos obligatorios: tipo_bateria, autonomia_km",faltan_campos,https://www.revolico.com/search?q=bicimoto&page=8,https://www.revolico.com/item/bicimoto-vedca-s1-0km-57563830
57595746,Bicimoto YOAZAKY,1680.0,USD,La Habana,Centro Habana,"tipo_bateria, autonomia_km","faltan campos obligatorios: tipo_bateria, autonomia_km",faltan_campos,https://www.revolico.com/search?q=bicimoto&page=6,https://www.revolico.com/item/bicimoto-yoazaky-57595746
57494128,Bicimoto YOAZAKY 707,1620.0,USD,La Habana,Boyeros,"tipo_bateria, autonomia_km","faltan campos obligatorios: tipo_bateria, autonomia_km",faltan_campos,https://www.revolico.com/search?q=bicimoto&page=9,https://www.revolico.com/item/bicimoto-yoazaky-707-57494128
57430660,Bicimoto YOAZAKY 707,1800.0,USD,La Habana,Plaza,"tipo_bateria, autonomia_km","faltan campos obligatorios: tipo_bateria, autonomia_km",faltan_campos,https://www.revolico.com/search?q=bicimoto&page=10,https://www.revolico.com/item/bicimoto-yoazaky-707-57430660
57658784,Bicimoto YOAZAKY 707🛵Villa clara,1800.0,USD,Villa Clara,Santa Clara,"tipo_bateria, autonomia_km","faltan campos obligatorios: tipo_bateria, autonomia_km",faltan_campos,https://www.revolico.com/search?q=bicimoto&page=5,https://www.revolico.com/item/bicimoto-yoazaky-707villa-clara-57658784
57595820,Bicimoto YOAZAKY GALACTICA,2080.0,USD,La Habana,Centro Habana,"tipo_bateria, autonomia_km","faltan campos obligatorios: tipo_bateria, autonomia_km",faltan_campos,https://www.revolico.com/search?q=bicimoto&page=6,https://www.revolico.com/item/bicimoto-yoazaky-galactica-57595820
57488249,Bicimoto YOAZAKY Galáctica 2026 48/50,2100.0,USD,La Habana,Plaza,"tipo_bateria, autonomia_km","faltan campos obligatorios: tipo_bateria, autonomia_km",faltan_campos,https://www.revolico.com/search?q=bicimoto&page=9,https://www.revolico.com/item/bicimoto-yoazaky-galactica-2026-4850-57488249
57662764,Bicimoto Yoazaky,1600.0,USD,La Habana,Boyeros,"tipo_bateria, autonomia_km","faltan campos obligatorios: tipo_bateria, autonomia_km",faltan_campos,https://www.revolico.com/search?q=bicimoto&page=5,https://www.revolico.com/item/bicimoto-yoazaky-57662764
57450560,Bicimoto Yoazaky,1620.0,USD,La Habana,Playa,"tipo_bateria, autonomia_km","faltan campos obligatorios: tipo_bateria, autonomia_km",faltan_campos,https://www.revolico.com/search?q=bicimoto&page=10,https://www.revolico.com/item/bicimoto-yoazaky-57450560
57466815,Bicimoto Yoazaky 1650 usd,1650.0,USD,La Habana,Centro Habana,"tipo_bateria, autonomia_km","faltan campos obligatorios: tipo_bateria, autonomia_km",faltan_campos,https://www.revolico.com/search?q=bicimoto&page=10,https://www.revolico.com/item/bicimoto-yoazaky-1650-usd-57466815
57568453,Bicimoto Yoazaky 707 (2026) flash,1650.0,USD,La Habana,San Miguel del Padrón,"tipo_bateria, autonomia_km","faltan campos obligatorios: tipo_bateria, autonomia_km",faltan_campos,https://www.revolico.com/search?q=bicimoto&page=8,https://www.revolico.com/item/bicimoto-yoazaky-707-2026-flash-57568453
57666715,Bicimoto Yoazaky 707 2026,1650.0,USD,La Habana,Cerro,"tipo_bateria, autonomia_km","faltan campos obligatorios: tipo_bateria, autonomia_km",faltan_campos,https://www.revolico.com/search?q=bicimoto&page=4,https://www.revolico.com/item/bicimoto-yoazaky-707-2026-57666715
57666714,Bicimoto Yoazaky 707 2026,1650.0,USD,La Habana,Cerro,"tipo_bateria, autonomia_km","faltan campos obligatorios: tipo_bateria, autonomia_km",faltan_campos,https://www.revolico.com/search?q=bicimoto&page=4,https://www.revolico.com/item/bicimoto-yoazaky-707-2026-57666714
57575582,Bicimoto Yoazaky 707 modelo 2026,1550.0,USD,La Habana,Cerro,"tipo_bateria, autonomia_km","faltan campos obligatorios: tipo_bateria, autonomia_km",faltan_campos,https://www.revolico.com/search?q=bicimoto&page=7,https://www.revolico.com/item/bicimoto-yoazaky-707-modelo-2026-57575582
57671639,Bicimoto Yoazaky 707 💥🔥,1670.0,USD,La Habana,Playa,"tipo_bateria, autonomia_km","faltan campos obligatorios: tipo_bateria, autonomia_km",faltan_campos,https://www.revolico.com/search?q=bicimoto&page=4,https://www.revolico.com/item/bicimoto-yoazaky-707-57671639
57506590,Bicimoto Yoazaky Galactica,2100.0,USD,La Habana,Centro Habana,"tipo_bateria, autonomia_km","faltan campos obligatorios: tipo_bateria, autonomia_km",faltan_campos,https://www.revolico.com/search?q=bicimoto&page=9,https://www.revolico.com/item/bicimoto-yoazaky-galactica-57506590
57570998,Bicimoto Yoazaky Galáctica,2030.0,USD,La Habana,San Miguel del Padrón,"tipo_bateria, autonomia_km","faltan campos obligatorios: tipo_bateria, autonomia_km",faltan_campos,https://www.revolico.com/search?q=bicimoto&page=7,https://www.revolico.com/item/bicimoto-yoazaky-galactica-57570998
57459730,Bicimoto Yoazaky Galáctica Nueva - Ganga!!!,1980.0,USD,La Habana,Playa,"tipo_bateria, autonomia_km","faltan campos obligatorios: tipo_bateria, autonomia_km",faltan_campos,https://www.revolico.com/search?q=bicimoto&page=10,https://www.revolico.com/item/yoazaky-galactica-nueva-ganga-57459730
56704342,Bicimoto Yoazaky. Moto electrica. Bicicleta eléctrica,1.0,USD,La Habana,Centro Habana,"tipo_bateria, autonomia_km","faltan campos obligatorios: tipo_bateria, autonomia_km",faltan_campos,https://www.revolico.com/search?q=bicimoto+electrica&page=6,https://www.revolico.com/item/bicimoto-yoazaky-moto-electrica-bicicleta-electrica-56704342
57450874,Bicimoto ava golden 800w,1400.0,USD,La Habana,Centro Habana,"tipo_bateria, autonomia_km","faltan campos obligatorios: tipo_bateria, autonomia_km",faltan_campos,https://www.revolico.com/search?q=bicimoto&page=10,https://www.revolico.com/item/bicimoto-ava-golden-800w-57450874
57589384,Bicimoto bucatti ultra,1700.0,USD,La Habana,Guanabacoa,"tipo_bateria, autonomia_km","faltan campos obligatorios: tipo_bateria, autonomia_km",faltan_campos,https://www.revolico.com/search?q=bicimoto&page=7,https://www.revolico.com/item/bicimoto-bucatti-ultra-57589384
57578900,Bicimoto bucatti ultra,1660.0,USD,La Habana,Centro Habana,"tipo_bateria, autonomia_km","faltan campos obligatorios: tipo_bateria, autonomia_km",faltan_campos,https://www.revolico.com/search?q=bicimoto&page=7,https://www.revolico.com/item/bicimoto-bucatti-ultra-57578900
57624072,Bicimoto challenger,850.0,USD,La Habana,Marianao,"tipo_bateria, autonomia_km","faltan campos obligatorios: tipo_bateria, autonomia_km",faltan_campos,https://www.revolico.com/search?q=bicimoto&page=6,https://www.revolico.com/item/bicimoto-challenger-57624072
57570886,Bicimoto challenger,1300.0,USD,La Habana,San Miguel del Padrón,"tipo_bateria, autonomia_km","faltan campos obligatorios: tipo_bateria, autonomia_km",faltan_campos,https://www.revolico.com/search?q=bicimoto&page=7,https://www.revolico.com/item/bicimoto-challenger-57570886
57384441,Bicimoto electrica JMD,700.0,USD,La Habana,Boyeros,"tipo_bateria, autonomia_km","faltan campos obligatorios: tipo_bateria, autonomia_km",faltan_campos,https://www.revolico.com/search?q=bicimoto+electrica&page=2,https://www.revolico.com/item/bicimoto-electrica-jmd-57384441
56782128,Bicimoto electrica JMD,1500.0,USD,La Habana,Arroyo Naranjo,"tipo_bateria, autonomia_km","faltan campos obligatorios: tipo_bateria, autonomia_km",faltan_campos,https://www.revolico.com/search?q=bicimoto+electrica&page=3,https://www.revolico.com/item/bicimoto-electrica-jmd-56782128
56598068,Bicimoto electrica JMD,1650.0,USD,La Habana,Arroyo Naranjo,"tipo_bateria, autonomia_km","faltan campos obligatorios: tipo_bateria, autonomia_km",faltan_campos,https://www.revolico.com/search?q=bicimoto+electrica&page=4,https://www.revolico.com/item/bicimoto-electrica-jmd-56598068
57585485,"Bicimoto electrica JMD POR SOLO 💲6️⃣5️⃣0️⃣ USD,con envío incluido dependiendo del lugar",650.0,USD,La Habana,Guanabacoa,"tipo_bateria, autonomia_km","faltan campos obligatorios: tipo_bateria, autonomia_km",faltan_campos,https://www.revolico.com/search?q=bicimoto&page=7,https://www.revolico.com/item/bicimoto-electrica-jmd-por-solo-650-usdcon-envio-incluido-dependiendo-del-lugar-57585485
56607346,Bicimoto electrica VEDCA,1270.0,USD,La Habana,Arroyo Naranjo,"tipo_bateria, autonomia_km","faltan campos obligatorios: tipo_bateria, autonomia_km",faltan_campos,https://www.revolico.com/search?q=bicimoto+electrica&page=4,https://www.revolico.com/item/bicimoto-electrica-vedca-56607346
57571260,Bicimoto electrica marca Bimini* de color rojo,1200.0,USD,La Habana,Playa,"tipo_bateria, autonomia_km","faltan campos obligatorios: tipo_bateria, autonomia_km",faltan_campos,https://www.revolico.com/search?q=bicimoto&page=7,https://www.revolico.com/item/bicimoto-marca-bimini-de-color-rojo-57571260
56823521,Bicimoto electrica marca MAF,1250.0,USD,La Habana,Diez de Octubre,"tipo_bateria, autonomia_km","faltan campos obligatorios: tipo_bateria, autonomia_km",faltan_campos,https://www.revolico.com/search?q=bicimoto+electrica&page=3,https://www.revolico.com/item/bicimoto-electrica-marca-maf-56823521
56910992,Bicimoto electrica marca maf,1250.0,USD,La Habana,Cotorro,"tipo_bateria, autonomia_km","faltan campos obligatorios: tipo_bateria, autonomia_km",faltan_campos,https://www.revolico.com/search?q=bicimoto+electrica&page=3,https://www.revolico.com/item/bicimoto-electrica-marca-maf-56910992
57008971,Bicimoto electricas JMD 3000w,1500.0,USD,La Habana,Cerro,"tipo_bateria, autonomia_km","faltan campos obligatorios: tipo_bateria, autonomia_km",faltan_campos,https://www.revolico.com/search?q=bicimoto+electrica&page=6,https://www.revolico.com/item/bicimoto-electricas-jmd-3000w-57008971
57296356,Bicimoto eléctrica BUCATTI,450.0,USD,La Habana,La Lisa,"tipo_bateria, autonomia_km","faltan campos obligatorios: tipo_bateria, autonomia_km",faltan_campos,https://www.revolico.com/search?q=bicimoto+electrica&page=2,https://www.revolico.com/item/bicimoto-electrica-bucatti-57296356
57642065,Bicimoto eléctrica Bucatti Ultra,1750.0,USD,La Habana,Plaza,"tipo_bateria, autonomia_km","faltan campos obligatorios: tipo_bateria, autonomia_km",faltan_campos,https://www.revolico.com/search?q=bicimoto&page=5,https://www.revolico.com/item/bicimoto-electrica-bucatti-ultra-57642065
57303017,"Bicimoto eléctrica Bucatti Ultra, diseñado para la movilidad urbana. Motor y Potencia: Cuenta con un motor eléctrico de",2000.0,USD,La Habana,Playa,"tipo_bateria, autonomia_km","faltan campos obligatorios: tipo_bateria, autonomia_km",faltan_campos,https://www.revolico.com/search?q=bicimoto+electrica&page=2,https://www.revolico.com/item/bicimoto-electrica-bucatti-ultra-disenado-para-la-movilidad-urbana-motor-y-potencia-cuenta-con-un-motor-electrico-de-57303017
57062921,Bicimoto eléctrica Challenger,860.0,USD,La Habana,Cerro,"tipo_bateria, autonomia_km","faltan campos obligatorios: tipo_bateria, autonomia_km",faltan_campos,https://www.revolico.com/search?q=bicimoto+electrica&page=3,https://www.revolico.com/item/bicimoto-electrica-challenger-57062921
57102270,Bicimoto eléctrica DTTZH F6,1100.0,USD,La Habana,Centro Habana,"tipo_bateria, autonomia_km","faltan campos obligatorios: tipo_bateria, autonomia_km",faltan_campos,https://www.revolico.com/search?q=bicimoto+electrica&page=2,https://www.revolico.com/item/bicimoto-electrica-dttzh-f6-57102270
54300668,Bicimoto eléctrica Halcón,1650.0,USD,La Habana,Playa,"tipo_bateria, autonomia_km","faltan campos obligatorios: tipo_bateria, autonomia_km",faltan_campos,https://www.revolico.com/search?q=bicimoto+electrica&page=4,https://www.revolico.com/item/moto-electrica-halcon-54300668
57567473,Bicimoto eléctrica JMD,1610.0,USD,La Habana,Centro Habana,"tipo_bateria, autonomia_km","faltan campos obligatorios: tipo_bateria, autonomia_km",faltan_campos,https://www.revolico.com/search?q=bicimoto&page=8,https://www.revolico.com/item/bicimoto-electrica-jmd-57567473
57542158,Bicimoto eléctrica JMD,1660.0,USD,La Habana,Plaza,"tipo_bateria, autonomia_km","faltan campos obligatorios: tipo_bateria, autonomia_km",faltan_campos,https://www.revolico.com/search?q=bicimoto&page=8,https://www.revolico.com/item/bicimoto-electrica-jmd-57542158
57057347,Bicimoto eléctrica JMD,1630.0,USD,La Habana,Plaza,"tipo_bateria, autonomia_km","faltan campos obligatorios: tipo_bateria, autonomia_km",faltan_campos,https://www.revolico.com/search?q=bicimoto+electrica&page=3,https://www.revolico.com/item/bicimoto-electrica-jmd-57057347
56921096,Bicimoto eléctrica JMD,1550.0,USD,La Habana,Plaza,"tipo_bateria, autonomia_km","faltan campos obligatorios: tipo_bateria, autonomia_km",faltan_campos,https://www.revolico.com/search?q=bicimoto+electrica&page=3,https://www.revolico.com/item/bicimoto-electrica-jmd-56921096
57288508,Bicimoto eléctrica JMD 1720 usd,1720.0,USD,Villa Clara,Santa Clara,"tipo_bateria, autonomia_km","faltan campos obligatorios: tipo_bateria, autonomia_km",faltan_campos,https://www.revolico.com/search?q=bicimoto+electrica&page=2,https://www.revolico.com/item/bicimoto-electrica-jmd-1720-usd-57288508
57302800,Bicimoto eléctrica LAITUNING,660.0,USD,La Habana,Guanabacoa,"tipo_bateria, autonomia_km","faltan campos obligatorios: tipo_bateria, autonomia_km",faltan_campos,https://www.revolico.com/search?q=bicimoto+electrica&page=2,https://www.revolico.com/item/bicimoto-electrica-laituning-57302800
57642104,Bicimoto eléctrica Maf Engle,1250.0,USD,La Habana,Plaza,"tipo_bateria, autonomia_km","faltan campos obligatorios: tipo_bateria, autonomia_km",faltan_campos,https://www.revolico.com/search?q=bicimoto&page=5,https://www.revolico.com/item/bicimoto-electrica-maf-engle-57642104
57207026,Bicimoto eléctrica Protenzza Challenger,950.0,USD,La Habana,Diez de Octubre,"tipo_bateria, autonomia_km","faltan campos obligatorios: tipo_bateria, autonomia_km",faltan_campos,https://www.revolico.com/search?q=bicimoto+electrica&page=2,https://www.revolico.com/item/bicimoto-electrica-protenzza-challenger-57207026
57645352,Bicimoto eléctrica RX COMBAT,1840.0,USD,La Habana,Plaza,"tipo_bateria, autonomia_km","faltan campos obligatorios: tipo_bateria, autonomia_km",faltan_campos,https://www.revolico.com/search?q=bicimoto&page=5,https://www.revolico.com/item/bicimoto-electrica-rx-combat-57645352
56885704,Bicimoto eléctrica RX COMBAT,2280.0,USD,Santiago de Cuba,Santiago de Cuba,"tipo_bateria, autonomia_km","faltan campos obligatorios: tipo_bateria, autonomia_km",faltan_campos,https://www.revolico.com/search?q=bicimoto+electrica&page=3,https://www.revolico.com/item/bicimoto-electrica-rx-combat-56885704
56909052,Bicimoto eléctrica Topmaq Evolution 2026,1950.0,USD,La Habana,Cerro,"tipo_bateria, autonomia_km","faltan campos obligatorios: tipo_bateria, autonomia_km",faltan_campos,https://www.revolico.com/search?q=bicimoto+electrica&page=3,https://www.revolico.com/item/bicimoto-electrica-topmaq-evolution-2026-56909052
57057277,Bicimoto eléctrica Topmaq evolution 2026,1940.0,USD,La Habana,Plaza,"tipo_bateria, autonomia_km","faltan campos obligatorios: tipo_bateria, autonomia_km",faltan_campos,https://www.revolico.com/search?q=bicimoto+electrica&page=3,https://www.revolico.com/item/bicimoto-electrica-topmaq-evolution-2026-57057277
57165302,Bicimoto eléctrica VEDCA,1160.0,USD,La Habana,Boyeros,"tipo_bateria, autonomia_km","faltan campos obligatorios: tipo_bateria, autonomia_km",faltan_campos,https://www.revolico.com/search?q=bicimoto+electrica&page=2,https://www.revolico.com/item/bicimoto-electrica-vedca-57165302
56922151,Bicimoto eléctrica VEDCA,1570.0,USD,La Habana,Marianao,"tipo_bateria, autonomia_km","faltan campos obligatorios: tipo_bateria, autonomia_km",faltan_campos,https://www.revolico.com/search?q=bicimoto+electrica&page=3,https://www.revolico.com/item/bicimoto-electrica-vedca-56922151
56658049,Bicimoto eléctrica VEDCA,1340.0,USD,Artemisa,Artemisa,"tipo_bateria, autonomia_km","faltan campos obligatorios: tipo_bateria, autonomia_km",faltan_campos,https://www.revolico.com/search?q=bicimoto+electrica&page=3,https://www.revolico.com/item/bicimoto-electrica-vedca-56658049
56148156,Bicimoto eléctrica VEDCA LT,1300.0,USD,La Habana,Plaza,"tipo_bateria, autonomia_km","faltan campos obligatorios: tipo_bateria, autonomia_km",faltan_campos,https://www.revolico.com/search?q=bicimoto+electrica&page=4,https://www.revolico.com/item/bicimoto-electrica-vedca-lt-56148156
57542381,Bicimoto eléctrica VEDCA S1,1660.0,USD,La Habana,Plaza,"tipo_bateria, autonomia_km","faltan campos obligatorios: tipo_bateria, autonomia_km",faltan_campos,https://www.revolico.com/search?q=bicimoto&page=8,https://www.revolico.com/item/bicimoto-electrica-vedca-s1-57542381
57683343,Bicimoto eléctrica VEDCA Todos los detalles en la foto Garantía 15 días Transporte incluido 1550USD,1550.0,USD,La Habana,Arroyo Naranjo,"tipo_bateria, autonomia_km","faltan campos obligatorios: tipo_bateria, autonomia_km",faltan_campos,https://www.revolico.com/search?q=bicimoto&page=4,https://www.revolico.com/item/bicimoto-electrica-vedca-todos-los-detalles-en-la-foto-garantia-15-dias-transporte-incluido-1550usd-57683343
56805584,Bicimoto eléctrica Vedca,1230.0,USD,La Habana,Arroyo Naranjo,"tipo_bateria, autonomia_km","faltan campos obligatorios: tipo_bateria, autonomia_km",faltan_campos,https://www.revolico.com/search?q=bicimoto+electrica&page=3,https://www.revolico.com/item/bicimoto-electrica-vedca-56805584
56568284,Bicimoto eléctrica Vedca,1260.0,USD,La Habana,Arroyo Naranjo,"tipo_bateria, autonomia_km","faltan campos obligatorios: tipo_bateria, autonomia_km",faltan_campos,https://www.revolico.com/search?q=bicimoto+electrica&page=4,https://www.revolico.com/item/bicimoto-electrica-vedca-56568284
57102201,Bicimoto eléctrica Vedca S1,1500.0,USD,La Habana,Centro Habana,"tipo_bateria, autonomia_km","faltan campos obligatorios: tipo_bateria, autonomia_km",faltan_campos,https://www.revolico.com/search?q=bicimoto+electrica&page=3,https://www.revolico.com/item/bicimoto-electrica-vedca-s1-57102201
57407373,Bicimoto eléctrica Vedca s1,1450.0,USD,La Habana,La Lisa,"tipo_bateria, autonomia_km","faltan campos obligatorios: tipo_bateria, autonomia_km",faltan_campos,https://www.revolico.com/search?q=bicimoto+electrica&page=2,https://www.revolico.com/item/bicimoto-electrica-vedca-s1-57407373
57372520,Bicimoto eléctrica YOAZAKY 707,1640.0,USD,La Habana,Centro Habana,"tipo_bateria, autonomia_km","faltan campos obligatorios: tipo_bateria, autonomia_km",faltan_campos,https://www.revolico.com/search?q=bicimoto+electrica&page=2,https://www.revolico.com/item/bicimoto-electrica-yoazaky-707-57372520
57300687,Bicimoto eléctrica YOAZAKY GALACTICA 2026,2050.0,USD,La Habana,Playa,"tipo_bateria, autonomia_km","faltan campos obligatorios: tipo_bateria, autonomia_km",faltan_campos,https://www.revolico.com/search?q=bicimoto+electrica&page=2,https://www.revolico.com/item/bicimoto-electrica-yoazaky-galactica-2026-57300687
56813030,Bicimoto eléctrica Yoazaky 707 verde 0 km,1700.0,USD,La Habana,Plaza,"tipo_bateria, autonomia_km","faltan campos obligatorios: tipo_bateria, autonomia_km",faltan_campos,https://www.revolico.com/search?q=bicimoto+electrica&page=3,https://www.revolico.com/item/bicimoto-electrica-yoazaky-707-verde-0-km-56813030
57139217,Bicimoto eléctrica maf engle 1200 usd,1200.0,USD,La Habana,Centro Habana,"tipo_bateria, autonomia_km","faltan campos obligatorios: tipo_bateria, autonomia_km",faltan_campos,https://www.revolico.com/search?q=bicimoto+electrica&page=2,https://www.revolico.com/item/bicimoto-electrica-maf-engle-1200-usd-57139217
56881381,Bicimoto eléctrica marca MAF (MW),1250.0,USD,La Habana,Plaza,"tipo_bateria, autonomia_km","faltan campos obligatorios: tipo_bateria, autonomia_km",faltan_campos,https://www.revolico.com/search?q=bicimoto+electrica&page=3,https://www.revolico.com/item/bicimoto-electrica-marca-maf-mw-56881381
56886674,Bicimoto eléctrica marca MAF .,1250.0,USD,La Habana,Centro Habana,"tipo_bateria, autonomia_km","faltan campos obligatorios: tipo_bateria, autonomia_km",faltan_campos,https://www.revolico.com/search?q=bicimoto+electrica&page=3,https://www.revolico.com/item/bicimoto-electrica-marca-maf-56886674
57081478,Bicimoto eléctrica marca MAF . Nueva en su caja,1130.0,USD,La Habana,Centro Habana,"tipo_bateria, autonomia_km","faltan campos obligatorios: tipo_bateria, autonomia_km",faltan_campos,https://www.revolico.com/search?q=bicimoto+electrica&page=3,https://www.revolico.com/item/bicimoto-electrica-marca-maf-nueva-en-su-caja-57081478
57017049,Bicimoto eléctrica marca MAF . Nueva en su caja venta habana,1130.0,USD,La Habana,Playa,"tipo_bateria, autonomia_km","faltan campos obligatorios: tipo_bateria, autonomia_km",faltan_campos,https://www.revolico.com/search?q=bicimoto+electrica&page=3,https://www.revolico.com/item/bicimoto-electrica-marca-maf-nueva-en-su-caja-venta-habana-57017049
56935662,Bicimoto eléctrica marca MAF . Nueva en su caja🔥,1250.0,USD,La Habana,Boyeros,"tipo_bateria, autonomia_km","faltan campos obligatorios: tipo_bateria, autonomia_km",faltan_campos,https://www.revolico.com/search?q=bicimoto+electrica&page=3,https://www.revolico.com/item/bicimoto-electrica-marca-maf-nueva-en-su-caja-56935662
56920360,Bicimoto eléctrica marca MAF . Nueva en su caja🔥,1250.0,USD,La Habana,Boyeros,"tipo_bateria, autonomia_km","faltan campos obligatorios: tipo_bateria, autonomia_km",faltan_campos,https://www.revolico.com/search?q=bicimoto+electrica&page=3,https://www.revolico.com/item/bicimoto-electrica-marca-maf-nueva-en-su-caja-56920360
56781408,Bicimoto eléctrica marca MAF . Nueva en su caja🔥,1250.0,USD,La Habana,Habana del Este,"tipo_bateria, autonomia_km","faltan campos obligatorios: tipo_bateria, autonomia_km",faltan_campos,https://www.revolico.com/search?q=bicimoto+electrica&page=3,https://www.revolico.com/item/bicimoto-electrica-marca-maf-nueva-en-su-caja-56781408
57067388,Bicimoto eléctrica marca Maf,1130.0,USD,La Habana,Habana del Este,"tipo_bateria, autonomia_km","faltan campos obligatorios: tipo_bateria, autonomia_km",faltan_campos,https://www.revolico.com/search?q=bicimoto+electrica&page=3,https://www.revolico.com/item/bicimoto-electrica-marca-maf-57067388
57145283,Bicimoto eléctrica marca topmag y yoazaki galáctica último modelo,1.0,USD,La Habana,Centro Habana,"tipo_bateria, autonomia_km","faltan campos obligatorios: tipo_bateria, autonomia_km",faltan_campos,https://www.revolico.com/search?q=bicimoto+electrica&page=2,https://www.revolico.com/item/bicimoto-electrica-marca-topmag-y-yoazaki-galactica-ultimo-modelo-57145283
57288229,Bicimoto eléctrica rx combat 1950 usd,1950.0,USD,Villa Clara,Santa Clara,"tipo_bateria, autonomia_km","faltan campos obligatorios: tipo_bateria, autonomia_km",faltan_campos,https://www.revolico.com/search?q=bicimoto+electrica&page=2,https://www.revolico.com/item/bicimoto-electrica-rx-combat-1950-usd-57288229
56591470,Bicimoto eléctrica vedca,1250.0,USD,Cienfuegos,Cienfuegos,"tipo_bateria, autonomia_km","faltan campos obligatorios: tipo_bateria, autonomia_km",faltan_campos,https://www.revolico.com/search?q=bicimoto+electrica&page=4,https://www.revolico.com/item/bicimoto-electrica-vedca-56591470
57287429,Bicimoto eléctrica yoazaky 1650 usd,1650.0,USD,Villa Clara,Santa Clara,"tipo_bateria, autonomia_km","faltan campos obligatorios: tipo_bateria, autonomia_km",faltan_campos,https://www.revolico.com/search?q=bicimoto+electrica&page=2,https://www.revolico.com/item/bicimoto-electrica-yoazaky-1650-usd-57287429
56692420,Bicimoto eléctrica yoazaky 707. 1700 usd,1700.0,USD,Villa Clara,Santa Clara,"tipo_bateria, autonomia_km","faltan campos obligatorios: tipo_bateria, autonomia_km",faltan_campos,https://www.revolico.com/search?q=bicimoto+electrica&page=3,https://www.revolico.com/item/bicimoto-electrica-yoazaky-707-1700-usd-56692420
57550369,Bicimoto halcon nova 17 Gen 2026,1650.0,USD,La Habana,Playa,"tipo_bateria, autonomia_km","faltan campos obligatorios: tipo_bateria, autonomia_km",faltan_campos,https://www.revolico.com/search?q=bicimoto&page=8,https://www.revolico.com/item/bicimoto-halcon-nova-17-gen-2026-57550369
57664670,Bicimoto halcón mountain,1850.0,USD,La Habana,Centro Habana,"tipo_bateria, autonomia_km","faltan campos obligatorios: tipo_bateria, autonomia_km",faltan_campos,https://www.revolico.com/search?q=bicimoto&page=4,https://www.revolico.com/item/bicimoto-halcon-mountain-57664670
57585014,Bicimoto jmd de 48v 50amp nueva,1500.0,USD,La Habana,Boyeros,"tipo_bateria, autonomia_km","faltan campos obligatorios: tipo_bateria, autonomia_km",faltan_campos,https://www.revolico.com/search?q=bicimoto&page=7,https://www.revolico.com/item/bicimoto-jmd-de-48v-50amp-nueva-57585014
57526381,Bicimoto laituning,660.0,USD,La Habana,Diez de Octubre,"tipo_bateria, autonomia_km","faltan campos obligatorios: tipo_bateria, autonomia_km",faltan_campos,https://www.revolico.com/search?q=bicimoto&page=9,https://www.revolico.com/item/bicimoto-laituning-57526381
57455598,Bicimoto marca Challenger,840.0,USD,La Habana,Centro Habana,"tipo_bateria, autonomia_km","faltan campos obligatorios: tipo_bateria, autonomia_km",faltan_campos,https://www.revolico.com/search?q=bicimoto&page=10,https://www.revolico.com/item/bicimoto-marca-challenger-57455598
57648167,Bicimoto marca JMD 0km,1580.0,USD,La Habana,Playa,"tipo_bateria, autonomia_km","faltan campos obligatorios: tipo_bateria, autonomia_km",faltan_campos,https://www.revolico.com/search?q=bicimoto&page=5,https://www.revolico.com/item/bicimoto-marca-jmd-0km-57648167
57654950,Bicimoto marca Orix,1600.0,USD,La Habana,Centro Habana,"tipo_bateria, autonomia_km","faltan campos obligatorios: tipo_bateria, autonomia_km",faltan_campos,https://www.revolico.com/search?q=bicimoto&page=5,https://www.revolico.com/item/bicimoto-marca-orix-57654950
57645252,Bicimoto marca Rx Combat,1950.0,USD,La Habana,Centro Habana,"tipo_bateria, autonomia_km","faltan campos obligatorios: tipo_bateria, autonomia_km",faltan_campos,https://www.revolico.com/search?q=bicimoto&page=5,https://www.revolico.com/item/bicimoto-marca-rx-combat-57645252
57486940,Bicimoto marca VEDCA-S1,1500.0,USD,La Habana,Marianao,"tipo_bateria, autonomia_km","faltan campos obligatorios: tipo_bateria, autonomia_km",faltan_campos,https://www.revolico.com/search?q=bicimoto&page=9,https://www.revolico.com/item/bicimoto-marca-vedca-s1-57486940
57523518,Bicimoto marca VIVE 48 v 20 amp ❤️,800.0,USD,La Habana,Diez de Octubre,"tipo_bateria, autonomia_km","faltan campos obligatorios: tipo_bateria, autonomia_km",faltan_campos,https://www.revolico.com/search?q=bicimoto&page=9,https://www.revolico.com/item/bicimoto-marca-vive-48-v-20-amp-57523518
57487509,Bicimoto pequeña JMD,700.0,USD,La Habana,Boyeros,"tipo_bateria, autonomia_km","faltan campos obligatorios: tipo_bateria, autonomia_km",faltan_campos,https://www.revolico.com/search?q=bicimoto&page=9,https://www.revolico.com/item/bicimoto-pequena-jmd-57487509
57435156,Bicimoto pequeña JMD,700.0,USD,La Habana,Marianao,"tipo_bateria, autonomia_km","faltan campos obligatorios: tipo_bateria, autonomia_km",faltan_campos,https://www.revolico.com/search?q=bicimoto&page=10,https://www.revolico.com/item/bicimoto-pequena-jmd-57435156
57429495,Bicimoto pequeña JMD,700.0,USD,La Habana,Boyeros,"tipo_bateria, autonomia_km","faltan campos obligatorios: tipo_bateria, autonomia_km",faltan_campos,https://www.revolico.com/search?q=bicimoto&page=10,https://www.revolico.com/item/bicimoto-pequena-jmd-57429495
57467960,Bicimoto rx combat,1900.0,USD,La Habana,Habana Vieja,"tipo_bateria, autonomia_km","faltan campos obligatorios: tipo_bateria, autonomia_km",faltan_campos,https://www.revolico.com/search?q=bicimoto&page=10,https://www.revolico.com/item/bicimoto-rx-combat-57467960
57466789,Bicimoto rx combat 1950 usd,1950.0,USD,La Habana,Centro Habana,"tipo_bateria, autonomia_km","faltan campos obligatorios: tipo_bateria, autonomia_km",faltan_campos,https://www.revolico.com/search?q=bicimoto&page=10,https://www.revolico.com/item/bicimoto-rx-combat-1950-usd-57466789
57625841,Bicimoto topmaq,1000.0,USD,La Habana,Playa,"tipo_bateria, autonomia_km","faltan campos obligatorios: tipo_bateria, autonomia_km",faltan_campos,https://www.revolico.com/search?q=bicimoto&page=6,https://www.revolico.com/item/bicimoto-topmaq-57625841
57603219,Bicimoto topmaq,1.0,USD,La Habana,Cotorro,"tipo_bateria, autonomia_km","faltan campos obligatorios: tipo_bateria, autonomia_km",faltan_campos,https://www.revolico.com/search?q=bicimoto&page=6,https://www.revolico.com/item/bicimoto-topmaq-57603219
57602586,Bicimoto topmaq,1000.0,USD,La Habana,Playa,"tipo_bateria, autonomia_km","faltan campos obligatorios: tipo_bateria, autonomia_km",faltan_campos,https://www.revolico.com/search?q=bicimoto&page=6,https://www.revolico.com/item/bicimoto-topmaq-57602586
57557965,Bicimoto topmaq,1860.0,USD,La Habana,Diez de Octubre,"tipo_bateria, autonomia_km","faltan campos obligatorios: tipo_bateria, autonomia_km",faltan_campos,https://www.revolico.com/search?q=bicimoto&page=8,https://www.revolico.com/item/bicimoto-topmaq-57557965
57494276,Bicimoto topmaq,1900.0,USD,La Habana,Plaza,"tipo_bateria, autonomia_km","faltan campos obligatorios: tipo_bateria, autonomia_km",faltan_campos,https://www.revolico.com/search?q=bicimoto&page=9,https://www.revolico.com/item/bicimoto-topmaq-57494276
57449571,Bicimoto topmaq,1850.0,USD,La Habana,Playa,"tipo_bateria, autonomia_km","faltan campos obligatorios: tipo_bateria, autonomia_km",faltan_campos,https://www.revolico.com/search?q=bicimoto&page=10,https://www.revolico.com/item/bicimoto-topmaq-57449571
57641149,Bicimoto topmaq color Azul en este precio una sola 1850 USD Domicilio incluido solo Habana,1850.0,USD,La Habana,Centro Habana,"tipo_bateria, autonomia_km","faltan campos obligatorios: tipo_bateria, autonomia_km",faltan_campos,https://www.revolico.com/search?q=bicimoto&page=5,https://www.revolico.com/item/bicimoto-topmaq-color-azul-en-este-precio-una-sola-1850-usd-domicilio-incluido-solo-habana-57641149
57653517,Bicimoto topmaq evolución,1880.0,USD,La Habana,Marianao,"tipo_bateria, autonomia_km","faltan campos obligatorios: tipo_bateria, autonomia_km",faltan_campos,https://www.revolico.com/search?q=bicimoto&page=5,https://www.revolico.com/item/bicimoto-topmaq-evolucion-57653517
57506932,Bicimoto topmaq evolución,1900.0,USD,La Habana,Centro Habana,"tipo_bateria, autonomia_km","faltan campos obligatorios: tipo_bateria, autonomia_km",faltan_campos,https://www.revolico.com/search?q=bicimoto&page=9,https://www.revolico.com/item/bicimoto-topmaq-evolucion-57506932
57662729,Bicimoto topmaq evolution,1850.0,USD,La Habana,Boyeros,"tipo_bateria, autonomia_km","faltan campos obligatorios: tipo_bateria, autonomia_km",faltan_campos,https://www.revolico.com/search?q=bicimoto&page=5,https://www.revolico.com/item/bicimoto-topmaq-evolution-57662729
57503742,Bicimoto topmaq evolution,1880.0,USD,La Habana,San Miguel del Padrón,"tipo_bateria, autonomia_km","faltan campos obligatorios: tipo_bateria, autonomia_km",faltan_campos,https://www.revolico.com/search?q=bicimoto&page=9,https://www.revolico.com/item/bicimoto-topmaq-evolution-57503742
57467821,Bicimoto topmaq evolution,2050.0,USD,La Habana,Habana Vieja,"tipo_bateria, autonomia_km","faltan campos obligatorios: tipo_bateria, autonomia_km",faltan_campos,https://www.revolico.com/search?q=bicimoto&page=10,https://www.revolico.com/item/bicimoto-topmaq-evolution-57467821
57465593,Bicimoto topmaq evolution 1900 usd y 2100 usd,1900.0,USD,La Habana,Centro Habana,"tipo_bateria, autonomia_km","faltan campos obligatorios: tipo_bateria, autonomia_km",faltan_campos,https://www.revolico.com/search?q=bicimoto&page=10,https://www.revolico.com/item/bicimoto-topmaq-evolution-1900-usd-y-2100-usd-57465593
57633869,Bicimoto topmaq evolution 2026,1900.0,USD,La Habana,Playa,"tipo_bateria, autonomia_km","faltan campos obligatorios: tipo_bateria, autonomia_km",faltan_campos,https://www.revolico.com/search?q=bicimoto&page=5,https://www.revolico.com/item/bicimoto-topmaq-evolution-2026-57633869
57569322,Bicimoto topmaq evolution 2026,1860.0,USD,La Habana,Centro Habana,"tipo_bateria, autonomia_km","faltan campos obligatorios: tipo_bateria, autonomia_km",faltan_campos,https://www.revolico.com/search?q=bicimoto&page=8,https://www.revolico.com/item/bicimoto-topmaq-evolution-2026-57569322
57663681,Bicimoto vedca,1440.0,USD,La Habana,Plaza,"tipo_bateria, autonomia_km","faltan campos obligatorios: tipo_bateria, autonomia_km",faltan_campos,https://www.revolico.com/search?q=bicimoto&page=4,https://www.revolico.com/item/bicimoto-vedca-57663681
57469930,Bicimoto vedca 760 USD,760.0,USD,Villa Clara,Santa Clara,"tipo_bateria, autonomia_km","faltan campos obligatorios: tipo_bateria, autonomia_km",faltan_campos,https://www.revolico.com/search?q=bicimoto&page=10,https://www.revolico.com/item/bicimoto-vedca-760-usd-57469930
57477772,Bicimoto vedca s1,1500.0,USD,La Habana,Habana Vieja,"tipo_bateria, autonomia_km","faltan campos obligatorios: tipo_bateria, autonomia_km",faltan_campos,https://www.revolico.com/search?q=bicimoto&page=10,https://www.revolico.com/item/bicimoto-vedca-s1-57477772
57570945,Bicimoto yoazaky 707,1550.0,USD,La Habana,Centro Habana,"tipo_bateria, autonomia_km","faltan campos obligatorios: tipo_bateria, autonomia_km",faltan_campos,https://www.revolico.com/search?q=bicimoto&page=7,https://www.revolico.com/item/bicimoto-yoazaky-707-57570945
57439903,Bicimoto yoazaky 707 nuevas a estrenar por usted,1.0,USD,La Habana,La Lisa,"tipo_bateria, autonomia_km","faltan campos obligatorios: tipo_bateria, autonomia_km",faltan_campos,https://www.revolico.com/search?q=bicimoto&page=10,https://www.revolico.com/item/bicimoto-yoazaky-707-nuevas-a-estrenar-por-usted-57439903
57444034,Bicimoto yoazaky galáctica 2026 Nueva,2000.0,USD,La Habana,,"tipo_bateria, autonomia_km","faltan campos obligatorios: tipo_bateria, autonomia_km",faltan_campos,https://www.revolico.com/search?q=bicimoto&page=10,https://www.revolico.com/item/bicimoto-yoazaky-galactica-2026-nueva-57444034
57522860,"Bicimoto, bicicleta eléctrica onebot 💥💥💥💥",600.0,USD,La Habana,La Lisa,"tipo_bateria, autonomia_km","faltan campos obligatorios: tipo_bateria, autonomia_km",faltan_campos,https://www.revolico.com/search?q=bicimoto&page=9,https://www.revolico.com/item/bicimoto-bicicleta-electrica-onebot-57522860
57542717,Bicimoto/ motico Laituning,660.0,USD,La Habana,Plaza,"tipo_bateria, autonomia_km","faltan campos obligatorios: tipo_bateria, autonomia_km",faltan_campos,https://www.revolico.com/search?q=bicimoto&page=8,https://www.revolico.com/item/bicimoto-motico-laituning-57542717
55481165,"CANDADO para disco; alarma para bicicleta, motorina, moto, bicimoto, bicicleta eléctrica. Topmak, Ava, Halcón, yoazaki.",24.0,USD,La Habana,Centro Habana,"tipo_bateria, autonomia_km","faltan campos obligatorios: tipo_bateria, autonomia_km",faltan_campos,https://www.revolico.com/search?q=bicimoto+electrica&page=6,https://www.revolico.com/item/candado-para-disco-alarma-para-bicicleta-motorina-moto-bicimoto-bicicleta-electrica-topmak-ava-halcon-yoazaki-55481165
57274354,"Forro, cobertor,funda para asiento de moto,bicimoto,moto eléctrica, motorina, Topmak, Dakar, Flamingo,Ava,Susuki,An,",10.0,USD,La Habana,Plaza,"tipo_bateria, autonomia_km","faltan campos obligatorios: tipo_bateria, autonomia_km",faltan_campos,https://www.revolico.com/search?q=bicimoto+electrica&page=6,https://www.revolico.com/item/forro-cobertorfunda-para-asiento-de-motobicimotomoto-electrica-motorina-topmak-dakar-flamingoavasusukian-57274354
55516994,JMD Bicimoto eléctrica 3000w-48V-50ah 🛵⚡ HD $1550,1550.0,USD,La Habana,Marianao,"tipo_bateria, autonomia_km","faltan campos obligatorios: tipo_bateria, autonomia_km",faltan_campos,https://www.revolico.com/search?q=bicimoto+electrica&page=5,https://www.revolico.com/item/jmd-bicimoto-electrica-3000w-48v-50ah-vic-55516994
57316574,Lindas Bicicletas 20 marca Silver bike para niños de 8 a 13 años,120.0,USD,La Habana,Diez de Octubre,"tipo_bateria, autonomia_km","faltan campos obligatorios: tipo_bateria, autonomia_km",faltan_campos,https://www.revolico.com/search?q=e-bike&page=2,https://www.revolico.com/item/lindas-bicicletas-20-marca-silver-bike-para-ninos-de-8-a-13-anos-57316574
56636901,Llévate la Bicimoto 🏍TOPMAQ ELÉCTRICA nueva en caja,2100.0,USD,La Habana,Cerro,"tipo_bateria, autonomia_km","faltan campos obligatorios: tipo_bateria, autonomia_km",faltan_campos,https://www.revolico.com/search?q=bicimoto+electrica&page=6,https://www.revolico.com/item/llevate-la-bicimoto-topmaq-electrica-nueva-en-caja-56636901
56746098,Llévate la Bicimoto 🏍TOPMAQ ELÉCTRICA nueva en caja por 2100 $,2100.0,USD,La Habana,Cerro,"tipo_bateria, autonomia_km","faltan campos obligatorios: tipo_bateria, autonomia_km",faltan_campos,https://www.revolico.com/search?q=bicimoto+electrica&page=6,https://www.revolico.com/item/llevate-la-bicimoto-topmaq-electrica-nueva-en-caja-por-2100-56746098
56669010,"Llévate la Bicimoto 🏍TOPMAQ ELÉCTRICA nueva en caja por 2100 $ , se entrega armada con sus papeles y todo regla soy de",2100.0,USD,La Habana,Cerro,"tipo_bateria, autonomia_km","faltan campos obligatorios: tipo_bateria, autonomia_km",faltan_campos,https://www.revolico.com/search?q=bicimoto+electrica&page=6,https://www.revolico.com/item/llevate-la-bicimoto-topmaq-electrica-nueva-en-caja-por-2100-se-entrega-armada-con-sus-papeles-y-todo-regla-soy-de-56669010
57162432,MAF ENGLE BICIMOTO ELÉCTRICA,1120.0,USD,La Habana,Habana Vieja,"tipo_bateria, autonomia_km","faltan campos obligatorios: tipo_bateria, autonomia_km",faltan_campos,https://www.revolico.com/search?q=bicimoto+electrica&page=5,https://www.revolico.com/item/maf-engle-bicimoto-electrica-57162432
56608161,Revolico havana Artemisa BICIMOTO ELÉCTRICA JMD 🛵*,1545.0,USD,La Habana,Cerro,"tipo_bateria, autonomia_km","faltan campos obligatorios: tipo_bateria, autonomia_km",faltan_campos,https://www.revolico.com/search?q=bicimoto+electrica&page=5,https://www.revolico.com/item/revolico-havana-artemisa-bicimoto-electrica-jmd-56608161
56632909,VENDO BICICLETA ELECTRICA/BICIMOTO TOPMAQ-BRYDERK [EM],1050.0,USD,La Habana,Centro Habana,"tipo_bateria, autonomia_km","faltan campos obligatorios: tipo_bateria, autonomia_km",faltan_campos,https://www.revolico.com/search?q=bicimoto+electrica&page=5,https://www.revolico.com/item/vendo-bicicleta-electricabicimoto-topmaq-bryderk-em-56632909
56619416,VENDO BICIMOTO ELECTRICA VEDCA,1260.0,USD,La Habana,Arroyo Naranjo,"tipo_bateria, autonomia_km","faltan campos obligatorios: tipo_bateria, autonomia_km",faltan_campos,https://www.revolico.com/search?q=bicimoto+electrica&page=4,https://www.revolico.com/item/vendo-bicimoto-electrica-vedca-56619416
56632930,VENDO BICIMOTO/BICICLETA ELÉCTRICA AVA [EM],1000.0,USD,La Habana,Centro Habana,"tipo_bateria, autonomia_km","faltan campos obligatorios: tipo_bateria, autonomia_km",faltan_campos,https://www.revolico.com/search?q=bicimoto+electrica&page=5,https://www.revolico.com/item/vendo-bicimotobicicleta-electrica-ava-em-56632930
56632751,VENDO PATINETA//BICIMOTO ELECTRICA JMD [EM],800.0,USD,La Habana,Centro Habana,"tipo_bateria, autonomia_km","faltan campos obligatorios: tipo_bateria, autonomia_km",faltan_campos,https://www.revolico.com/search?q=bicimoto+electrica&page=5,https://www.revolico.com/item/vendo-patinetabicimoto-electrica-jdm-em-56632751
56632807,VENDO PATINETA/BICIMOTO ELECTRICA ORIS [EM],800.0,USD,La Habana,Centro Habana,"tipo_bateria, autonomia_km","faltan campos obligatorios: tipo_bateria, autonomia_km",faltan_campos,https://www.revolico.com/search?q=bicimoto+electrica&page=5,https://www.revolico.com/item/vendo-patinetabicimoto-electrica-oris-em-56632807
56960661,Venta de Baterías para Bicimoto Eléctrica YOAZAKY de 72 Volt x 35 Ah.0km,870.0,USD,La Habana,Arroyo Naranjo,"tipo_bateria, autonomia_km","faltan campos obligatorios: tipo_bateria, autonomia_km",faltan_campos,https://www.revolico.com/search?q=bicimoto+electrica&page=5,https://www.revolico.com/item/venta-de-baterias-para-bicimoto-electrica-yoazaky-de-72-volt-x-35-ah0km-56960661
56849980,Venta de Bicimoto Eléctrica AVA.0km,1470.0,USD,La Habana,Arroyo Naranjo,"tipo_bateria, autonomia_km","faltan campos obligatorios: tipo_bateria, autonomia_km",faltan_campos,https://www.revolico.com/search?q=bicimoto+electrica&page=5,https://www.revolico.com/item/venta-de-bicimoto-electrica-ava0km-56849980
56849918,Venta de Bicimoto Eléctrica HALCÓN MOUNTAIN 2026.0km,1670.0,USD,La Habana,Arroyo Naranjo,"tipo_bateria, autonomia_km","faltan campos obligatorios: tipo_bateria, autonomia_km",faltan_campos,https://www.revolico.com/search?q=bicimoto+electrica&page=5,https://www.revolico.com/item/venta-de-bicimoto-electrica-halcon-mountain-20260km-56849918
56849883,Venta de Bicimoto Eléctrica TOPMAQ EVOLUTIONS 2026,1920.0,USD,La Habana,Arroyo Naranjo,"tipo_bateria, autonomia_km","faltan campos obligatorios: tipo_bateria, autonomia_km",faltan_campos,https://www.revolico.com/search?q=bicimoto+electrica&page=5,https://www.revolico.com/item/venta-de-bicimoto-electrica-topmaq-evolutions-2026-56849883
56537490,Venta de Bicimoto Eléctrica marca CHALENGER. 0km,900.0,USD,La Habana,Arroyo Naranjo,"tipo_bateria, autonomia_km","faltan campos obligatorios: tipo_bateria, autonomia_km",faltan_campos,https://www.revolico.com/search?q=bici+electrica&page=2,https://www.revolico.com/item/venta-de-bicimoto-electrica-marca-chalenger-0km-56537490
57548475,Venta de Bicimoto Eléctrica marca CHALLENGER CORLEONE. 0km,850.0,USD,La Habana,Arroyo Naranjo,"tipo_bateria, autonomia_km","faltan campos obligatorios: tipo_bateria, autonomia_km",faltan_campos,https://www.revolico.com/search?q=bicimoto+electrica&page=5,https://www.revolico.com/item/venta-de-bicimoto-electrica-marca-challenger-corleone-0km-57548475
57548564,Venta de Bicimoto Eléctrica marca HALCÓN MOUNTAIN 2026. 0km.,1700.0,USD,La Habana,Arroyo Naranjo,"tipo_bateria, autonomia_km","faltan campos obligatorios: tipo_bateria, autonomia_km",faltan_campos,https://www.revolico.com/search?q=bicimoto+electrica&page=5,https://www.revolico.com/item/venta-de-bicimoto-electrica-marca-halcon-mountain-2026-0km-57548564
57548540,Venta de Bicimoto Eléctrica marca VEDCA-S1. 0km.,1500.0,USD,La Habana,Arroyo Naranjo,"tipo_bateria, autonomia_km","faltan campos obligatorios: tipo_bateria, autonomia_km",faltan_campos,https://www.revolico.com/search?q=bicimoto+electrica&page=5,https://www.revolico.com/item/venta-de-bicimoto-electrica-marca-vedca-s1-0km-57548540
57548593,Venta de Bicimoto Eléctrica marca YOAZAKY 2025. 0km,1700.0,USD,La Habana,Arroyo Naranjo,"tipo_bateria, autonomia_km","faltan campos obligatorios: tipo_bateria, autonomia_km",faltan_campos,https://www.revolico.com/search?q=bicimoto+electrica&page=5,https://www.revolico.com/item/venta-de-bicimoto-electrica-marca-yoazaky-2025-0km-57548593
57548513,"Venta de Bicimoto Eléctrica, marca MAF ENGLE. 0km",1150.0,USD,La Habana,Arroyo Naranjo,"tipo_bateria, autonomia_km","faltan campos obligatorios: tipo_bateria, autonomia_km",faltan_campos,https://www.revolico.com/search?q=bicimoto+electrica&page=5,https://www.revolico.com/item/venta-de-bicimoto-electrica-marca-maf-engle-0km-57548513
57360170,`BICICLETA ELÉCTRICA PLEGABLE PORTO BELLO,580.0,USD,La Habana,Centro Habana,"tipo_bateria, autonomia_km","faltan campos obligatorios: tipo_bateria, autonomia_km",faltan_campos,https://www.revolico.com/search?q=bicicleta+electrica&page=10,https://www.revolico.com/item/bicicleta-electrica-plegable-porto-bello-57360170
57486646,bicicleta eléctrica bucatti,950.0,USD,La Habana,Marianao,"tipo_bateria, autonomia_km","faltan campos obligatorios: tipo_bateria, autonomia_km",faltan_campos,https://www.revolico.com/search?q=bicicleta+electrica&page=9,https://www.revolico.com/item/bicicleta-electrica-bucatti-57486646
56319890,bicimoto PATINETA ELÉCTRICA MIDHA,850.0,USD,La Habana,Centro Habana,"tipo_bateria, autonomia_km","faltan campos obligatorios: tipo_bateria, autonomia_km",faltan_campos,https://www.revolico.com/search?q=bicimoto+electrica&page=5,https://www.revolico.com/item/bicimoto-patineta-electrica-midha-56319890
57540050,"bicimoto RX Combat ,K",1940.0,USD,La Habana,Diez de Octubre,"tipo_bateria, autonomia_km","faltan campos obligatorios: tipo_bateria, autonomia_km",faltan_campos,https://www.revolico.com/search?q=bicimoto&page=8,https://www.revolico.com/item/bicimoto-rx-combat-k-57540050
57543189,bicimoto bucatti de uso en buen estado,750.0,USD,La Habana,Boyeros,"tipo_bateria, autonomia_km","faltan campos obligatorios: tipo_bateria, autonomia_km",faltan_campos,https://www.revolico.com/search?q=bicimoto&page=8,https://www.revolico.com/item/bicimoto-bucatti-de-uso-en-buen-estado-57543189
57683019,⚡ BICIMOTO ELÉCTRICA LATUNING Marca: Latuning Tipo: Bicimoto / Motico Potencia: 500 W Voltaje: 48 V 720USD,720.0,USD,La Habana,Arroyo Naranjo,"tipo_bateria, autonomia_km","faltan campos obligatorios: tipo_bateria, autonomia_km",faltan_campos,https://www.revolico.com/search?q=bicimoto+electrica&page=4,https://www.revolico.com/item/bicimoto-electrica-latuning-marca-latuning-tipo-bicimoto-motico-potencia-500-w-voltaje-48-v-720usd-57683019
57441484,⚡Bicimoto Eléctrica Vedca⚡,1520.0,USD,Pinar del Río,Pinar del Río,"tipo_bateria, autonomia_km","faltan campos obligatorios: tipo_bateria, autonomia_km",faltan_campos,https://www.revolico.com/search?q=bicimoto+electrica&page=4,https://www.revolico.com/item/bicimoto-electrica-vedca-57441484
56987097,👀 *COLORES DISPONIBLES NARANJA Y ROJA* 👀 Bicimoto eléctrica marca MAF . Nueva en su caja🔥 ✅ Batería 72V x 20Amp ✅,1210.0,USD,La Habana,Centro Habana,"tipo_bateria, autonomia_km","faltan campos obligatorios: tipo_bateria, autonomia_km",faltan_campos,https://www.revolico.com/search?q=bicimoto+electrica&page=5,https://www.revolico.com/item/colores-disponibles-naranja-y-roja-bicimoto-electrica-marca-maf-nueva-en-su-caja-bateria-72v-x-20amp-56987097
56909271,🔥 **EN VENTA: BICIMOTO ELÉCTRICA BUCATTI ** 🔥,1500.0,USD,La Habana,Centro Habana,"tipo_bateria, autonomia_km","faltan campos obligatorios: tipo_bateria, autonomia_km",faltan_campos,https://www.revolico.com/search?q=bicimoto+electrica&page=5,https://www.revolico.com/item/en-venta-bicimoto-electrica-bucatti-56909271
56787987,🔥 *NUEVA MERCANCIA* Consultar con los colores disponibles* 👀 🔥Bicimoto eléctrica marca Maf $1250,1250.0,USD,La Habana,Centro Habana,"tipo_bateria, autonomia_km","faltan campos obligatorios: tipo_bateria, autonomia_km",faltan_campos,https://www.revolico.com/search?q=bicimoto+electrica&page=5,https://www.revolico.com/item/nueva-mercancia-consultar-con-los-colores-disponibles-bicimoto-electrica-marca-maf-1250-56787987
56964756,🔥 *NUEVA MERCANCIA* 🔥 👀 🔥Bicimoto eléctrica marca MAF 🔥,1130.0,USD,La Habana,San Miguel del Padrón,"tipo_bateria, autonomia_km","faltan campos obligatorios: tipo_bateria, autonomia_km",faltan_campos,https://www.revolico.com/search?q=bicimoto+electrica&page=5,https://www.revolico.com/item/nueva-mercancia-bicimoto-electrica-marca-maf-56964756
56964755,🔥 *NUEVA MERCANCIA* 🔥 👀 🔥Bicimoto eléctrica marca MAF 🔥,1130.0,USD,La Habana,San Miguel del Padrón,"tipo_bateria, autonomia_km","faltan campos obligatorios: tipo_bateria, autonomia_km",faltan_campos,https://www.revolico.com/search?q=bicimoto+electrica&page=5,https://www.revolico.com/item/nueva-mercancia-bicimoto-electrica-marca-maf-56964755
56969699,🔥Bicimoto eléctrica marca MAF . Nueva en su caja,1130.0,USD,La Habana,Playa,"tipo_bateria, autonomia_km","faltan campos obligatorios: tipo_bateria, autonomia_km",faltan_campos,https://www.revolico.com/search?q=bicimoto+electrica&page=4,https://www.revolico.com/item/bicimoto-electrica-marca-maf-nueva-en-su-caja-56969699
57070821,🔥Bicimoto eléctrica marca MAF . Nueva en su caja🔥,1130.0,USD,La Habana,Centro Habana,"tipo_bateria, autonomia_km","faltan campos obligatorios: tipo_bateria, autonomia_km",faltan_campos,https://www.revolico.com/search?q=bicimoto+electrica&page=4,https://www.revolico.com/item/bicimoto-electrica-marca-maf-nueva-en-su-caja-57070821
56926303,🔥Bicimoto eléctrica marca MAF . Nueva en su caja🔥,1130.0,USD,La Habana,Playa,"tipo_bateria, autonomia_km","faltan campos obligatorios: tipo_bateria, autonomia_km",faltan_campos,https://www.revolico.com/search?q=bicimoto+electrica&page=4,https://www.revolico.com/item/bicimoto-electrica-marca-maf-nueva-en-su-caja-56926303
57525372,"🚧 BICICLETA 🚲 MARCA SILVER BIKE Aro 20"" ENTREGA GRATIS EN DEPENDENCIA DEL LUGAR 🚧",125.0,USD,La Habana,Marianao,"tipo_bateria, autonomia_km","faltan campos obligatorios: tipo_bateria, autonomia_km",faltan_campos,https://www.revolico.com/search?q=e-bike&page=2,https://www.revolico.com/item/bicicleta-marca-silver-bike-aro-20-entrega-gratis-en-dependencia-del-lugar-57525372
57682972,🚲 Bicicleta eléctrica plegable Porto Bello Marca: Porto Bello Electric Bike Tipo: Bicicleta eléctrica plegable 550USD,550.0,USD,La Habana,Arroyo Naranjo,"tipo_bateria, autonomia_km","faltan campos obligatorios: tipo_bateria, autonomia_km",faltan_campos,https://www.revolico.com/search?q=e-bike&page=2,https://www.revolico.com/item/bicicleta-electrica-plegable-porto-bello-marca-porto-bello-electric-bike-tipo-bicicleta-electrica-plegable-550usd-57682972
56709661,🚴♂️ BICICLETA ELÉCTRICA BUCATTI – 1000W DE POTENCIA Y TECNOLOGÍA,1080.0,USD,La Habana,Habana Vieja,"tipo_bateria, autonomia_km","faltan campos obligatorios: tipo_bateria, autonomia_km",faltan_campos,https://www.revolico.com/search?q=bici+electrica&page=2,https://www.revolico.com/item/bicicleta-electrica-bucatti-1000w-de-potencia-y-tecnologia-56709661
57638449,🛵 BICIMOTO ELÉCTRICA RX COMBAT 🛵,1550.0,USD,La Habana,Diez de Octubre,"tipo_bateria, autonomia_km","faltan campos obligatorios: tipo_bateria, autonomia_km",faltan_campos,https://www.revolico.com/search?q=bicimoto+electrica&page=4,https://www.revolico.com/item/bicimoto-electrica-rx-combat-57638449
56927549,🛵Bicimoto Eléctrica Challenger Protenzza🛵,760.0,USD,La Habana,Diez de Octubre,"tipo_bateria, autonomia_km","faltan campos obligatorios: tipo_bateria, autonomia_km",faltan_campos,https://www.revolico.com/search?q=bicimoto+electrica&page=4,https://www.revolico.com/item/bicimoto-electrica-challenger-protenzza-56927549
56550015,🛵⚡️ VEDCA LT 2026 ⚡️🛵 Bicimoto eléctrica,1100.0,USD,La Habana,Playa,"tipo_bateria, autonomia_km","faltan campos obligatorios: tipo_bateria, autonomia_km",faltan_campos,https://www.revolico.com/search?q=bicimoto+electrica&page=5,https://www.revolico.com/item/vedca-lt-2026-56550015
56965315,🛵🔥 BICIMOTO MAF ENGLE — ELÉCTRICA 🔥🛵,1190.0,USD,La Habana,Arroyo Naranjo,"tipo_bateria, autonomia_km","faltan campos obligatorios: tipo_bateria, autonomia_km",faltan_campos,https://www.revolico.com/search?q=bicimoto+electrica&page=6,https://www.revolico.com/item/bicimoto-maf-engle-electrica-56965315
57683762,*BICIMOTO TOPMAQ EVOLUTION 2026*,,,La Habana,Playa,"tipo_bateria, autonomia_km, precio_usd","faltan campos obligatorios: tipo_bateria, autonomia_km, precio_usd",faltan_campos,https://www.revolico.com/search?q=bicimoto&page=4,https://www.revolico.com/item/bicimoto-topmaq-evolution-2026-57683762
56864158,*Bicicletas medida 24 sin cambios. Marca silver bike* 175usd Varios colores disponibles *Características* - Freno de,,,La Habana,Centro Habana,"tipo_bateria, autonomia_km, precio_usd","faltan campos obligatorios: tipo_bateria, autonomia_km, precio_usd",faltan_campos,https://www.revolico.com/search?q=e-bike&page=2,https://www.revolico.com/item/bicicletas-medida-24-sin-cambios-marca-silver-bike-175usd-varios-colores-disponibles-caracteristicas-freno-de-56864158
56805107,*Bicicletas medida 26 marca silver bike* 200usd *Medida 26 de montaña*,,,La Habana,Diez de Octubre,"tipo_bateria, autonomia_km, precio_usd","faltan campos obligatorios: tipo_bateria, autonomia_km, precio_usd",faltan_campos,https://www.revolico.com/search?q=e-bike&page=2,https://www.revolico.com/item/bicicletas-medida-26-marca-silver-bike-200usd-medida-26-de-montana-56805107
56864209,*Bicicletas medida 26 marca silver bike* 200usd *Medida 26 de montaña* - Freno de disco delantero y trasero - Tenedor,,,La Habana,Centro Habana,"tipo_bateria, autonomia_km, precio_usd","faltan campos obligatorios: tipo_bateria, autonomia_km, precio_usd",faltan_campos,https://www.revolico.com/search?q=e-bike&page=2,https://www.revolico.com/item/bicicletas-medida-26-marca-silver-bike-200usd-medida-26-de-montana-freno-de-disco-delantero-y-trasero-tenedor-56864209
56808468,"*Bicicletas medida 26 marca silver bike* 200usd *Medida 26 de montaña* -,A 200 usd.r",,,La Habana,Centro Habana,"tipo_bateria, autonomia_km, precio_usd","faltan campos obligatorios: tipo_bateria, autonomia_km, precio_usd",faltan_campos,https://www.revolico.com/search?q=e-bike&page=2,https://www.revolico.com/item/bicicletas-medida-26-marca-silver-bike-200usd-medida-26-de-montana-a-200-usdr-56808468
57617017,BICIMOTO BUCATTI ULTRA 2026,,,La Habana,Boyeros,"tipo_bateria, autonomia_km, precio_usd","faltan campos obligatorios: tipo_bateria, autonomia_km, precio_usd",faltan_campos,https://www.revolico.com/search?q=bicimoto&page=6,https://www.revolico.com/item/bicimoto-bucatti-ultra-2026-57617017
57593779,BICIMOTO BUCATTI ULTTA 2025,,,La Habana,Playa,"tipo_bateria, autonomia_km, precio_usd","faltan campos obligatorios: tipo_bateria, autonomia_km, precio_usd",faltan_campos,https://www.revolico.com/search?q=bicimoto&page=6,https://www.revolico.com/item/bicimoto-bucatti-ultta-2025-57593779
57561721,BICIMOTO CHALLENGER 2026 ⚙️ CARACTERÍSTICAS • 2000 W • 60 V • 20 AH • Luces LED • Alarma • ⁠Pizarra digital •,,,La Habana,Centro Habana,"tipo_bateria, autonomia_km, precio_usd","faltan campos obligatorios: tipo_bateria, autonomia_km, precio_usd",faltan_campos,https://www.revolico.com/search?q=bicimoto&page=8,https://www.revolico.com/item/bicimoto-challenger-2026-caracteristicas-2000-w-60-v-20-ah-luces-led-alarma-pizarra-digital-57561721
57619226,BICIMOTO JMD NUEVA EN SU CAJA,,,La Habana,Centro Habana,"tipo_bateria, autonomia_km, precio_usd","faltan campos obligatorios: tipo_bateria, autonomia_km, precio_usd",faltan_campos,https://www.revolico.com/search?q=bicimoto&page=6,https://www.revolico.com/item/bicimoto-jmd-nueva-en-su-caja-57619226
57593942,BICIMOTO MAF ENGLE,,,La Habana,Playa,"tipo_bateria, autonomia_km, precio_usd","faltan campos obligatorios: tipo_bateria, autonomia_km, precio_usd",faltan_campos,https://www.revolico.com/search?q=bicimoto&page=6,https://www.revolico.com/item/bicimoto-maf-engle-57593942
57562619,BICIMOTO RX COMBAT,,,La Habana,Centro Habana,"tipo_bateria, autonomia_km, precio_usd","faltan campos obligatorios: tipo_bateria, autonomia_km, precio_usd",faltan_campos,https://www.revolico.com/search?q=bicimoto&page=8,https://www.revolico.com/item/bicimoto-rx-combat-57562619
57452110,BICIMOTO TOPMAQ EVOLUTION 2026 ⚙️ CARACTERÍSTICAS • 3000 W • 48 V • 45 AH • Luces LED • Alarma,,,La Habana,Centro Habana,"tipo_bateria, autonomia_km, precio_usd","faltan campos obligatorios: tipo_bateria, autonomia_km, precio_usd",faltan_campos,https://www.revolico.com/search?q=bicimoto&page=10,https://www.revolico.com/item/bicimoto-topmaq-evolution-2026-caracteristicas-3000-w-48-v-45-ah-luces-led-alarma-57452110
57695709,BICIMOTO VEDCA S1,,,La Habana,Playa,"tipo_bateria, autonomia_km, precio_usd","faltan campos obligatorios: tipo_bateria, autonomia_km, precio_usd",faltan_campos,https://www.revolico.com/search?q=bicimoto&page=4,https://www.revolico.com/item/bicimoto-vedca-s1-57695709
57641613,BICIMOTO VEDCA S1,,,La Habana,Plaza,"tipo_bateria, autonomia_km, precio_usd","faltan campos obligatorios: tipo_bateria, autonomia_km, precio_usd",faltan_campos,https://www.revolico.com/search?q=bicimoto&page=5,https://www.revolico.com/item/bicimoto-vedca-s1-57641613
57429178,BICIMOTO YOAZAKY 707,,,La Habana,Arroyo Naranjo,"tipo_bateria, autonomia_km, precio_usd","faltan campos obligatorios: tipo_bateria, autonomia_km, precio_usd",faltan_campos,https://www.revolico.com/search?q=bicimoto&page=10,https://www.revolico.com/item/bicimoto-yoazaky-707-57429178
57429177,BICIMOTO YOAZAKY 707,,,La Habana,Arroyo Naranjo,"tipo_bateria, autonomia_km, precio_usd","faltan campos obligatorios: tipo_bateria, autonomia_km, precio_usd",faltan_campos,https://www.revolico.com/search?q=bicimoto&page=10,https://www.revolico.com/item/bicimoto-yoazaky-707-57429177
57479513,Bicimoto CHALLENGER CORLEONE,,,La Habana,Plaza,"tipo_bateria, autonomia_km, precio_usd","faltan campos obligatorios: tipo_bateria, autonomia_km, precio_usd",faltan_campos,https://www.revolico.com/search?q=bicimoto&page=10,https://www.revolico.com/item/bicimoto-challenger-corleone-57479513
56989905,Bicimoto Eléctrica 🏷 TopMaq,,,Villa Clara,Santa Clara,"tipo_bateria, autonomia_km, precio_usd","faltan campos obligatorios: tipo_bateria, autonomia_km, precio_usd",faltan_campos,https://www.revolico.com/search?q=bicimoto+electrica&page=3,https://www.revolico.com/item/bicimoto-electrica-topmaq-56989905
57598532,Bicimoto JMD $650 USD,,,La Habana,Centro Habana,"tipo_bateria, autonomia_km, precio_usd","faltan campos obligatorios: tipo_bateria, autonomia_km, precio_usd",faltan_campos,https://www.revolico.com/search?q=bicimoto&page=6,https://www.revolico.com/item/bicimoto-jmd-650-usd-57598532
57584318,Bicimoto TOPMAQ Evolution,,,La Habana,Habana Vieja,"tipo_bateria, autonomia_km, precio_usd","faltan campos obligatorios: tipo_bateria, autonomia_km, precio_usd",faltan_campos,https://www.revolico.com/search?q=bicimoto&page=7,https://www.revolico.com/item/bicimoto-topmaq-evolution-57584318
56691140,Bicimoto Topmaq,,,Villa Clara,Corralillo,"tipo_bateria, autonomia_km, precio_usd","faltan campos obligatorios: tipo_bateria, autonomia_km, precio_usd",faltan_campos,https://www.revolico.com/search?q=bici+electrica&page=3,https://www.revolico.com/item/bicimoto-topmaq-56691140
57551652,Bicimoto Vedca 48v x 15 amp 800 usd 💸,,,Villa Clara,Santa Clara,"tipo_bateria, autonomia_km, precio_usd","faltan campos obligatorios: tipo_bateria, autonomia_km, precio_usd",faltan_campos,https://www.revolico.com/search?q=bicimoto&page=8,https://www.revolico.com/item/bicimoto-vedca-48v-x-15-amp-800-usd-57551652
57598565,Bicimoto YOAZAKY 48x35ah $1700 USD,,,La Habana,Centro Habana,"tipo_bateria, autonomia_km, precio_usd","faltan campos obligatorios: tipo_bateria, autonomia_km, precio_usd",faltan_campos,https://www.revolico.com/search?q=bicimoto&page=6,https://www.revolico.com/item/bicimoto-yoazaky-48x35ah-1700-usd-57598565
57691628,Bicimoto Yoazaky 707,,,La Habana,Diez de Octubre,"tipo_bateria, autonomia_km, precio_usd","faltan campos obligatorios: tipo_bateria, autonomia_km, precio_usd",faltan_campos,https://www.revolico.com/search?q=bicimoto&page=4,https://www.revolico.com/item/bicimoto-yoazaky-707-57691628
57584624,Bicimoto Yoazaky 707,,,La Habana,Habana Vieja,"tipo_bateria, autonomia_km, precio_usd","faltan campos obligatorios: tipo_bateria, autonomia_km, precio_usd",faltan_campos,https://www.revolico.com/search?q=bicimoto&page=7,https://www.revolico.com/item/bicimoto-yoazaky-707-57584624
57584945,Bicimoto Yoazaky Evolution Galáctica 2026,,,La Habana,Habana Vieja,"tipo_bateria, autonomia_km, precio_usd","faltan campos obligatorios: tipo_bateria, autonomia_km, precio_usd",faltan_campos,https://www.revolico.com/search?q=bicimoto&page=7,https://www.revolico.com/item/bicimoto-yoazaky-evolution-galactica-2026-57584945
57457464,Bicimoto yoazaky nueva en 2000 playa,,,La Habana,Playa,"tipo_bateria, autonomia_km, precio_usd","faltan campos obligatorios: tipo_bateria, autonomia_km, precio_usd",faltan_campos,https://www.revolico.com/search?q=bicimoto&page=10,https://www.revolico.com/item/bicimoto-yoazaky-nueva-en-2000-playa-57457464
57258061,"Lindas bicicletas marca Silver bike todas las medidas 12, 16 y 20",,,La Habana,Diez de Octubre,"tipo_bateria, autonomia_km, precio_usd","faltan campos obligatorios: tipo_bateria, autonomia_km, precio_usd",faltan_campos,https://www.revolico.com/search?q=e-bike&page=2,https://www.revolico.com/item/lindas-bicicletas-marca-silver-bike-todas-las-medidas-12-16-y-20-57258061
57094990,Precio $175 usd🔺️☝️ *Bicicletas medida 24 sin cambios. Marca silver bike* *Características* - Freno de disco delante,,,La Habana,Centro Habana,"tipo_bateria, autonomia_km, precio_usd","faltan campos obligatorios: tipo_bateria, autonomia_km, precio_usd",faltan_campos,https://www.revolico.com/search?q=e-bike&page=3,https://www.revolico.com/item/precio-175-usd-bicicletas-medida-24-sin-cambios-marca-silver-bike-caracteristicas-freno-de-disco-delante-57094990
56635982,Precio 135 USD 🔺️☝️ **Bicicletas medida 20 Marca silver bike**,,,La Habana,Diez de Octubre,"tipo_bateria, autonomia_km, precio_usd","faltan campos obligatorios: tipo_bateria, autonomia_km, precio_usd",faltan_campos,https://www.revolico.com/search?q=e-bike&page=3,https://www.revolico.com/item/precio-135-usd-bicicletas-medida-20-marca-silver-bike-56635982
56635973,Precio 175 USD🔺️☝️ *Bicicletas medida 24 sin cambios. Marca silver bike,,,La Habana,Diez de Octubre,"tipo_bateria, autonomia_km, precio_usd","faltan campos obligatorios: tipo_bateria, autonomia_km, precio_usd",faltan_campos,https://www.revolico.com/search?q=e-bike&page=3,https://www.revolico.com/item/precio-175-usd-bicicletas-medida-24-sin-cambios-marca-silver-bike-56635973
56578089,Precio 175 USD🔺️☝️ *Bicicletas medida 24 sin cambios. Marca silver bike* *Características* - Freno de disco delanter,,,La Habana,Centro Habana,"tipo_bateria, autonomia_km, precio_usd","faltan campos obligatorios: tipo_bateria, autonomia_km, precio_usd",faltan_campos,https://www.revolico.com/search?q=e-bike&page=3,https://www.revolico.com/item/precio-175-usd-bicicletas-medida-24-sin-cambios-marca-silver-bike-caracteristicas-freno-de-disco-delanter-56578089
57094934,Precio 200 USD🔺️☝️ *Bicicletas medida 26 marca silver bike* *Medida 26 de montaña* - Freno de disco delantero y tras,,,La Habana,Centro Habana,"tipo_bateria, autonomia_km, precio_usd","faltan campos obligatorios: tipo_bateria, autonomia_km, precio_usd",faltan_campos,https://www.revolico.com/search?q=e-bike&page=2,https://www.revolico.com/item/precio-200-usd-bicicletas-medida-26-marca-silver-bike-medida-26-de-montana-freno-de-disco-delantero-y-tras-57094934
56957335,VENTA DE BICIMOTO ELÉCTRICA JMD,,,La Habana,Playa,"tipo_bateria, autonomia_km, precio_usd","faltan campos obligatorios: tipo_bateria, autonomia_km, precio_usd",faltan_campos,https://www.revolico.com/search?q=bicimoto+electrica&page=5,https://www.revolico.com/item/venta-de-bicimoto-electrica-jmd-56957335
56572205,"🔥 ¡EN VENTA! BICIMOTO ELÉCTRICA BUCATTI 2021 🔥 Oportunidad en Luyanó. La moto no es nueva, pero está muy bien cuidada",,,La Habana,Diez de Octubre,"tipo_bateria, autonomia_km, precio_usd","faltan campos obligatorios: tipo_bateria, autonomia_km, precio_usd",faltan_campos,https://www.revolico.com/search?q=bicimoto+electrica&page=5,https://www.revolico.com/item/en-venta-bicimoto-electrica-bucatti-2021-oportunidad-en-luyano-la-moto-no-es-nueva-pero-esta-muy-bien-cuidada-56572205
55951831,🛵⚡ ¡LLEGA MÁS LEJOS CON LA NUEVA BICIMOTO ELÉCTRICA JMD! ⚡🛵,,,La Habana,Marianao,"tipo_bateria, autonomia_km, precio_usd","faltan campos obligatorios: tipo_bateria, autonomia_km, precio_usd",faltan_campos,https://www.revolico.com/search?q=bicimoto+electrica&page=5,https://www.revolico.com/item/llega-mas-lejos-con-la-nueva-bicimoto-electrica-jmd-55951831
55951822,"🛵⚡BICIMOTO ELÉCTRICA HALCÓN - ¡POTENCIA QUE IMPRESIONA, AUTONOMÍA QUE TE LLEVA MÁS LEJOS! ⚡🛵",,,La Habana,Marianao,"tipo_bateria, autonomia_km, precio_usd","faltan campos obligatorios: tipo_bateria, autonomia_km, precio_usd",faltan_campos,https://www.revolico.com/search?q=bicimoto+electrica&page=5,https://www.revolico.com/item/bicimoto-electrica-halcon-potencia-que-impresiona-autonomia-que-te-lleva-mas-lejos-55951822
57561498,BICICLETA ELÉCTRICA BUCATTI ⚙️CARACTERÍSTICAS: • 1000 WATS • ⁠48 VOLT • ⁠22 AMP • ⁠Autonomía de 70 KM •,,,La Habana,Centro Habana,"tipo_bateria, precio_usd","faltan campos obligatorios: tipo_bateria, precio_usd",faltan_campos,https://www.revolico.com/search?q=bicicleta+electrica&page=7,https://www.revolico.com/item/bicicleta-electrica-bucatti-caracteristicas-1000-wats-48-volt-22-amp-autonomia-de-70-km-57561498
57452168,BICIMOTO HALCÓN NOVA 17 GEN 2026 ⚙️CARACTERÍSTICAS: • 3000 Wats • ⁠48 Volt • ⁠50 Ah • Autonomía de 130km •,,,La Habana,Centro Habana,"tipo_bateria, precio_usd","faltan campos obligatorios: tipo_bateria, precio_usd",faltan_campos,https://www.revolico.com/search?q=bicimoto&page=10,https://www.revolico.com/item/bicimoto-halcon-nova-17-gen-2026-caracteristicas-3000-wats-48-volt-50-ah-autonomia-de-130km-57452168
